x,y,node_id,node_len,reach_id,wse,width,dist_out,river_name
-77.80241357201677,35.232023338677806,73216000080011,157.8278070461035,73216000081,10.300000190734863,42.0,167348.97524721347,Neuse River
-77.8045865911878,35.23291175454542,73216000080021,231.79654771282466,73216000081,10.300000190734863,36.0,167580.77179492632,Neuse River
-77.80672985160336,35.23294315786649,73216000080031,183.42559371759842,73216000081,10.300000190734863,30.0,167764.1973886439,Neuse River
-77.8088544697367,35.23243414957956,73216000080041,220.1786036468448,73216000081,10.300000190734863,42.0,167984.37599229073,Neuse River
-77.81097252953492,35.23173597443944,73216000080051,190.3552803824528,73216000081,10.300000190734863,42.0,168174.7312726732,Neuse River
-77.81310361902776,35.2314313402992,73216000080061,214.00664786788127,73216000081,10.300000190734863,33.0,168388.73792054108,Neuse River
-77.81525804278829,35.23177150082637,73216000080071,186.92247668139896,73216000081,10.300000190734863,54.0,168575.66039722247,Neuse River
-77.81724876953808,35.2321501202264,73216000080081,184.01835970507219,73216000081,10.300000190734863,46.5,168759.67875692755,Neuse River
-77.81923202902857,35.232327901625,73216000080091,185.20589146548423,73216000081,10.300000190734863,54.0,168944.88464839302,Neuse River
-77.82105907125833,35.232744984655284,73216000080101,158.05642868836696,73216000081,10.300000190734863,36.0,169102.9410770814,Neuse River
-77.82288051001947,35.23298059483686,73216000080111,196.82278356640296,73216000081,10.300000190734863,42.0,169299.7638606478,Neuse River
-77.8249843860007,35.23189623832543,73216000080121,232.55183700805375,73216000081,10.300000190734863,36.0,169532.31569765587,Neuse River
-77.82712197393764,35.23176517118711,73216000080131,189.00093835497998,73216000081,10.300000190734863,65.0,169721.31663601083,Neuse River
-77.82913621302687,35.23282671954337,73216000080141,224.8859850220324,73216000081,10.350000381469727,54.0,169946.20262103286,Neuse River
-77.83122204671028,35.233102392563076,73216000080151,206.29609984282337,73216000081,10.40000057220459,30.0,170152.4987208757,Neuse River
-77.8304101910986,35.23155306478734,73216000080161,226.98491516165055,73216000081,10.40000057220459,42.0,170379.48363603736,Neuse River
-77.82941393979871,35.230035370094036,73216000080171,208.31555727523076,73216000081,10.40000057220459,58.5,170587.7991933126,Neuse River
-77.83118080861874,35.230020779384276,73216000080181,157.46163306064733,73216000081,10.40000057220459,48.0,170745.26082637324,Neuse River
-77.8329918670137,35.22997837294402,73216000080191,199.13164078413678,73216000081,10.40000057220459,36.0,170944.39246715736,Neuse River
-77.8350870526781,35.228631353262145,73216000080201,251.46057356472562,73216000081,10.40000057220459,42.0,171195.85304072208,Neuse River
-77.83720758264235,35.22801378736311,73216000080211,184.61009834190503,73216000081,10.40000057220459,42.0,171380.463139064,Neuse River
-77.839181339893,35.22792112027264,73216000080221,181.7060137356945,73216000081,10.700000762939453,42.0,171562.16915279967,Neuse River
-77.84117771300501,35.228461396458414,73216000080231,207.91013687313858,73216000081,11.0,42.0,171770.07928967284,Neuse River
-77.84317882729351,35.229128973383474,73216000080241,185.13787603807796,73216000081,11.0,60.0,171955.2171657109,Neuse River
-77.84515354150236,35.229070980206515,73216000080251,181.111529187617,73216000081,11.0,45.0,172136.32869489852,Neuse River
-77.84712447148817,35.22890102645354,73216000080261,182.29904537460868,73216000081,11.0,60.0,172318.62774027314,Neuse River
-77.8490972808936,35.22876182637118,73216000080271,181.70497589804987,73216000081,11.0,60.0,172500.3327161712,Neuse River
-77.85107102784825,35.22866123715576,73216000080281,181.70476684800727,73216000081,11.0,48.0,172682.03748301917,Neuse River
-77.85320656362212,35.22844494223975,73216000080291,214.00168803087382,73216000081,11.0,45.0,172896.03917105007,Neuse River
-77.8553307190484,35.2279658727809,73216000080301,186.91814479602914,73216000081,11.0,36.0,173082.95731584608,Neuse River
-77.85714074610627,35.227896089822224,73216000080311,154.02701216425356,73216000081,11.0,42.0,173236.98432801035,Neuse River
-77.85896499595174,35.22823154269645,73216000080321,185.20162509843567,73216000081,11.0,42.0,173422.18595310877,Neuse River
-77.86111852811676,35.2285591790482,73216000080331,214.06615381442606,73216000081,11.0,48.0,173636.2521069232,Neuse River
-77.86327017525517,35.22883274108595,73216000080341,188.0395407589056,73216000081,11.0,30.0,173824.2916476821,Neuse River
-77.86542373543712,35.229152497895754,73216000080351,211.09634457774456,73216000081,11.0,42.0,174035.38799225984,Neuse River
-77.8675716020027,35.22932571372529,73216000080361,186.9168132512979,73216000081,11.0,42.0,174222.30480551114,Neuse River
-77.86973470879128,35.22992336634679,73216000080371,238.4874144609138,73216000081,11.0,42.0,174460.79221997206,Neuse River
-77.8717408307499,35.23074102553571,73216000080381,161.48400047155874,73216000081,11.0,42.0,174622.27622044363,Neuse River
-77.87374317709377,35.23145058072383,73216000080391,257.7512740004895,73216000081,11.0,42.0,174880.0274944441,Neuse River
-77.87577418388926,35.23297061449133,73216000080401,212.0381708604407,73216000081,11.0,42.0,175092.06566530454,Neuse River
-77.87767546071821,35.23454777840426,73216000080411,276.82364007946205,73216000081,11.0,42.0,175368.88930538401,Neuse River
-77.87968037831703,35.236257641200154,73216000080421,254.44523969108735,73216000081,11.0,42.0,175623.3345450751,Neuse River
-77.88145008745377,35.2378378741692,73216000080431,218.01594564926643,73216000081,11.0,67.0,175841.35049072438,Neuse River
-77.88252353751663,35.23929947835813,73216000080441,172.1768244865792,73216000081,11.0,54.0,176013.52731521096,Neuse River
-77.88247736548517,35.2407877638157,73216000080451,214.7477573045122,73216000081,11.0,45.0,176228.27507251548,Neuse River
-77.88068155933581,35.242318423756956,73216000080461,234.17336539701122,73216000081,11.0,42.0,176462.44843791248,Neuse River
-77.88091262484642,35.24406981831139,73216000080471,190.71073762346518,73216000081,11.0,42.0,176653.15917553596,Neuse River
-77.88179334035925,35.245671216245114,73216000080481,188.40068908661087,73216000081,11.0,45.0,176841.55986462254,Neuse River
-77.88149325567758,35.24743594873558,73216000080491,224.6367237656068,73216000081,11.0,54.0,177066.19658838815,Neuse River
-77.88022370951784,35.24881818063414,73216000080501,158.49246651078323,73216000081,11.0,36.0,177224.68905489895,Neuse River
-77.8795187988558,35.250322153645754,73216000080511,199.12666319508878,73216000081,11.0,54.0,177423.81571809403,Neuse River
-77.87842341302976,35.2519706175154,73216000080521,213.2524973618444,73216000081,11.0,54.0,177637.06821545586,Neuse River
-77.87729027064493,35.253484772114824,73216000080531,178.2824578530658,73216000081,11.0,48.0,177815.35067330895,Neuse River
-77.87661343087107,35.25485286295252,73216000080541,158.05103435375224,73216000081,11.0,49.5,177973.40170766268,Neuse River
-77.8762000710817,35.256214682877754,73216000080551,154.6188363342834,73216000081,11.0,48.0,178128.02054399697,Neuse River
-77.87618195766666,35.25756709983838,73216000080561,160.13077703910108,73216000081,11.0,42.0,178288.15132103607,Neuse River
-77.87734772858317,35.25883726831825,73216000080571,184.10151230875437,73216000081,11.0,30.0,178472.25283334483,Neuse River
-77.87901378711004,35.259300052433126,73216000080581,155.7412513231589,73216000081,11.0,42.0,178627.994084668,Neuse River
-77.88096140875912,35.25848081742833,73216000080591,241.83137442364716,73216000081,11.0,36.0,178869.82545909163,Neuse River
-77.8815694526387,35.25676305572686,73216000080601,181.1072716765976,73216000081,11.0,42.0,179050.93273076823,Neuse River
-77.88233067557671,35.25525750087759,73216000080611,201.87752996580468,73216000081,11.0,54.0,179252.81026073403,Neuse River
-77.88416137152417,35.25499502538224,73216000080621,202.15299971571523,73216000081,11.0,51.0,179454.96326044976,Neuse River
-77.8837657500469,35.256712797569804,73216000080631,182.39520678199642,73216000081,11.0,48.0,179637.35846723174,Neuse River
-77.88520123221154,35.257259722497565,73216000080641,209.77428589833272,73216000081,11.0,42.0,179847.13275313008,Neuse River
-77.8867323297275,35.25853244569011,73216000080651,210.57796749649165,73216000081,11.0,54.0,180057.71072062658,Neuse River
-77.88854042046178,35.260246836952554,73216000080661,259.4643631914141,73216000081,11.600000381469727,39.0,180317.175083818,Neuse River
-77.88846815117725,35.26192501929092,73216000080671,190.70151395080669,73216000081,12.0,36.0,180507.8765977688,Neuse River
-77.88746971571294,35.26351716685547,73216000080681,218.6169266658154,73216000081,12.300000190734863,46.5,180726.49352443463,Neuse River
-77.88690618877996,35.265289772573496,73216000080691,188.63046931488097,73216000081,12.300000190734863,48.0,180915.1239937495,Neuse River
-77.88772619289153,35.26702618915942,73216000080701,226.27392561965019,73216000081,12.300000190734863,36.0,181141.39791936913,Neuse River
-77.88709197120411,35.26866371282698,73216000080711,211.41348635710062,73216000081,12.300000190734863,42.0,181352.81140572624,Neuse River
-77.8860604915279,35.270256639242085,73216000080721,218.65278414602227,73216000081,12.300000190734863,58.5,181571.46418987226,Neuse River
-77.88812150694336,35.269801823153124,73216000080731,214.0096221096643,73216000081,12.300000190734863,42.0,181785.47381198194,Neuse River
-77.89006254311693,35.26877411014658,73216000080741,197.77337527115301,73216000081,12.300000190734863,42.0,181983.2471872531,Neuse River
-77.89216289376706,35.269407768066486,73216000080751,232.45671022027864,73216000081,12.300000190734863,36.0,182215.70389747337,Neuse River
-77.89242109822595,35.271105081900316,73216000080761,188.03603270591725,73216000081,12.300000190734863,54.0,182403.7399301793,Neuse River
-77.89205941562275,35.27260202675873,73216000080771,154.02359945686723,73216000081,12.300000190734863,33.0,182557.76352963614,Neuse River
-77.89338627084379,35.27413745152485,73216000080781,259.8476083458625,73216000081,12.300000190734863,42.0,182817.61113798202,Neuse River
-77.8955488262412,35.274672646724824,73216000080791,181.1063728656096,73216000081,12.300000190734863,30.0,182998.7175108476,Neuse River
-77.89751972107516,35.274471075024984,73216000080801,187.35535344512118,73216000081,12.300000190734863,36.0,183186.07286429274,Neuse River
-77.89875734931937,35.27311646784227,73216000080811,192.4249937214774,73216000081,12.300000190734863,54.0,183378.49785801422,Neuse River
-77.89900085828866,35.27148837448862,73216000080821,181.10546631113615,73216000081,12.300000190734863,45.0,183559.60332432535,Neuse River
-77.89900412878507,35.269865810936366,73216000080831,186.31920111082977,73216000081,12.300000190734863,36.0,183745.92252543618,Neuse River
-77.8982545545064,35.2682614139502,73216000080841,192.06140956677336,73216000081,12.300000190734863,36.0,183937.98393500297,Neuse River
-77.89784405213746,35.266649114825086,73216000080851,185.19706573142025,73216000081,12.300000190734863,48.0,184123.1810007344,Neuse River
-77.89860017452898,35.26500838615867,73216000080861,218.77182244139212,73216000081,12.300000190734863,42.0,184341.95282317576,Neuse River
-77.90058756214339,35.26341946792313,73216000080871,265.3771072376256,73216000081,12.300000190734863,42.0,184607.3299304134,Neuse River
-77.90269297369443,35.262368474550684,73216000080881,191.3026630047052,73216000081,12.300000190734863,51.0,184798.6325934181,Neuse River
-77.90481955739968,35.261911805609714,73216000080891,219.2090487426339,73216000081,12.300000190734863,42.0,185017.84164216073,Neuse River
-77.90694032088896,35.26129300267732,73216000080901,186.3187791379154,73216000081,12.300000190734863,42.0,185204.16042129864,Neuse River
-77.9090861739303,35.261306699530365,73216000080911,212.87259552883557,73216000081,12.300000190734863,46.5,185417.03301682748,Neuse River
-77.91122719339357,35.26130918357283,73216000080921,180.5108059486937,73216000081,12.300000190734863,30.0,185597.54382277618,Neuse River
-77.9133740139434,35.26143557084898,73216000080931,222.40979331948796,73216000081,12.300000190734863,36.0,185819.95361609565,Neuse River
-77.91554020729663,35.26208637513339,73216000080941,190.34380025051095,73216000081,12.300000190734863,42.0,186010.29741634618,Neuse River
-77.91770061736034,35.262575043202176,73216000080951,219.2073788502379,73216000081,12.300000190734863,42.0,186229.5047951964,Neuse River
-77.91986493090099,35.263171734796444,73216000090011,157.45355918571812,73216000091,12.300000190734863,36.0,186386.95835438214,Neuse River
-77.92200985968661,35.26325194882383,73216000090021,211.6833003273257,73216000091,12.300000190734863,45.0,186598.64165470944,Neuse River
-77.92416644574251,35.263608554258724,73216000090031,193.01628329195398,73216000091,12.300000190734863,42.0,186791.65793800142,Neuse River
-77.92633277063466,35.264259158040346,73216000090041,219.20626419338322,73216000091,12.300000190734863,42.0,187010.8642021948,Neuse River
-77.92848161597007,35.264431416969785,73216000090051,181.10280243727058,73216000091,12.300000190734863,30.0,187191.96700463205,Neuse River
-77.93063046730123,35.264571708067564,73216000090061,211.68222231186218,73216000091,12.300000190734863,36.0,187403.64922694393,Neuse River
-77.932604884696,35.26452377080844,73216000090071,151.1165754951182,73216000091,12.300000190734863,68.5,187554.76580243904,Neuse River
-77.93444384445377,35.26519819706748,73216000090081,228.30362272045755,73216000091,12.300000190734863,84.0,187783.06942515948,Neuse River
-77.93646021632381,35.266257843529665,73216000090091,209.8141442183499,73216000091,12.300000190734863,42.0,187992.88356937785,Neuse River
-77.93813552173502,35.267001274556584,73216000090101,134.529095619928,73216000091,12.300000190734863,42.0,188127.41266499777,Neuse River
-77.93964322409505,35.267667639842024,73216000090111,193.15037004979536,73216000091,12.300000190734863,51.0,188320.56303504758,Neuse River
-77.94061831608656,35.26893874161365,73216000090121,141.03385836046843,73216000091,12.300000190734863,42.0,188461.59689340804,Neuse River
-77.93936460370817,35.26908045193116,73216000090131,151.70978054614693,73216000091,12.300000190734863,42.0,188613.30667395418,Neuse River
-77.93755674914031,35.26923255365813,73216000090141,196.80967752200334,73216000091,12.300000190734863,45.0,188810.1163514762,Neuse River
-77.93593918390896,35.270462049049286,73216000090151,176.9344779576023,73216000091,12.300000190734863,42.0,188987.05082943378,Neuse River
-77.93681909435325,35.27162992550114,73216000090161,179.11176943237666,73216000091,12.300000190734863,51.0,189166.16259886615,Neuse River
-77.93784250292839,35.27284702094264,73216000090171,162.43416507679837,73216000091,12.300000190734863,48.0,189328.59676394297,Neuse River
-77.93750088265328,35.274073924524096,73216000090181,127.46594756722499,73216000091,12.300000190734863,42.0,189456.0627115102,Neuse River
-77.93734227121618,35.27543030077548,73216000090191,188.9884199847507,73216000091,12.300000190734863,30.0,189645.05113149495,Neuse River
-77.93865174766688,35.27672282810789,73216000090201,187.5263325004263,73216000091,12.300000190734863,63.0,189832.57746399537,Neuse River
-77.94015112643322,35.27806536242833,73216000090211,204.03611637931905,73216000091,12.300000190734863,42.0,190036.6135803747,Neuse River
-77.93941809831949,35.27967850008796,73216000090221,229.0188811864561,73216000091,12.300000190734863,36.0,190265.63246156115,Neuse River
-77.93729324770752,35.280189821020784,73216000090231,182.88336952219936,73216000091,12.300000190734863,30.0,190448.51583108335,Neuse River
-77.935160562626,35.28048498223675,73216000090241,211.0878499092309,73216000091,12.300000190734863,65.0,190659.6036809926,Neuse River
-77.93302005954148,35.280563982092495,73216000090251,183.41222270665168,73216000091,12.300000190734863,48.0,190843.0159036992,Neuse River
-77.93164918860045,35.281655154356805,73216000090261,209.91971756236885,73216000091,12.300000190734863,54.0,191052.9356212616,Neuse River
-77.93307368437326,35.282049835922535,73216000090271,120.53697351533211,73216000091,12.300000190734863,42.0,191173.47259477692,Neuse River
-77.93487988441547,35.281843756357084,73216000090281,211.68176550418454,73216000091,12.300000190734863,42.0,191385.1543602811,Neuse River
-77.93703115672022,35.28206189144598,73216000090291,190.34144713255975,73216000091,12.300000190734863,39.0,191575.49580741368,Neuse River
-77.93920393350234,35.28287432601139,73216000090301,245.5407989981345,73216000091,12.300000190734863,36.0,191821.0366064118,Neuse River
-77.94119960419539,35.284258851390106,73216000090311,220.10755761232963,73216000091,12.300000190734863,42.0,192041.14416402412,Neuse River
-77.94251028978853,35.28584929436401,73216000090321,213.24457176970955,73216000091,12.300000190734863,42.0,192254.38873579385,Neuse River
-77.94365628622785,35.2874437328951,73216000090331,201.79270041625688,73216000091,13.500000476837158,36.0,192456.1814362101,Neuse River
-77.94463758443968,35.289042172080876,73216000090341,196.445701110334,73216000091,13.90000057220459,36.0,192652.62713732044,Neuse River
-77.94575072140691,35.29063738850938,73216000090351,213.24417661095126,73216000091,13.90000057220459,42.0,192865.8713139314,Neuse River
-77.94685900344712,35.292097516627564,73216000090361,165.10751112629512,73216000091,13.90000057220459,42.0,193030.97882505768,Neuse River
-77.94727536203919,35.293574509977596,73216000090371,184.59788642789727,73216000091,13.90000057220459,42.0,193215.57671148557,Neuse River
-77.94796025024768,35.29518014603889,73216000090381,192.0558474265939,73216000091,13.90000057220459,42.0,193407.63255891218,Neuse River
-77.94913944716592,35.2967737147966,73216000090391,231.549375117365,73216000091,13.90000057220459,51.0,193639.18193402953,Neuse River
-77.9506482172701,35.2983592237683,73216000090401,199.11776205519067,73216000091,13.90000057220459,42.0,193838.29969608472,Neuse River
-77.95122944979124,35.29983217389459,73216000090411,159.7602316685398,73216000091,13.90000057220459,39.0,193998.05992775326,Neuse River
-77.95197547391619,35.301301094748865,73216000090421,190.33936710443888,73216000091,13.90000057220459,54.0,194188.3992948577,Neuse River
-77.95246280334035,35.302911526064506,73216000090431,181.69364979256048,73216000091,13.90000057220459,42.0,194370.09294465027,Neuse River
-77.95226301041697,35.304673939654435,73216000090441,225.67157193444714,73216000091,13.90000057220459,39.0,194595.76451658472,Neuse River
-77.95077695275694,35.30644073248162,73216000090451,227.54356555677305,73216000091,13.90000057220459,36.0,194823.30808214148,Neuse River
-77.94883394137085,35.30743453122267,73216000090461,207.13932535430112,73216000091,13.90000057220459,54.0,195030.44740749578,Neuse River
-77.9473252031141,35.30857994120233,73216000090471,170.08231907030722,73216000091,13.90000057220459,45.0,195200.5297265661,Neuse River
-77.94645633718815,35.310088276428594,73216000090481,201.79244404652383,73216000091,13.90000057220459,48.0,195402.3221706126,Neuse River
-77.94539949423086,35.31187157841268,73216000090491,248.9710729104391,73216000091,13.90000057220459,42.0,195651.29324352305,Neuse River
-77.94414485307445,35.31365969198995,73216000090501,201.79273960261276,73216000091,13.90000057220459,43.5,195853.08598312567,Neuse River
-77.94284740392715,35.315178446181214,73216000090511,222.49486727086602,73216000091,13.90000057220459,45.0,196075.58085039654,Neuse River
-77.94128622533978,35.31670360836506,73216000090521,205.2237741634578,73216000091,13.90000057220459,36.0,196280.80462456,Neuse River
-77.94167164033121,35.31823544730878,73216000090531,200.15456622576193,73216000091,13.90000057220459,42.0,196480.95919078577,Neuse River
-77.94348483950193,35.31911060928494,73216000090541,166.82430867497908,73216000091,13.90000057220459,48.0,196647.78349946073,Neuse River
-77.94531829215259,35.31963374251228,73216000090551,189.58201324952347,73216000091,13.90000057220459,52.5,196837.36551271027,Neuse River
-77.94713999365554,35.31982462549391,73216000090561,151.70927324493113,73216000091,13.90000057220459,54.0,196989.0747859552,Neuse River
-77.94894697703445,35.31962633849257,73216000090571,181.10080778717216,73216000091,13.90000057220459,42.0,197170.17559374234,Neuse River
-77.95108552496693,35.31946596250336,73216000090581,214.58357044903212,73216000091,13.90000057220459,42.0,197384.7591641914,Neuse River
-77.95335740703533,35.31843704453955,73216000090591,271.2814099346673,73216000091,13.90000057220459,42.0,197656.04057412606,Neuse River
-77.95545557481412,35.31716898466506,73216000090601,193.9702883963914,73216000091,13.90000057220459,36.0,197850.01086252244,Neuse River
-77.95759895936938,35.317143570929,73216000090611,218.0147688100484,73216000091,13.90000057220459,30.0,198068.0256313325,Neuse River
-77.95991009487442,35.31719512575839,73216000090621,211.6787569221599,73216000091,13.90000057220459,30.0,198279.70438825467,Neuse River
-77.96205248696371,35.31714261807963,73216000090631,179.91172868965526,73216000091,15.175000190734863,42.0,198459.61611694432,Neuse River
-77.96403106141148,35.317129215569345,73216000090641,181.69297808079136,73216000091,15.600000381469727,36.0,198641.3090950251,Neuse River
-77.96602839047378,35.31761288723267,73216000090651,199.7023008342284,73216000091,15.600000381469727,33.0,198841.01139585933,Neuse River
-77.96755998695123,35.31890017599261,73216000090661,200.00991123078165,73216000091,15.600000381469727,39.0,199041.02130709012,Neuse River
-77.9693292775635,35.320370873055836,73216000090671,255.1510681850001,73216000091,15.649999618530273,42.0,199296.1723752751,Neuse River
-77.97146417652965,35.32191366601583,73216000090681,254.43180451633066,73216000091,15.699999809265137,42.0,199550.60417979144,Neuse River
-77.97350125967768,35.32348586544448,73216000090691,250.42582726708838,73216000091,15.699999809265137,36.0,199801.03000705852,Neuse River
-77.97510495396973,35.3249335092523,73216000090701,188.56635962038433,73216000091,15.699999809265137,42.0,199989.59636667892,Neuse River
-77.9763461116726,35.326390062934465,73216000090711,224.10873212027786,73216000091,15.699999809265137,42.0,200213.7050987992,Neuse River
-77.97838836094013,35.32809723990434,73216000090721,280.8132517979521,73216000091,15.699999809265137,36.0,200494.51835059715,Neuse River
-77.98010105247383,35.329812510653014,73216000090731,230.97088824278453,73216000091,15.699999809265137,42.0,200725.48923883992,Neuse River
-77.98203960723285,35.331386986008155,73216000090741,254.43023014379156,73216000091,16.100000381469727,42.0,200979.91946898372,Neuse River
-77.9839782371852,35.33296142624894,73216000090751,238.40733635939043,73216000091,16.5,42.0,201218.32680534312,Neuse River
-77.98535154536735,35.33441461416757,73216000090761,171.20852577716727,73216000091,16.5,42.0,201389.53533112028,Neuse River
-77.98609853645482,35.33588327073498,73216000090771,204.175016337499,73216000091,16.5,36.0,201593.7103474578,Neuse River
-77.98801844347356,35.33694437091499,73216000090781,222.99399296213792,73216000091,16.5,36.0,201816.7043404199,Neuse River
-77.99017624231914,35.33730062816691,73216000090791,186.30979544934203,73216000091,16.850000381469727,48.0,202003.01413586925,Neuse River
-77.99233804417861,35.337740403500675,73216000090801,215.10668698780697,73216000091,17.200000762939453,30.0,202218.12082285708,Neuse River
-77.9944759282766,35.337568562881444,73216000090811,186.3093108422078,73216000091,16.850000381469727,39.0,202404.43013369926,Neuse River
-77.99660182185124,35.337056183346824,73216000090821,214.04939520136813,73216000091,16.5,48.0,202618.47952890064,Neuse River
-77.99889152010175,35.336512661342546,73216000090831,220.91302385618033,73216000091,16.5,46.5,202839.39255275682,Neuse River
-78.00063657919658,35.335584640070415,73216000120011,346.29398137956855,73216000121,16.5,365.0,203185.68653413636,Neuse River
-78.00503223903726,35.33152678160308,73216000120021,421.63788869249595,73216000121,16.5,63.0,203607.32442282885,Neuse River
-78.00702009019102,35.33128116026204,73216000120031,211.0807394065542,73216000121,16.5,48.0,203818.4051622354,Neuse River
-78.00932761951998,35.33136282361781,73216000120041,210.48722400558069,73216000121,16.5,60.0,204028.892386241,Neuse River
-78.01146933593606,35.33144287052217,73216000120051,188.98327880467602,73216000121,16.75,43.5,204217.87566504566,Neuse River
-78.01341540112978,35.33235623819316,73216000120061,204.4613640639912,73216000121,16.5,60.0,204422.33702910965,Neuse River
-78.01553329784643,35.33308455114561,73216000120071,219.5624468638826,73216000121,16.5,48.0,204641.89947597354,Neuse River
-78.01749137181326,35.33367368828753,73216000120081,175.59843420509497,73216000121,16.5,84.0,204817.49791017864,Neuse River
-78.01926677529511,35.334744981578794,73216000120091,220.10272275113266,73216000121,16.5,63.0,205037.60063292977,Neuse River
-78.02104421061829,35.33576222276917,73216000120101,178.27218810043323,73216000121,16.5,63.0,205215.8728210302,Neuse River
-78.022818716887,35.33686048222229,73216000120111,223.53450737822627,73216000121,16.5,63.0,205439.40732840842,Neuse River
-78.02418477066342,35.338300156416636,73216000120121,195.0897703442523,73216000121,16.5,77.0,205634.49709875268,Neuse River
-78.02501544580261,35.339942939045876,73216000120131,207.89384263026625,73216000121,16.5,48.0,205842.39094138294,Neuse River
-78.02644455504509,35.34146525839417,73216000120141,204.01493641478297,73216000121,16.5,42.0,206046.40587779772,Neuse River
-78.02749619160146,35.34297863759774,73216000120151,195.08943775673953,73216000121,16.5,68.5,206241.49531555446,Neuse River
-78.02666528143389,35.34444494450456,73216000120161,212.97851653669682,73216000121,16.5,57.0,206454.47383209117,Neuse River
-78.02450236794267,35.34493244790633,73216000120171,192.4168418263048,73216000121,16.5,48.0,206646.89067391746,Neuse River
-78.0234867109971,35.3462563453582,73216000120181,214.84629403002987,73216000121,16.5,60.0,206861.7369679475,Neuse River
-78.02415754200297,35.348033393398815,73216000120191,193.76885242394454,73216000121,16.5,51.0,207055.50582037144,Neuse River
-78.02492235664694,35.349674554219156,73216000120201,201.78914631601893,73216000121,16.5,42.0,207257.29496668748,Neuse River
-78.02509863724221,35.35108762009108,73216000120211,196.66767724929318,73216000121,16.5,80.0,207453.96264393674,Neuse River
-78.02295636968444,35.35109431676719,73216000120221,190.47044562862263,73216000121,16.5,43.5,207644.43308956537,Neuse River
-78.02115816183887,35.352420814077725,73216000120231,234.61046425575563,73216000121,16.5,60.0,207879.04355382113,Neuse River
-78.02122552396601,35.354179983128944,73216000120241,188.02666422998317,73216000121,16.5,65.0,208067.0702180511,Neuse River
-78.02163256483479,35.355947285527044,73216000120251,212.2697632673909,73216000121,16.5,63.0,208279.3399813185,Neuse River
-78.02145917560304,35.35770076044219,73216000120261,199.47820486017278,73216000121,16.5,48.0,208478.8181861787,Neuse River
-78.02064114082172,35.35930045182813,73216000120271,193.00985338554918,73216000121,16.550000190734863,45.0,208671.82803956422,Neuse River
-78.02190062943384,35.360956276168885,73216000120281,217.89200539389944,73216000121,16.700000762939453,52.5,208889.72004495814,Neuse River
-78.0210684581221,35.362044329237506,73216000120291,202.2039975560904,73216000121,16.700000762939453,68.0,209091.92404251423,Neuse River
-78.02022831597296,35.36334848736344,73216000120301,180.83515760323195,73216000121,16.700000762939453,46.5,209272.75920011746,Neuse River
-78.01964402400806,35.36487526259789,73216000120311,225.1675164038636,73216000121,16.700000762939453,42.0,209497.92671652132,Neuse River
-78.01814026599021,35.366271175825425,73216000120321,194.13182174711025,73216000121,16.700000762939453,69.0,209692.05853826844,Neuse River
-78.01751183165517,35.36795676217577,73216000120331,202.72181201968246,73216000121,16.700000762939453,80.0,209894.7803502881,Neuse River
-78.0192148425615,35.36756851973057,73216000120341,185.13470965775412,73216000121,16.700000762939453,68.0,210079.91505994587,Neuse River
-78.02121548413325,35.367106690000554,73216000120351,214.8464564328188,73216000121,16.700000762939453,45.0,210294.76151637867,Neuse River
-78.0217544928914,35.36852346378116,73216000120361,188.02678301143877,73216000121,16.700000762939453,48.0,210482.78829939011,Neuse River
-78.02103031357447,35.37026310194478,73216000120371,216.06535174851237,73216000121,16.700000762939453,36.0,210698.85365113863,Neuse River
-78.02100865020354,35.37201982577841,73216000120381,183.40703476543007,73216000121,16.700000762939453,45.0,210882.26068590407,Neuse River
-78.02213043340112,35.373561902246486,73216000120391,209.60916052784728,73216000121,16.700000762939453,42.0,211091.86984643192,Neuse River
-78.02426932190649,35.37374983332909,73216000120401,218.01262347287604,73216000121,16.700000762939453,63.0,211309.88246990478,Neuse River
-78.02660784812647,35.37299629415555,73216000120411,225.3059598004201,73216000121,16.700000762939453,42.0,211535.18842970522,Neuse River
-78.02893246025823,35.37264525176436,73216000130011,181.69241375991447,73216000131,16.700000762939453,60.0,211716.88084346513,Neuse River
-78.03124715216191,35.37251561461274,73216000130021,225.07632839252435,73216000131,19.100000381469727,30.0,211941.95717185765,Neuse River
-78.03359350170604,35.37154582064834,73216000130031,245.5372285918757,73216000131,19.100000381469727,63.0,212187.49440044953,Neuse River
-78.03552389100832,35.370214264512086,73216000140011,166.7354001375132,73216000141,19.100000381469727,45.0,212354.22980058703,Neuse River
-78.03627580357676,35.368610405643715,73216000140021,192.05432674331286,73216000141,19.100000381469727,30.0,212546.28412733032,Neuse River
-78.037225564686,35.36701139607143,73216000140031,198.43683929965655,73216000141,19.100000381469727,30.0,212744.72096662998,Neuse River
-78.03892097839207,35.36578216926307,73216000140041,212.95664254623148,73216000141,19.100000381469727,63.0,212957.67760917623,Neuse River
-78.04092245269587,35.36520934704373,73216000140051,185.1911713118574,73216000141,19.100000381469727,60.5,213142.8687804881,Neuse River
-78.04307893745697,35.364910674289135,73216000140061,212.86696463777028,73216000141,19.100000381469727,45.0,213355.73574512586,Neuse River
-78.04520735568184,35.36447608182559,73216000140071,205.1365773047852,73216000141,18.80000114440918,42.0,213560.87232243063,Neuse River
-78.04612292767317,35.36290319802765,73216000140081,183.40976869608943,73216000141,18.80000114440918,30.0,213744.28209112672,Neuse River
-78.0459890743162,35.361142404794776,73216000140091,213.46057642274883,73216000141,18.80000114440918,30.0,213957.74266754946,Neuse River
-78.0462937749908,35.35939371189071,73216000140101,186.9073094998964,73216000141,18.80000114440918,37.5,214144.64997704935,Neuse River
-78.04544870063009,35.35785749474565,73216000140111,200.15331833906419,73216000141,18.80000114440918,54.0,214344.80329538844,Neuse River
-78.04334312913385,35.35767883828206,73216000140121,212.2731826040085,73216000141,18.80000114440918,63.0,214557.07647799244,Neuse River
-78.04119867592577,35.357645277018186,73216000140131,181.69371258260088,73216000141,18.0,30.0,214738.77019057504,Neuse River
-78.03920726410865,35.35794796859588,73216000140141,205.1358739211951,73216000141,18.0,51.0,214943.90606449623,Neuse River
-78.03811884014209,35.359461915244054,73216000140151,188.9859973847553,73216000141,18.0,49.5,215132.892061881,Neuse River
-78.038130485181,35.36122028244088,73216000140161,213.98801942738953,73216000141,18.0,42.0,215346.88008130837,Neuse River
-78.03642688484295,35.36177333295126,73216000140171,194.76358324059527,73216000141,18.0,45.0,215541.643664549,Neuse River
-78.03465462411509,35.360594198665815,73216000140181,200.01042685355935,73216000141,18.0,42.0,215741.65409140254,Neuse River
-78.03384171182151,35.359084919016766,73216000140191,190.7015689419725,73216000141,18.0,39.0,215932.3556603445,Neuse River
-78.03525010005592,35.35785087636745,73216000140201,202.46199649822188,73216000141,18.0,48.0,216134.81765684273,Neuse River
-78.03724942026838,35.35733213500064,73216000140211,200.0750069426131,73216000141,18.0,39.0,216334.89266378534,Neuse River
-78.03909370726356,35.35653917149399,73216000140221,174.55671064802428,73216000141,18.0,63.0,216509.44937443337,Neuse River
-78.04039710463306,35.35519214876466,73216000140231,210.56925887612135,73216000141,18.0,67.0,216720.0186333095,Neuse River
-78.04151148379293,35.353597131403305,73216000140241,193.01224634952894,73216000141,18.0,58.5,216913.03087965903,Neuse River
-78.04230100515474,35.35185895264933,73216000140251,220.6880012064343,73216000141,18.0,77.0,217133.71888086546,Neuse River
-78.0443704933688,35.35212593072095,73216000140261,201.7918681010275,73216000141,18.0,42.0,217335.51074896648,Neuse River
-78.0461446983175,35.35325089239555,73216000140271,196.00606135037577,73216000141,18.80000114440918,42.0,217531.51681031685,Neuse River
-78.04759215347141,35.35428672421146,73216000140281,161.61183499029104,73216000141,18.80000114440918,52.5,217693.12864530715,Neuse River
-78.04936350103122,35.35549268692821,73216000140291,239.21434719163952,73216000141,18.80000114440918,45.0,217932.34299249877,Neuse River
-78.05135384279849,35.35521683761453,73216000140301,167.78127900091516,73216000141,18.80000114440918,42.0,218100.1242714997,Neuse River
-78.05297204086283,35.354282941830384,73216000140311,216.86470056154695,73216000141,18.80000114440918,42.0,218316.98897206126,Neuse River
-78.05450600259798,35.352941385752686,73216000140321,200.66549188510464,73216000141,18.80000114440918,45.0,218517.65446394635,Neuse River
-78.05610586346512,35.351601415672846,73216000140331,179.61916731986872,73216000141,18.80000114440918,42.0,218697.27363126623,Neuse River
-78.05795475414223,35.35067307273155,73216000140341,215.63240568607793,73216000141,18.80000114440918,42.0,218912.9060369523,Neuse River
-78.05965539348011,35.34928142967466,73216000140351,212.95916457197475,73216000141,18.80000114440918,39.0,219125.86520152428,Neuse River
-78.06165730871427,35.34868122012196,73216000140361,186.9094464455142,73216000141,18.80000114440918,42.0,219312.77464796978,Neuse River
-78.06348748055683,35.348266073360996,73216000140371,174.64524689230356,73216000141,18.80000114440918,36.0,219487.41989486208,Neuse River
-78.06534110548387,35.347202533135366,73216000140381,216.67747730834884,73216000141,18.80000114440918,42.0,219704.09737217045,Neuse River
-78.06751268208859,35.34647915734721,73216000140391,220.32802334742337,73216000141,18.80000114440918,48.0,219924.42539551787,Neuse River
-78.06966566963561,35.34629104787,73216000140401,181.69672092478308,73216000141,18.80000114440918,42.0,220106.12211644265,Neuse River
-78.07180693964708,35.34635903297347,73216000140411,209.90135741761156,73216000141,18.80000114440918,30.0,220316.02347386026,Neuse River
-78.07394821800868,35.34646500841814,73216000140421,180.50951381521722,73216000141,18.80000114440918,60.0,220496.53298767548,Neuse River
-78.07608755603316,35.34662497726478,73216000140431,212.27723711660443,73216000141,18.80000114440918,42.0,220708.81022479208,Neuse River
-78.0782239844672,35.34686595487721,73216000140441,184.0075479396374,73216000141,18.80000114440918,51.0,220892.8177727317,Neuse River
-78.08019069710727,35.34723798739689,73216000140451,187.27506817073584,73216000141,20.700000762939453,51.0,221080.09284090245,Neuse River
-78.08196047311448,35.348497519926774,73216000140461,235.72067157160706,73216000141,20.700000762939453,36.0,221315.81351247407,Neuse River
-78.0820340235519,35.350121641831095,73216000140471,162.35039854536,73216000141,20.700000762939453,42.0,221478.16391101942,Neuse River
-78.0803744868893,35.3512982906368,73216000140481,226.97374771660225,73216000141,20.700000762939453,42.0,221705.13765873603,Neuse River
-78.07871685000863,35.352420883364964,73216000140491,165.68711402810462,73216000141,20.700000762939453,48.0,221870.8247727641,Neuse River
-78.07717743165581,35.35392485954125,73216000140501,239.50759325861475,73216000141,20.700000762939453,48.0,222110.33236602275,Neuse River
-78.07644970017378,35.355529022551394,73216000140511,184.00691726392,73216000141,20.700000762939453,37.5,222294.33928328665,Neuse River
-78.07689563112416,35.357162720954435,73216000140521,189.7490272756435,73216000141,20.700000762939453,36.0,222484.0883105623,Neuse River
-78.07703015870138,35.35892351305626,73216000140531,218.38247846760441,73216000141,20.700000762939453,42.0,222702.4707890299,Neuse River
-78.07822682672176,35.36052073644813,73216000140541,188.57260231626964,73216000141,20.700000762939453,63.0,222891.04339134617,Neuse River
-78.08001826362991,35.3611859670671,73216000140551,185.19547361877005,73216000141,20.700000762939453,54.0,223076.23886496495,Neuse River
-78.08214536138264,35.36169704916585,73216000140561,214.85433811534716,73216000141,20.700000762939453,48.0,223291.0932030803,Neuse River
-78.0830987554319,35.36299148036345,73216000140571,182.55805269907378,73216000141,20.700000762939453,73.5,223473.65125577938,Neuse River
-78.08188316952582,35.36439461639688,73216000140581,213.03946770793678,73216000141,20.700000762939453,84.0,223686.69072348732,Neuse River
-78.08002349172844,35.365620492341236,73216000140591,196.2096269183884,73216000141,20.700000762939453,42.0,223882.9003504057,Neuse River
-78.07802028880354,35.36622405896287,73216000140601,213.9936749698718,73216000141,20.700000762939453,42.0,224096.89402537557,Neuse River
-78.07587652845595,35.36619610919706,73216000140611,179.9159959468052,73216000141,20.700000762939453,42.0,224276.81002132237,Neuse River
-78.07390645938436,35.365905032086616,73216000140621,208.6381530129341,73216000141,20.700000762939453,43.5,224485.4481743353,Neuse River
-78.07196862618125,35.36474143588606,73216000140631,200.24264796011283,73216000141,20.700000762939453,42.0,224685.6908222954,Neuse River
-78.06998004809705,35.36490955061658,73216000140641,184.60058813957812,73216000141,20.700000762939453,42.0,224870.291410435,Neuse River
-78.0678627355109,35.364163121926026,73216000140651,221.97363425205143,73216000141,20.700000762939453,45.0,225092.26504468705,Neuse River
-78.06710490763646,35.36503700083133,73216000140661,188.66192813617883,73216000141,20.700000762939453,61.0,225280.92697282322,Neuse River
-78.06767286296869,35.36667473170053,73216000140671,186.90973717782043,73216000141,20.700000762939453,42.0,225467.83671000105,Neuse River
-78.06672369030768,35.36827240836182,73216000140681,203.54525393033788,73216000141,20.700000762939453,42.0,225671.38196393137,Neuse River
-78.06491069115808,35.368201310525926,73216000140691,212.4521902416655,73216000141,20.700000762939453,45.0,225883.83415417306,Neuse River
-78.06311238751556,35.367724960047674,73216000140701,156.77175117174193,73216000141,20.700000762939453,63.0,226040.6059053448,Neuse River
-78.06161026367873,35.369094433438924,73216000140711,211.68537025727903,73216000141,20.700000762939453,67.0,226252.29127560207,Neuse River
-78.06069392531468,35.37069445963032,73216000140721,219.56808394447475,73216000141,20.700000762939453,63.0,226471.85935954654,Neuse River
-78.06013545799769,35.37243838649427,73216000140731,193.0144994130763,73216000141,20.700000762939453,39.0,226664.87385895962,Neuse River
-78.05875825950565,35.37400013369712,73216000140741,216.45709887817833,73216000141,20.700000762939453,42.0,226881.3309578378,Neuse River
-78.05702387607383,35.373579325218536,73216000140751,179.03405419705138,73216000141,19.100000381469727,42.0,227060.36501203486,Neuse River
-78.05553021487256,35.37290362623884,73216000140761,210.76191539533187,73216000141,19.100000381469727,36.0,227271.1269274302,Neuse River
-78.05489821019421,35.374473368844605,73216000140771,181.10090007828336,73216000141,19.100000381469727,30.0,227452.22782750847,Neuse River
-78.05498453912499,35.376098280636384,73216000140781,188.39414318313527,73216000141,19.100000381469727,33.0,227640.6219706916,Neuse River
-78.0564749048439,35.37778399302578,73216000140791,251.44523355176239,73216000141,19.100000381469727,42.0,227892.06720424336,Neuse River
-78.05876816062984,35.37825643188316,73216000150013,180.50802557736571,73216000153,20.700000762939453,63.0,228072.57522982077,Neuse River
-78.06091024655802,35.378359766676866,73216000150023,181.69590090526611,73216000153,20.700000762939453,63.0,228254.27113072603,Neuse River
-78.06306213876098,35.37821481145702,73216000150033,223.95842898369406,73216000153,20.700000762939453,54.0,228478.22955970973,Neuse River
-78.06507847107308,35.377236370572554,73216000150043,185.13984774334457,73216000153,20.700000762939453,42.0,228663.36940745305,Neuse River
-78.06692885401041,35.37628090179031,73216000150053,207.89952928482032,73216000153,20.700000762939453,42.0,228871.26893673788,Neuse River
-78.0690973066288,35.37565759238602,73216000150063,218.01848133256192,73216000153,20.700000762939453,54.0,229089.28741807045,Neuse River
-78.07123153455308,35.375979774346995,73216000150073,194.73224860212693,73216000153,20.700000762939453,54.0,229284.01966667257,Neuse River
-78.07318035396531,35.376865241572,73216000150083,210.57377117366016,73216000153,20.700000762939453,63.0,229494.59343784623,Neuse River
-78.07513116898417,35.3776966486633,73216000150093,193.0166454602675,73216000153,20.700000762939453,58.5,229687.6100833065,Neuse River
-78.07708300091677,35.378501010702855,73216000150103,199.12245605909334,73216000153,20.700000762939453,39.0,229886.7325393656,Neuse River
-78.07921149810448,35.378985148890074,73216000150113,211.68393921276044,73216000153,20.700000762939453,60.0,230098.41647857835,Neuse River
-78.0813556030858,35.37903700354426,73216000150123,179.91659429474018,73216000153,20.700000762939453,45.0,230278.3330728731,Neuse River
-78.08367048289985,35.37893071170805,73216000150133,245.16822438290643,73216000153,20.700000762939453,51.0,230523.501297256,Neuse River
-78.08599508153986,35.378554219675976,73216000160011,157.45449418996304,73216000161,20.700000762939453,39.0,230680.95579144597,Neuse River
-78.0881508453832,35.37831988372819,73216000160021,214.5888111448397,73216000161,20.700000762939453,77.0,230895.54460259082,Neuse River
-78.09027941717662,35.37876571200661,73216000160031,184.0089832304073,73216000161,20.700000762939453,63.0,231079.5535858212,Neuse River
-78.0922392032851,35.37935371170593,73216000160041,203.51310461014737,73216000161,20.700000762939453,85.5,231283.06669043135,Neuse River
-78.09437364861694,35.37967549332241,73216000160051,216.8995282986479,73216000161,20.700000762939453,60.0,231499.96621873,Neuse River
-78.0966516326117,35.37875689104492,73216000160061,206.1702364235947,73216000161,20.700000762939453,48.0,231706.1364551536,Neuse River
-78.09807386005825,35.377763599463286,73216000160071,172.7608205613892,73216000161,20.700000762939453,63.0,231878.897275715,Neuse River
-78.0997647772835,35.37664154930363,73216000160081,219.06921990214187,73216000161,20.700000762939453,48.0,232097.96649561715,Neuse River
-78.10094432183493,35.375047530646455,73216000160091,197.40878944752677,73216000161,20.700000762939453,67.0,232295.37528506466,Neuse River
-78.10118574626505,35.3732946632371,73216000160101,211.68609192577563,73216000161,20.700000762939453,45.0,232507.06137699043,Neuse River
-78.10149881687843,35.37154575388863,73216000160111,183.48130204631835,73216000161,20.700000762939453,61.5,232690.54267903676,Neuse River
-78.10185850025266,35.36979684230414,73216000160121,211.09230608277434,73216000161,20.700000762939453,60.0,232901.63498511954,Neuse River
-78.10205325334309,35.36804397051114,73216000160131,181.69979868546451,73216000161,20.700000762939453,52.5,233083.334783805,Neuse River
-78.10270973924615,35.3663021780088,73216000160141,224.3582526116397,73216000161,20.700000762939453,60.0,233307.69303641663,Neuse River
-78.1036252138033,35.36470178951061,73216000160151,172.1758571207163,73216000161,20.700000762939453,67.0,233479.86889353735,Neuse River
-78.10502473946327,35.36341043019375,73216000160161,211.16287530970646,73216000161,20.700000762939453,69.0,233691.03176884705,Neuse River
-78.10687822539882,35.36234624487161,73216000160171,204.0248587444998,73216000161,20.700000762939453,42.0,233895.05662759155,Neuse River
-78.10873455526404,35.361200979828574,73216000160181,205.2303782391258,73216000161,20.700000762939453,65.0,234100.28700583067,Neuse River
-78.11088402559528,35.36107440807995,73216000160191,211.09396043775598,73216000161,20.700000762939453,45.0,234311.38096626845,Neuse River
-78.11303734272852,35.36092533031838,73216000160201,182.88912639891046,73216000161,20.700000762939453,67.0,234494.27009266734,Neuse River
-78.1151694911754,35.36124672655392,73216000160211,214.0637418156947,73216000161,20.700000762939453,54.0,234708.33383448306,Neuse River
-78.11731031194434,35.36137897007757,73216000160221,186.91564218482603,73216000161,20.700000762939453,55.5,234895.24947666787,Neuse River
-78.11931313335836,35.36075078237972,73216000160231,196.45380238211206,73216000161,20.700000762939453,63.0,235091.70327904998,Neuse River
-78.12115582605529,35.35998354654442,73216000160241,193.15766757328802,73216000161,20.700000762939453,63.0,235284.86094662326,Neuse River
-78.12285756729462,35.3585369389119,73216000160251,225.46541747572127,73216000161,20.700000762939453,42.0,235510.326364099,Neuse River
-78.12454391119581,35.35752256933259,73216000160261,172.93616296076755,73216000161,20.700000762939453,42.0,235683.26252705976,Neuse River
-78.12638073657652,35.35691734685412,73216000160271,199.12813859133695,73216000161,20.700000762939453,42.0,235882.3906656511,Neuse River
-78.1282328529245,35.355879828757914,73216000160281,196.0155887071021,73216000161,20.700000762939453,42.0,236078.4062543582,Neuse River
-78.1300849225648,35.35484227958131,73216000160291,215.64158028742412,73216000161,20.700000762939453,42.0,236294.04783464564,Neuse River
-78.13132662897584,35.3533305330635,73216000160301,198.44787581934284,73216000161,20.700000762939453,42.0,236492.49571046498,Neuse River
-78.13311887049788,35.35304861878676,73216000160311,201.80175318224377,73216000161,20.700000762939453,61.5,236694.2974636472,Neuse River
-78.13506217335788,35.35409519611156,73216000160321,199.4927076425498,73216000161,20.700000762939453,61.5,236893.79017128976,Neuse River
-78.13720763419667,35.354091995232636,73216000160331,216.90484630657483,73216000161,20.700000762939453,60.0,237110.69501759633,Neuse River
-78.13915085985752,35.353272779797834,73216000160341,200.1557684489839,73216000161,20.700000762939453,36.0,237310.8507860453,Neuse River
-78.14077761788847,35.35206748664082,73216000160351,180.67217128718215,73216000161,20.700000762939453,42.0,237491.5229573325,Neuse River
-78.14191825161333,35.35060731080236,73216000160361,207.15031000704957,73216000161,20.700000762939453,48.0,237698.67326733956,Neuse River
-78.1430588434686,35.349147122043014,73216000160371,189.1540258390571,73216000161,20.700000762939453,36.0,237887.82729317862,Neuse River
-78.14468926574953,35.34783370041393,73216000160381,200.59774323265637,73216000161,20.700000762939453,42.0,238088.42503641127,Neuse River
-78.14637607599822,35.346791983542694,73216000160391,219.27462806489746,73216000161,20.700000762939453,63.0,238307.69966447615,Neuse River
-78.14821821428694,35.34602430558773,73216000160401,184.01508642265654,73216000161,20.700000762939453,84.5,238491.71475089883,Neuse River
-78.1503558807418,35.34623699853625,73216000160411,213.40868238956492,73216000161,20.700000762939453,36.0,238705.1234332884,Neuse River
-78.15212869750727,35.34744151795018,73216000160421,199.03574335206366,73216000161,20.700000762939453,57.0,238904.15917664045,Neuse River
-78.15375303347118,35.34723645159491,73216000160431,165.44724284447852,73216000161,20.700000762939453,63.0,239069.60641948492,Neuse River
-78.15552368201969,35.34568282540778,73216000160441,239.1304654791048,73216000161,20.700000762939453,63.0,239308.73688496402,Neuse River
-78.15765775347928,35.3452036565285,73216000160451,200.64749262160998,73216000161,20.700000762939453,42.0,239509.38437758564,Neuse River
-78.15879939921302,35.34638184052778,73216000160461,195.7775020403355,73216000161,20.700000762939453,42.0,239705.161879626,Neuse River
-78.16033423980863,35.34590418204921,73216000160471,186.36223932793817,73216000161,20.700000762939453,48.0,239891.5241189539,Neuse River
-78.16196338377911,35.34461752774255,73216000160481,199.20133223603244,73216000161,20.700000762939453,42.0,240090.72545118994,Neuse River
-78.16396643195635,35.343961544088614,73216000160491,227.04021273025958,73216000161,20.700000762939453,42.0,240317.7656639202,Neuse River
-78.16601368014149,35.34392847785318,73216000160501,194.77755579334288,73216000161,20.700000762939453,39.0,240512.54321971355,Neuse River
-78.16776504704023,35.34478768424403,73216000160511,181.0018003116203,73216000161,20.700000762939453,49.0,240693.54502002517,Neuse River
-78.1692555567924,35.34370706265351,73216000160521,215.72097194681234,73216000161,20.700000762939453,42.0,240909.26599197197,Neuse River
-78.17140266854187,35.34364920522847,73216000160531,214.90082497902677,73216000161,20.700000762939453,63.0,241124.166816951,Neuse River
-78.17124907757525,35.34521391666742,73216000160541,188.79492620436744,73216000161,20.700000762939453,48.0,241312.96174315538,Neuse River
-78.17196698459222,35.346393439557154,73216000160551,200.12616457564798,73216000161,20.700000762939453,63.0,241513.08790773104,Neuse River
-78.17330297990891,35.34783309963413,73216000160561,205.21823847245264,73216000161,20.75,52.5,241718.30614620348,Neuse River
-78.17232310577721,35.349430234715214,73216000160571,198.62658180691128,73216000161,20.700000762939453,54.0,241916.9327280104,Neuse River
-78.17331618578348,35.35024539743408,73216000160581,205.7033340557252,73216000161,20.80000114440918,48.0,242122.63606206613,Neuse River
-78.17477281248674,35.349217166246014,73216000160591,177.4316809653153,73216000161,20.80000114440918,60.0,242300.06774303142,Neuse River
-78.17619830642936,35.348087791063335,73216000160601,197.18733532023555,73216000161,20.80000114440918,42.0,242497.25507835168,Neuse River
-78.17837186632318,35.347319646432716,73216000160611,220.8074516046196,73216000161,20.80000114440918,45.0,242718.06252995628,Neuse River
-78.17939420560876,35.34824358935242,73216000160621,182.19112936196365,73216000161,20.80000114440918,40.5,242900.25365931826,Neuse River
-78.17907398746803,35.349858501260144,73216000160631,193.39144657367135,73216000161,20.80000114440918,39.0,243093.64510589192,Neuse River
-78.17960647913745,35.35162852720829,73216000160641,228.36290774557378,73216000161,20.80000114440918,51.0,243322.0080136375,Neuse River
-78.17965277203308,35.353143839043284,73216000160651,180.25851889095756,73216000161,20.80000114440918,49.5,243502.26653252845,Neuse River
-78.18161364025012,35.35370337248172,73216000160661,190.1245496023603,73216000161,20.80000114440918,42.0,243692.3910821308,Neuse River
-78.18281988605419,35.35508350934204,73216000160671,204.4815855858598,73216000161,21.30000114440918,39.0,243896.87266771667,Neuse River
-78.1841854404772,35.356629588486726,73216000160681,203.6012075738887,73216000161,21.80000114440918,36.0,244100.47387529057,Neuse River
-78.18629523286185,35.35670580282514,73216000160691,218.62716016099253,73216000161,21.80000114440918,48.0,244319.10103545155,Neuse River
-78.18844738475136,35.35651256741138,73216000160701,189.00306775412236,73216000161,21.80000114440918,48.0,244508.10410320567,Neuse River
-78.19009003463331,35.35768647481051,73216000160711,200.7639416601527,73216000161,21.825000762939453,43.5,244708.86804486584,Neuse River
-78.19099309832791,35.359248758126654,73216000160721,211.93130428327822,73216000161,21.899999618530273,42.0,244920.7993491491,Neuse River
-78.19180099369633,35.3607006626529,73216000160731,196.06657210050625,73216000161,21.899999618530273,33.0,245116.8659212496,Neuse River
-78.19112751056865,35.36230640798807,73216000160741,184.6131276916691,73216000161,21.899999618530273,30.0,245301.47904894128,Neuse River
-78.19158500026298,35.364075626576586,73216000160751,219.22125350143455,73216000161,21.899999618530273,42.0,245520.7003024427,Neuse River
-78.19139500108506,35.365747680367804,73216000160761,194.42861388070384,73216000161,21.899999618530273,39.0,245715.12891632342,Neuse River
-78.18941895329928,35.36656697853937,73216000160771,193.98693185618518,73216000161,22.0,39.0,245909.11584817962,Neuse River
-78.18776896177309,35.367501997047896,73216000160781,210.24712868675726,73216000161,22.0,30.0,246119.36297686637,Neuse River
-78.18813680889143,35.3692681536507,73216000160791,204.48226393401328,73216000161,22.0,39.0,246323.84524080038,Neuse River
-78.18927741216027,35.370646702246205,73216000160801,161.62525197070906,73216000161,22.0,42.0,246485.47049277107,Neuse River
-78.19104760865847,35.37195876970103,73216000160811,241.20255770885652,73216000161,22.0,42.0,246726.67305047993,Neuse River
-78.19239235605481,35.37125996970724,73216000160821,175.7173313873159,73216000161,22.0,42.0,246902.39038186727,Neuse River
-78.19358431882398,35.3703072558348,73216000160831,194.51501374748352,73216000161,22.0,39.0,247096.90539561474,Neuse River
-78.19552419021473,35.37138683166914,73216000160841,220.70007814015003,73216000161,22.0,42.0,247317.6054737549,Neuse River
-78.19723227516324,35.37258920852489,73216000160851,196.0233877327728,73216000161,22.0,36.0,247513.62886148767,Neuse River
-78.19819412514838,35.3740989436626,73216000160861,190.1260847365884,73216000161,22.0,30.0,247703.75494622425,Neuse River
-78.198841081655,35.37556840875538,73216000160871,214.00844778089535,73216000161,22.0,45.0,247917.76339400516,Neuse River
-78.20026768532233,35.37455242506362,73216000160881,200.44703403462825,73216000161,22.0,36.0,248118.21042803978,Neuse River
-78.20202257767855,35.37440382524296,73216000160891,201.21595477275332,73216000161,22.0,42.0,248319.42638281253,Neuse River
-78.20336922221477,35.3759782613157,73216000160901,227.40793217446318,73216000161,23.0,48.0,248546.834314987,Neuse River
-78.20299734526188,35.37772528232536,73216000170011,151.12844390367727,73216000171,23.0,45.0,248697.96275889064,Neuse River
-78.20202604038576,35.378958447319036,73216000170021,217.44134269468282,73216000171,23.0,30.0,248915.40410158533,Neuse River
-78.19991936902194,35.378897773202354,73216000170031,203.25787358272484,73216000171,23.0,51.0,249118.66197516807,Neuse River
-78.200495735587,35.38037129384196,73216000170041,165.63240106918025,73216000171,23.0,42.0,249284.29437623723,Neuse River
-78.2021060409902,35.38154429886873,73216000170051,240.03997325717643,73216000171,23.600001335144043,61.0,249524.33434949443,Neuse River
-78.20426070444661,35.38129677439982,73216000170061,180.75945667948716,73216000171,23.80000114440918,36.0,249705.0938061739,Neuse River
-78.20589719027585,35.38171321829278,73216000170071,186.48744459354324,73216000171,23.80000114440918,42.0,249891.58125076746,Neuse River
-78.2078486992998,35.382467595698884,73216000170081,213.95873855927945,73216000171,23.80000114440918,45.0,250105.53998932673,Neuse River
-78.20837617180138,35.381092708099644,73216000170091,183.42726552006107,73216000171,23.80000114440918,49.5,250288.9672548468,Neuse River
-78.20984040236944,35.38034425468159,73216000170101,203.6639646526972,73216000171,23.80000114440918,42.0,250492.63121949948,Neuse River
-78.21064976018504,35.38176903526504,73216000170111,199.01814465801988,73216000171,23.80000114440918,42.0,250691.6493641575,Neuse River
-78.21262501669251,35.38278817980688,73216000170121,194.51791104037386,73216000171,23.80000114440918,42.0,250886.1672751979,Neuse River
-78.21353252683856,35.38161992796117,73216000170131,217.5440421918071,73216000171,23.80000114440918,36.0,251103.71131738968,Neuse River
-78.21205634964483,35.380233205456086,73216000170141,195.78376313393792,73216000171,23.80000114440918,39.0,251299.49508052363,Neuse River
-78.21124046670542,35.37899756309535,73216000170151,195.0247157865372,73216000171,23.80000114440918,36.0,251494.51979631017,Neuse River
-78.21299730659999,35.37879477027539,73216000170161,197.41256979198195,73216000171,23.80000114440918,43.5,251691.93236610215,Neuse River
-78.21470302907841,35.380077973119356,73216000170171,204.56305986468644,73216000171,23.80000114440918,42.0,251896.49542596683,Neuse River
-78.21634653903044,35.38125155844562,73216000170181,171.11023576371423,73216000171,23.80000114440918,39.0,252067.60566173054,Neuse River
-78.21762248032164,35.38117542375627,73216000170191,208.59883384320096,73216000171,23.80000114440918,48.0,252276.20449557374,Neuse River
-78.21749930301655,35.37941236954663,73216000170201,197.7857068969708,73216000171,23.80000114440918,42.0,252473.9902024707,Neuse River
-78.21804984730191,35.37780265393204,73216000170211,189.7646573283598,73216000171,23.80000114440918,49.5,252663.75485979908,Neuse River
-78.21804233777918,35.37609895792776,73216000170221,210.250897187892,73216000171,23.80000114440918,51.0,252874.00575698697,Neuse River
-78.22028002857873,35.37621073712726,73216000170231,198.20019022755235,73216000171,23.80000114440918,60.0,253072.20594721453,Neuse River
-78.22046112878095,35.374880744128504,73216000170241,192.4386127983598,73216000171,23.80000114440918,54.0,253264.64456001288,Neuse River
-78.22143949436712,35.37346849325136,73216000170251,210.679132865302,73216000171,23.80000114440918,48.0,253475.32369287818,Neuse River
-78.22265690667604,35.37439350834243,73216000170261,185.73883258770687,73216000171,23.80000114440918,33.0,253661.06252546588,Neuse River
-78.2239347728164,35.37563969989461,73216000170271,212.82386485157514,73216000171,23.80000114440918,36.0,253873.88639031746,Neuse River
-78.22608276015868,35.375580906849144,73216000170281,191.7589726089717,73216000171,23.80000114440918,36.0,254065.64536292644,Neuse River
-78.22741187810848,35.374367589333765,73216000170291,165.1245176898868,73216000171,23.80000114440918,36.0,254230.7698806163,Neuse River
-78.22729780468865,35.37287776269184,73216000170301,217.11617237916258,73216000171,23.80000114440918,52.5,254447.88605299548,Neuse River
-78.22681902273939,35.37105310304486,73216000170311,206.30252265981275,73216000171,23.80000114440918,63.0,254654.1885756553,Neuse River
-78.22856117335682,35.370685689239025,73216000170321,188.4135226495655,73216000171,23.80000114440918,39.0,254842.60209830487,Neuse River
-78.2307247332623,35.37028539917289,73216000170331,204.26029986354823,73216000171,23.80000114440918,45.0,255046.86239816842,Neuse River
-78.23097266692588,35.37161008593934,73216000170341,200.17474913315922,73216000171,23.80000114440918,55.5,255247.03714730157,Neuse River
-78.2292148042153,35.372813607680015,73216000170351,185.34713430839548,73216000171,23.80000114440918,42.0,255432.38428160996,Neuse River
-78.22923087196682,35.37427414418207,73216000170361,202.93496340009398,73216000171,23.80000114440918,36.0,255635.31924501006,Neuse River
-78.23039601605987,35.375923284854295,73216000170371,199.1390371099962,73216000171,23.80000114440918,42.0,255834.45828212006,Neuse River
-78.23130005760028,35.37748530725045,73216000170381,206.87500491960472,73216000171,23.80000114440918,42.0,256041.33328703966,Neuse River
-78.23329952319332,35.377909703719155,73216000170391,194.62688114771788,73216000171,23.80000114440918,63.0,256235.9601681874,Neuse River
-78.23322848286008,35.37612342509366,73216000170401,200.45076156768658,73216000171,23.80000114440918,48.0,256436.41092975507,Neuse River
-78.23497600221118,35.37619049708618,73216000170411,198.38185716317201,73216000171,23.80000114440918,42.0,256634.79278691823,Neuse River
-78.23694984409042,35.37639792429,73216000170421,188.41443055714342,73216000171,23.80000114440918,33.0,256823.20721747537,Neuse River
-78.23880296395618,35.37530462869546,73216000170431,213.05874257865537,73216000171,23.80000114440918,42.0,257036.26596005404,Neuse River
-78.24049370270698,35.37509991976529,73216000170441,183.43074586000998,73216000171,23.80000114440918,61.0,257219.69670591404,Neuse River
-78.24033581590567,35.37682688532391,73216000170451,214.01320631119575,73216000171,23.80000114440918,48.0,257433.70991222525,Neuse River
-78.24024298043285,35.37858237724318,73216000170461,186.334555179873,73216000171,23.80000114440918,36.0,257620.04446740513,Neuse River
-78.23909994315238,35.38015161639825,73216000170471,215.65509901065104,73216000171,23.80000114440918,42.0,257835.69956641577,Neuse River
-78.23728892129314,35.38097547512258,73216000170481,168.47147992625958,73216000171,23.80000114440918,42.0,258004.17104634203,Neuse River
-78.23608974297386,35.382407320542285,73216000170491,225.69666547777535,73216000171,23.80000114440918,48.0,258229.8677118198,Neuse River
-78.23665594327815,35.384043568488096,73216000170501,175.6208586465517,73216000171,23.80000114440918,36.0,258405.48857046635,Neuse River
-78.23778837732506,35.38569189347419,73216000170511,240.21869508722443,73216000171,23.80000114440918,36.0,258645.7072655536,Neuse River
-78.2384497215113,35.38759983496234,73216000180011,184.02430541789147,73216000181,23.80000114440918,51.0,258829.7315709715,Neuse River
-78.23983531225807,35.38854413970551,73216000180021,179.07703274857911,73216000181,23.80000114440918,39.0,259008.80860372007,Neuse River
-78.24103708821232,35.387253390306164,73216000180031,197.42474713526605,73216000181,23.80000114440918,42.0,259206.23335085533,Neuse River
-78.24207937738367,35.385859063758396,73216000180041,216.90432438488213,73216000181,23.80000114440918,54.0,259423.1376752402,Neuse River
-78.24378480814548,35.38704575165865,73216000180051,212.22384220627805,73216000181,23.80000114440918,42.0,259635.3615174465,Neuse River
-78.24546281525426,35.38811088734003,73216000180061,190.38371498984765,73216000181,23.80000114440918,36.0,259825.74523243634,Neuse River
-78.2471401136725,35.3874197509042,73216000180071,189.08749952304885,73216000181,23.90000057220459,42.0,260014.83273195938,Neuse River
-78.24929944170614,35.38708284698151,73216000180081,212.8924647040948,73216000181,24.25,48.0,260227.72519666346,Neuse River
-78.25160721264713,35.38713545514603,73216000180091,212.29884248332536,73216000181,24.30000114440918,45.0,260440.0240391468,Neuse River
-78.25374910350773,35.38727283030558,73216000180101,189.60403592764305,73216000181,24.30000114440918,39.0,260629.62807507443,Neuse River
-78.25553174677339,35.38825977896382,73216000180111,196.60436990077443,73216000181,24.30000114440918,42.0,260826.23244497523,Neuse River
-78.25730711142896,35.38946285891832,73216000180121,220.13341668283263,73216000181,24.30000114440918,52.5,261046.36586165807,Neuse River
-78.25925482803399,35.39045350437754,73216000180131,195.11695378897363,73216000181,25.200000762939453,42.0,261241.48281544703,Neuse River
-78.26139774147295,35.3905877961786,73216000180141,207.94615251969134,73216000181,25.200000762939453,36.0,261449.42896796673,Neuse River
-78.26269017586975,35.39166693563201,73216000180151,195.6948508572529,73216000181,25.200000762939453,51.0,261645.12381882398,Neuse River
-78.26413848935056,35.39251118474025,73216000180161,180.26738324723328,73216000181,25.200000762939453,36.0,261825.39120207122,Neuse River
-78.26481603226969,35.393767548170835,73216000180171,202.86535485713196,73216000181,25.450000762939453,63.0,262028.25655692833,Neuse River
-78.26621576382223,35.39455923073661,73216000180181,219.59465537985216,73216000181,25.700000762939453,48.0,262247.85121230816,Neuse River
-78.26806745905878,35.395466442490886,73216000180191,194.8874274892404,73216000181,25.700000762939453,42.0,262442.73863979743,Neuse River
-78.26962038542891,35.39635944514945,73216000180201,197.4195996713867,73216000181,25.700000762939453,42.0,262640.1582394688,Neuse River
-78.27017004690221,35.39481095889047,73216000180211,219.7595448256862,73216000181,25.700000762939453,42.0,262859.9177842945,Neuse River
-78.27074903750896,35.393317247999406,73216000180221,180.26791167443184,73216000181,25.700000762939453,36.0,263040.1856959689,Neuse River
-78.27284995353769,35.39368175431219,73216000180231,220.94811192251146,73216000181,25.700000762939453,36.0,263261.13380789146,Neuse River
-78.27497934068865,35.39418952796268,73216000180241,185.21626387324764,73216000181,25.700000762939453,42.0,263446.35007176467,Neuse River
-78.27710875672827,35.394697265400794,73216000180251,219.23237489110377,73216000181,25.700000762939453,42.0,263665.5824466558,Neuse River
-78.27906866774381,35.39533634732326,73216000180261,180.38953863013236,73216000181,25.700000762939453,42.0,263845.9719852859,Neuse River
-78.28050548411235,35.39680186857121,73216000180271,214.0304564014756,73216000181,25.700000762939453,39.0,264060.0024416874,Neuse River
-78.28144100133281,35.39844536792566,73216000180281,204.49310332555416,73216000181,25.700000762939453,42.0,264264.49554501293,Neuse River
-78.28213193838619,35.40022024646981,73216000180291,216.92236872941695,73216000181,25.700000762939453,45.0,264481.41791374236,Neuse River
-78.2816530066271,35.401965400200595,73216000180301,185.21657666408126,73216000181,25.700000762939453,42.0,264666.63449040643,Neuse River
-78.2816975474306,35.403588829430674,73216000180311,192.44530010627872,73216000181,25.700000762939453,36.0,264859.07979051274,Neuse River
-78.2828641775925,35.405237523150724,73216000180321,227.57453896759841,73216000181,25.700000762939453,42.0,265086.6543294803,Neuse River
-78.28360180970034,35.406876552357495,73216000180331,189.6068619313928,73216000181,25.700000762939453,45.0,265276.2611914117,Neuse River
-78.28321857783455,35.40862616761034,73216000180341,211.11432934446222,73216000181,25.700000762939453,36.0,265487.3755207562,Neuse River
-78.2831868164946,35.41038246746113,73216000180351,179.93700724798737,73216000181,25.700000762939453,30.0,265667.3125280042,Neuse River
-78.28315505370534,35.41214025267035,73216000180361,213.4245257563879,73216000181,25.700000762939453,36.0,265880.73705376056,Neuse River
-78.2823426968043,35.41387871644286,73216000180371,195.11921600461895,73216000181,25.700000762939453,30.0,266075.8562697652,Neuse River
-78.2824532558757,35.41550362996071,73216000180381,196.74882071044775,73216000181,25.700000762939453,42.0,266272.60509047564,Neuse River
-78.28422417429564,35.41686847359151,73216000180391,225.73847818399838,73216000181,25.700000762939453,42.0,266498.3435686596,Neuse River
-78.28460700157208,35.418526348403645,73216000180401,187.82528193384132,73216000181,25.700000762939453,33.0,266686.16885059344,Neuse River
-78.2858353673729,35.42004140754198,73216000180411,200.0395507744948,73216000181,25.700000762939453,42.0,266886.20840136794,Neuse River
-78.28655376805357,35.42154532353299,73216000180421,186.10920355322324,73216000181,25.700000762939453,37.5,267072.3176049212,Neuse River
-78.28737884686616,35.42326688015121,73216000180431,233.1972662178916,73216000181,25.700000762939453,42.0,267305.5148711391,Neuse River
-78.2885220330432,35.42240118359513,73216000180441,182.31325932351984,73216000181,25.700000762939453,43.5,267487.8281304626,Neuse River
-78.28884862577175,35.42083295175783,73216000180451,198.14707558420716,73216000181,25.700000762939453,45.0,267685.97520604683,Neuse River
-78.29091734310806,35.42118313398208,73216000180461,197.43066997658823,73216000181,25.700000762939453,42.0,267883.4058760234,Neuse River
-78.29304124571102,35.42181091414888,73216000180471,218.6404941872779,73216000181,25.700000762939453,36.0,268102.04637021065,Neuse River
-78.29536458257047,35.42158513384018,73216000180481,211.12060099585506,73216000181,25.700000762939453,67.0,268313.16697120655,Neuse River
-78.29610982935075,35.422976096651766,73216000180491,165.8023702603296,73216000181,25.700000762939453,42.0,268478.96934146684,Neuse River
-78.29808824227288,35.424074987843156,73216000180501,256.8164789135188,73216000181,25.700000762939453,42.0,268735.7858203804,Neuse River
-78.30039899818578,35.4241463377443,73216000190011,154.04127638732123,73216000191,25.700000762939453,45.0,268889.8270967677,Neuse River
-78.30251675868489,35.42501231718054,73216000190021,231.05316520993262,73216000191,25.700000762939453,51.0,269120.8802619776,Neuse River
-78.3048275497909,35.42507132180557,73216000190031,202.69164784558762,73216000191,25.700000762939453,42.0,269323.5719098232,Neuse River
-78.3059817445306,35.42611726241533,73216000190041,193.95045359938433,73216000191,25.700000762939453,135.0,269517.5223634226,Neuse River
-78.30790604922753,35.42686326139902,73216000190051,192.95568735635143,73216000191,25.700000762939453,39.0,269710.47805077897,Neuse River
-78.30914765574647,35.42827002261336,73216000190061,195.7942404436939,73216000191,29.0,42.0,269906.27229122265,Neuse River
-78.31084364752067,35.42892976314703,73216000190071,218.31636796229202,73216000191,29.0,48.0,270124.5886591849,Neuse River
-78.31169257174005,35.427245123017954,73216000190081,183.43794913938865,73216000191,29.0,33.0,270308.0266083243,Neuse River
-78.31138179047078,35.42547849018953,73216000190091,223.0324216411174,73216000191,29.0,45.0,270531.0590299654,Neuse River
-78.31237931753385,35.42447524049058,73216000190101,171.2388576342699,73216000191,29.0,99.0,270702.29788759974,Neuse River
-78.31355315174844,35.425934529156734,73216000190111,227.5785003606499,73216000191,29.0,42.0,270929.8763879604,Neuse River
-78.31550426126225,35.426789226366424,73216000190121,192.44929111538738,73216000191,29.0,33.0,271122.32567907573,Neuse River
-78.31750831631315,35.426211799214315,73216000190131,197.43354461718994,73216000191,29.0,42.0,271319.75922369293,Neuse River
-78.3196648590056,35.42592056442786,73216000190141,212.3069409618595,73216000191,29.0,60.0,271532.0661646548,Neuse River
-78.32156613498505,35.42638305600652,73216000190151,185.74931161422012,73216000191,29.0,54.0,271717.815476269,Neuse River
-78.32197370732553,35.428041581175385,73216000190161,208.54690495018366,73216000191,29.0,45.0,271926.3623812192,Neuse River
-78.32421501807833,35.428192143206836,73216000190171,212.90139506881468,73216000191,29.0,42.0,272139.263776288,Neuse River
-78.32627881541876,35.42773143680108,73216000190181,184.6636721674481,73216000191,29.0,58.5,272323.9274484555,Neuse River
-78.32774214157197,35.42650020809552,73216000190191,197.96231868173194,73216000191,29.0,51.0,272521.8897671372,Neuse River
-78.3298593998616,35.42720643019556,73216000190201,230.9560214380593,73216000191,29.0,42.0,272752.84578857524,Neuse River
-78.33081409574633,35.42618109354114,73216000190211,194.92404789403804,73216000191,29.0,57.0,272947.7698364693,Neuse River
-78.33207925551636,35.42515574565891,73216000190221,196.3488552503535,73216000191,29.0,60.5,273144.11869171966,Neuse River
-78.33399841563084,35.42506295600542,73216000190231,186.70815026887487,73216000191,29.0,101.0,273330.82684198854,Neuse River
-78.33370584299215,35.426650633595884,73216000190241,191.8569338762122,73216000191,29.0,40.5,273522.6837758647,Neuse River
-78.33445806037011,35.42815575406912,73216000190251,196.61295801285954,73216000191,29.0,42.0,273719.2967338776,Neuse River
-78.3361980472967,35.4294921322477,73216000190261,218.05451340083525,73216000191,29.0,36.0,273937.35124727845,Neuse River
-78.33733581853915,35.431058566064365,73216000190271,196.84144772033287,73216000191,29.0,48.0,274134.19269499875,Neuse River
-78.33746715116457,35.432816394616104,73216000190281,222.35499194263002,73216000191,29.0,48.0,274356.5476869414,Neuse River
-78.33905199699875,35.434124987435986,73216000190291,196.84124465883278,73216000191,29.0,55.5,274553.3889316002,Neuse River
-78.34102851212121,35.43428920970639,73216000190301,186.11515814591567,73216000191,29.0,40.5,274739.50408974616,Neuse River
-78.34287282576538,35.433479085842244,73216000190311,196.61391311290257,73216000191,29.0,42.0,274936.11800285906,Neuse River
-78.34418069922818,35.431885431944785,73216000190321,224.25973311830182,73216000191,29.0,36.0,275160.37773597735,Neuse River
-78.34543509598254,35.43096002917713,73216000190331,177.44907923549343,73216000191,29.0,39.0,275337.82681521284,Neuse River
-78.3473501626638,35.43195514886922,73216000190341,226.746476759492,73216000191,29.0,36.0,275564.57329197234,Neuse River
-78.34705253829966,35.43370500148484,73216000190351,188.06203928756656,73216000191,29.0,46.5,275752.6353312599,Neuse River
-78.34777200710225,35.43520931900783,73216000190361,189.9341212381818,73216000191,29.0,42.0,275942.5694524981,Neuse River
-78.34955425028964,35.43627603163175,73216000190371,215.66845928910254,73216000191,29.0,42.0,276158.2379117872,Neuse River
-78.35098953601076,35.437848877684274,73216000190381,214.03884141579644,73216000191,29.0,33.0,276372.27675320295,Neuse River
-78.3515967579954,35.4394846568114,73216000190391,183.4419577065059,73216000191,29.0,36.0,276555.7187109095,Neuse River
-78.35147758125224,35.441104489648296,73216000190401,199.68031395145027,73216000191,29.0,42.0,276755.39902486093,Neuse River
-78.34968502544478,35.44235583057646,73216000190411,202.35434498683935,73216000191,29.0,39.0,276957.7533698478,Neuse River
-78.34772070382982,35.44180614481928,73216000190421,221.47707143628475,73216000191,29.0,42.0,277179.2304412841,Neuse River
-78.34579209249765,35.44116883625536,73216000190431,203.13744086027435,73216000191,29.0,67.0,277382.36788214435,Neuse River
-78.34593872777731,35.442740426517126,73216000190441,178.67976795742777,73216000191,29.0,63.0,277561.04765010177,Neuse River
-78.34764974196467,35.44394808358222,73216000190451,204.66434377416957,73216000191,29.0,39.0,277765.7119938759,Neuse River
-78.349812012366,35.443528628865096,73216000190461,223.63144824894118,73216000191,29.0,54.0,277989.3434421249,Neuse River
-78.35196363450267,35.443413627070356,73216000190471,179.94427381398503,73216000191,29.0,30.0,278169.2877159389,Neuse River
-78.3541081738198,35.44350027353285,73216000190481,211.12308964876655,73216000191,29.0,30.0,278380.41080558766,Neuse River
-78.35621351143166,35.44380427783391,73216000190491,191.32254170862578,73216000191,29.0,51.0,278571.73334729625,Neuse River
-78.35784983393287,35.44530032881855,73216000190501,242.46083261841733,73216000191,29.0,42.0,278814.19417991466,Neuse River
-78.35900094507677,35.44694836998338,73216000200011,155.53192602018606,73216000201,29.0,30.0,278969.7261059348,Neuse River
-78.35902723623973,35.448706213476406,73216000200021,213.49894080703675,73216000201,29.0,42.0,279183.2250467419,Neuse River
-78.3589653938771,35.45059771812715,73216000200031,203.63112388622085,73216000201,29.0,51.0,279386.8561706281,Neuse River
-78.35710018069184,35.451043605462836,73216000200041,180.718420214266,73216000201,29.0,62.5,279567.57459084236,Neuse River
-78.35579575698837,35.45214521631807,73216000200051,197.62468336566587,73216000201,29.0,77.0,279765.19927420805,Neuse River
-78.35727741433558,35.45271676345964,73216000200061,189.02104607348912,73216000201,29.0,39.0,279954.2203202815,Neuse River
-78.35902006992636,35.45397901828531,73216000200071,216.4940475151228,73216000201,29.0,33.0,280170.71436779667,Neuse River
-78.35900007707528,35.455601029626415,73216000200081,186.34696621259124,73216000201,29.0,54.0,280357.0613340092,Neuse River
-78.3581500138509,35.45734006869695,73216000200091,221.32184731593227,73216000201,29.0,51.0,280578.38318132516,Neuse River
-78.35822907862516,35.45909935535589,73216000200101,187.46931692323682,73216000201,29.0,54.0,280765.8524982484,Neuse River
-78.35909638056123,35.46074089104147,73216000200111,207.93396398822358,73216000201,29.0,54.0,280973.7864622366,Neuse River
-78.36027422369577,35.46211871228132,73216000200121,161.6408149139528,73216000201,29.0,52.5,281135.42727715056,Neuse River
-78.36172074935438,35.463367195772165,73216000200131,212.06729520940613,73216000201,29.0,42.0,281347.49457236,Neuse River
-78.36319593625724,35.4647514931359,73216000200141,192.60966233408607,73216000201,29.0,36.0,281540.1042346941,Neuse River
-78.36434087622129,35.4661285573968,73216000200151,192.60979177364575,73216000201,29.0,42.0,281732.7140264677,Neuse River
-78.36571265779378,35.46764576989621,73216000200161,214.04063977004256,73216000201,29.0,36.0,281946.75466623774,Neuse River
-78.36674536452223,35.4694259736123,73216000200171,225.11922250112298,73216000201,29.0,36.0,282171.87388873886,Neuse River
-78.366754127268,35.47118381805828,73216000200181,179.94537524667197,73216000201,29.0,30.0,282351.81926398556,Neuse River
-78.36696549122863,35.472810881248364,73216000200191,189.78053254704878,73216000201,29.0,55.5,282541.5997965326,Neuse River
-78.36732221637646,35.47457593625602,73216000200201,211.7181670866918,73216000201,29.0,54.0,282753.3179636193,Neuse River
-78.36774279669217,35.476343153476805,73216000200211,193.04848627231485,73216000201,29.300000190734863,51.0,282946.3664498916,Neuse River
-78.36851577673384,35.47798247012733,73216000200221,192.09100265597237,73216000201,29.399999618530273,51.0,283138.45745254756,Neuse River
-78.36918968023664,35.47961962087557,73216000200231,192.0910772616519,73216000201,29.399999618530273,39.0,283330.5485298092,Neuse River
-78.36999134923843,35.481394758513645,73216000200241,227.06634449528445,73216000201,29.399999618530273,42.0,283557.6148743045,Neuse River
-78.37016535136507,35.48315620503007,73216000200251,183.50938650996125,73216000201,29.399999618530273,45.0,283741.1242608145,Neuse River
-78.36996493147288,35.48477389751709,73216000200261,182.84997179400818,73216000201,29.399999618530273,39.0,283923.9742326085,Neuse River
-78.37105519360983,35.4862852983737,73216000200271,222.53510784065725,73216000201,29.399999618530273,42.0,284146.5093404491,Neuse River
-78.3728282905607,35.48767598033439,73216000200281,200.62367043424734,73216000201,29.399999618530273,42.0,284347.1330108834,Neuse River
-78.3734494712443,35.4891772840408,73216000200291,189.02244337449306,73216000201,29.399999618530273,43.5,284536.1554542579,Neuse River
-78.3731852347239,35.49092865183501,73216000200301,209.93706429771024,73216000201,29.600000381469727,45.0,284746.0925185556,Neuse River
-78.3735245184163,35.49269369369782,73216000200311,192.0915678263837,73216000201,29.80000114440918,42.0,284938.184086382,Neuse River
-78.37420302827024,35.49419571439731,73216000200321,170.28656575198247,73216000201,29.80000114440918,42.0,285108.470652134,Neuse River
-78.37550936206412,35.49571139843381,73216000200331,217.47388306907368,73216000201,29.80000114440918,36.0,285325.94453520305,Neuse River
-78.37582006420467,35.49734060818592,73216000200341,193.41300970734306,73216000201,29.80000114440918,39.0,285519.3575449104,Neuse River
-78.3748861759888,35.49907687409567,73216000200351,220.7300375708415,73216000201,29.80000114440918,45.0,285740.0875824812,Neuse River
-78.37447429962134,35.50082536402468,73216000200361,186.94260178901158,73216000201,29.80000114440918,57.0,285927.03018427023,Neuse River
-78.3747607488633,35.502455294784895,73216000200371,188.65899555099713,73216000201,29.80000114440918,42.0,286115.68917982123,Neuse River
-78.37560458025348,35.50423400091228,73216000200381,217.99180128181365,73216000201,30.100000381469727,45.0,286333.68098110304,Neuse River
-78.37441982636577,35.50480041648194,73216000200391,180.49530466601294,73216000201,30.100000381469727,43.5,286514.17628576903,Neuse River
-78.37228946726694,35.504213188930294,73216000200401,216.93385870242196,73216000201,30.100000381469727,48.0,286731.11014447146,Neuse River
-78.3701415115982,35.50416635466669,73216000200411,181.1341165599135,73216000201,30.100000381469727,45.0,286912.2442610314,Neuse River
-78.36814908356067,35.50442032518346,73216000200421,201.82878140389133,73216000201,30.100000381469727,51.0,287114.0730424353,Neuse River
-78.36613369054257,35.505376818682585,73216000200431,199.1546711339542,73216000201,30.100000381469727,42.0,287313.22771356924,Neuse River
-78.3639786457004,35.505553269422094,73216000200441,211.1244697886218,73216000201,30.100000381469727,36.0,287524.35218335787,Neuse River
-78.36182536285688,35.50565395696716,73216000200451,181.13331981175028,73216000201,30.100000381469727,30.0,287705.4855031696,Neuse River
-78.35967207629051,35.50568268161544,73216000200461,213.49972040008348,73216000201,30.100000381469727,36.0,287918.9852235697,Neuse River
-78.35753295857204,35.505459021409465,73216000200471,181.72683834388272,73216000201,30.100000381469727,33.0,288100.71206191357,Neuse River
-78.35554579062259,35.505550653255554,73216000200481,196.08519144816194,73216000201,30.100000381469727,42.0,288296.7972533617,Neuse River
-78.35369546224237,35.506510555138654,73216000200491,188.60251500359465,73216000201,30.100000381469727,42.0,288485.3997683653,Neuse River
-78.35216135131134,35.5079100221884,73216000200501,222.53288788678543,73216000201,30.100000381469727,42.0,288707.9326562521,Neuse River
-78.3504699462105,35.50906264632551,73216000200511,224.80158279414752,73216000201,30.100000381469727,54.0,288932.7342390463,Neuse River
-78.34859814485775,35.51067096754096,73216000210011,183.0814751970199,73216000211,30.100000381469727,71.0,289115.81571424333,Neuse River
-78.34802048171116,35.51214549084972,73216000210021,198.55851722907806,73216000211,30.100000381469727,33.0,289314.3742314724,Neuse River
-78.34880861793657,35.51378564966272,73216000210031,185.1582656803894,73216000211,30.100000381469727,30.0,289499.5324971528,Neuse River
-78.34857031528442,35.5155376519996,73216000210041,212.90406405812058,73216000211,30.100000381469727,42.0,289712.4365612109,Neuse River
-78.34847947078063,35.51729328788362,73216000210051,182.31949690334702,73216000211,30.100000381469727,51.0,289894.75605811423,Neuse River
-78.34865302742384,35.5190547391064,73216000210061,210.52834674750187,73216000211,30.100000381469727,30.0,290105.28440486174,Neuse River
-78.3482647105489,35.520803830441274,73216000210071,188.6563876241226,73216000211,30.100000381469727,46.5,290293.94079248584,Neuse River
-78.34738503763252,35.522406905117776,73216000210081,211.36486240664837,73216000211,30.100000381469727,42.0,290505.3056548925,Neuse River
-78.34591482693634,35.523861768121826,73216000210091,188.60168545309975,73216000211,30.100000381469727,42.0,290693.9073403456,Neuse River
-78.34470898957912,35.52532243602013,73216000210101,213.2803923669256,73216000211,30.100000381469727,51.0,290907.18773271254,Neuse River
-78.34343699988568,35.52678163269164,73216000210111,181.73750717781752,73216000211,30.100000381469727,48.0,291088.92523989035,Neuse River
-78.34190587700584,35.5280728572713,73216000210121,215.66795489890765,73216000211,30.100000381469727,39.0,291304.59319478925,Neuse River
-78.3400548645102,35.52903251693911,73216000210131,188.60123008439928,73216000211,30.100000381469727,42.0,291493.1944248737,Neuse River
-78.33819577106325,35.53023533196284,73216000210141,229.96975439974676,73216000211,30.100000381469727,49.5,291723.1641792734,Neuse River
-78.33659928160844,35.53149800139948,73216000210151,191.5629261951517,73216000211,30.100000381469727,42.0,291914.72710546857,Neuse River
-78.33516623469403,35.53281834297318,73216000210161,182.49479657460233,73216000211,30.100000381469727,42.0,292097.22190204315,Neuse River
-78.33409229172304,35.534281811998795,73216000210171,209.84725987052087,73216000211,31.700000762939453,48.0,292307.0691619137,Neuse River
-78.33288160400977,35.53587744586774,73216000210181,217.46908853783773,73216000211,32.10000228881836,54.0,292524.5382504515,Neuse River
-78.3313778227243,35.53733137484824,73216000210191,192.03219777339888,73216000211,32.10000228881836,42.0,292716.5704482249,Neuse River
-78.32981593465499,35.538540633237645,73216000210201,191.5623207908212,73216000211,32.10000228881836,30.0,292908.13276901573,Neuse River
-78.32835048626075,35.539833129044865,73216000210211,219.09821689346322,73216000211,32.10000228881836,45.0,293127.23098590923,Neuse River
-78.32687960761163,35.54128772710508,73216000210221,192.03174475463885,73216000211,32.10000228881836,30.0,293319.2627306638,Neuse River
-78.32570621546,35.54274890794434,73216000210231,194.5303787006097,73216000211,32.10000228881836,30.0,293513.79310936446,Neuse River
-78.32563888727995,35.544505230210845,73216000210241,211.11975587747588,73216000211,32.10000228881836,36.0,293724.91286524193,Neuse River
-78.32580134415049,35.54640399079043,73216000210251,213.4954923472023,73216000211,32.10000228881836,42.0,293938.40835758916,Neuse River
-78.32632015374398,35.54817058356038,73216000210261,204.2984901949153,73216000211,32.10000228881836,48.0,294142.70684778405,Neuse River
-78.32659692277687,35.549799139554764,73216000210271,182.91137999928947,73216000211,32.10000228881836,57.0,294325.61822778336,Neuse River
-78.3262740666697,35.55154959188766,73216000210281,216.3342836616068,73216000211,32.10000228881836,54.0,294541.9525114449,Neuse River
-78.32529439699898,35.553150263077086,73216000210291,179.06194787068313,73216000211,32.10000228881836,57.0,294721.01445931563,Neuse River
-78.32399302362404,35.554473378489405,73216000210301,192.03149076144277,73216000211,32.10000228881836,54.0,294913.04595007707,Neuse River
-78.32229302443164,35.55584170065565,73216000210311,236.4261341728195,73216000211,32.10000228881836,48.0,295149.4720842499,Neuse River
-78.320128479741,35.55624590339356,73216000210321,182.3172698593237,73216000211,32.10000228881836,42.0,295331.7893541092,Neuse River
-78.31797832680796,35.55623245629669,73216000210331,209.93160457687569,73216000211,32.10000228881836,30.0,295541.7209586861,Neuse River
-78.31566375232089,35.556180911597245,73216000210341,209.93134126176483,73216000211,32.10000228881836,60.0,295751.65229994786,Neuse River
-78.31351450985322,35.55613300882261,73216000210351,179.94093990308363,73216000211,32.10000228881836,30.0,295931.59323985095,Neuse River
-78.3113652724204,35.55608506801974,73216000210361,209.93085164240426,73216000211,32.10000228881836,60.0,296141.52409149334,Neuse River
-78.3092124254065,35.5561451684142,73216000210371,196.24461255541556,73216000211,32.10000228881836,61.5,296337.76870404877,Neuse River
-78.30735224889943,35.557347455105656,73216000210381,212.06146216196788,73216000211,33.099998474121094,84.0,296549.8301662107,Neuse River
-78.30582358205011,35.55853008487761,73216000210391,169.6490322240486,73216000211,33.400001525878906,39.0,296719.4791984348,Neuse River
-78.30422421058924,35.55984631248727,73216000210401,228.9103835564485,73216000211,33.400001525878906,42.0,296948.38958199124,Neuse River
-78.30358373039638,35.561454179966205,73216000210411,181.721290517928,73216000211,33.400001525878906,30.0,297130.11087250913,Neuse River
-78.30401634582515,35.56308646682771,73216000210421,203.5380226028177,73216000211,33.400001525878906,42.0,297333.648895112,Neuse River
-78.30545461567903,35.564605846327765,73216000210431,200.04227997848088,73216000211,33.400001525878906,36.0,297533.69117509044,Neuse River
-78.30724172373482,35.56559220596193,73216000210441,204.4968955513097,73216000211,33.400001525878906,42.0,297738.1880706418,Neuse River
-78.30936318605518,35.56647784783986,73216000210451,225.3433617651782,73216000211,33.400001525878906,42.0,297963.5314324069,Neuse River
-78.31149914910249,35.566931135291185,73216000210461,183.5042595501459,73216000211,33.400001525878906,42.0,298147.0356919571,Neuse River
-78.31346798409422,35.56743473866527,73216000210471,197.43362922943425,73216000211,33.400001525878906,42.0,298344.46932118654,Neuse River
-78.31504601159565,35.56874080394739,73216000210481,204.21134249736767,73216000211,33.400001525878906,39.0,298548.68066368386,Neuse River
-78.31585173254669,35.57038116507171,73216000210491,199.1498972805049,73216000211,33.400001525878906,42.0,298747.8305609644,Neuse River
-78.31685140748658,35.572161041867226,73216000210501,236.79810755008248,73216000211,33.400001525878906,42.0,298984.6286685145,Neuse River
-79.24002817354145,33.391212086062865,73220100020013,144.71901345322857,73220100023,0.100000001490116,757.0,28295.34526573779,Waccamaw River
-79.23823519623681,33.39216059491906,73220100020023,223.66201073505255,73220100023,0.100000001490116,710.5,28519.007276472843,Waccamaw River
-79.23643671713452,33.39337954230244,73220100020033,191.6369973295205,73220100023,0.100000001490116,763.0,28710.64427380236,Waccamaw River
-79.23505844738037,33.394550332492145,73220100020043,187.6289240377903,73220100023,0.100000001490116,765.0,28898.273197840153,Waccamaw River
-79.23370636413776,33.396019076605185,73220100020053,216.79501358580248,73220100023,0.100000001490116,746.5,29115.068211425954,Waccamaw River
-79.23257720843458,33.3976262525716,73220100020063,207.25347245444317,73220100023,0.100000001490116,757.0,29322.3216838804,Waccamaw River
-79.2316414813252,33.3992361746096,73220100020073,192.1618797695925,73220100023,0.100000001490116,711.0,29514.483563649992,Waccamaw River
-79.23099318913975,33.40098545919374,73220100020083,217.60701466288128,73220100023,0.100000001490116,697.0,29732.090578312873,Waccamaw River
-79.23047385511569,33.40273657911605,73220100020093,183.5768533294207,73220100023,0.100000001490116,728.0,29915.667431642294,Waccamaw River
-79.22989274782229,33.4043515432724,73220100020103,200.94483313421065,73220100023,0.100000001490116,736.5,30116.612264776504,Waccamaw River
-79.2284436782353,33.40581883939245,73220100020113,204.13018918048,73220100023,0.100000001490116,699.0,30320.742453956984,Waccamaw River
-79.22680821673421,33.406931747997064,73220100020123,188.67306596067607,73220100023,0.100000001490116,655.0,30509.41551991766,Waccamaw River
-79.22523941114439,33.4079373709899,73220100020133,187.6282715427487,73220100023,0.100000001490116,614.0,30697.043791460408,Waccamaw River
-79.2237902031004,33.409404607267675,73220100020143,227.09400409996158,73220100023,0.100000001490116,606.0,30924.13779556037,Waccamaw River
-79.2225344421798,33.41087459794868,73220100020153,178.3729307390083,73220100023,0.100000001490116,638.0,31102.510726299377,Waccamaw River
-79.22143988716174,33.412346886486,73220100020163,209.92752096861972,73220100023,0.100000001490116,690.0,31312.438247267997,Waccamaw River
-79.22031028515832,33.41395393226501,73220100020173,210.68579173687692,73220100023,0.100000001490116,678.5,31523.124039004877,Waccamaw River
-79.21902214712672,33.41542341940389,73220100020183,181.80595467081903,73220100023,0.100000001490116,739.0,31704.929993675694,Waccamaw River
-79.21808596810604,33.417033220115144,73220100020193,226.1908858549089,73220100023,0.100000001490116,823.0,31931.120879530605,Waccamaw River
-79.21721425762111,33.41864393951103,73220100020203,173.02279232166893,73220100023,0.100000001490116,825.0,32104.14367185227,Waccamaw River
-79.2159905008059,33.42011431727303,73220100020213,216.7936000013869,73220100023,0.100000001490116,886.5,32320.937271853658,Waccamaw River
-79.21457318363377,33.42158189531899,73220100020223,204.1291293599896,73220100023,0.100000001490116,1039.0,32525.066401213648,Waccamaw River
-79.21299732135432,33.42291190089889,73220100020233,200.12110515433122,73220100023,0.100000001490116,954.0,32725.18750636798,Waccamaw River
-79.21161493532252,33.424244675715435,73220100020243,196.11309504424733,73220100023,0.100000001490116,996.0,32921.30060141223,Waccamaw River
-79.21029923651699,33.425470180347034,73220100020253,179.7161173395254,73220100023,0.100000001490116,1124.0,33101.01671875175,Waccamaw River
-79.20850356692071,33.42649935826117,73220100020263,223.6595565421593,73220100023,0.100000001490116,905.5,33324.67627529391,Waccamaw River
-79.20654602339907,33.42755322216523,73220100020273,209.92648070729916,73220100023,0.100000001490116,968.0,33534.602756001215,Waccamaw River
-79.20459400350953,33.42833659399902,73220100020283,194.83500396706506,73220100023,0.100000001490116,1114.0,33729.43775996828,Waccamaw River
-79.2028049008296,33.42904113387656,73220100020293,182.56328401823384,73220100023,0.100000001490116,1183.0,33912.001043986515,Waccamaw River
-79.20100963048279,33.43004315137079,73220100020303,208.0095288311805,73220100023,0.100000001490116,1240.5,34120.01057281769,Waccamaw River
-79.19921767204639,33.430882866444975,73220100020313,189.24577865186734,73220100023,0.100000001490116,992.0,34309.25635146956,Waccamaw River
-79.19757801473482,33.4321576320141,73220100020323,212.14359521279036,73220100023,0.100000001490116,784.0,34521.39994668235,Waccamaw River
-79.19593719000592,33.433486465617435,73220100020333,200.69450774726687,73220100023,0.100000001490116,751.0,34722.094454429614,Waccamaw River
-79.19399055121757,33.433994505329444,73220100020343,212.91654633155633,73220100023,0.100000001490116,695.0,34935.01100076117,Waccamaw River
-79.19189382456115,33.43396864520453,73220100020353,180.0095328711407,73220100023,0.100000001490116,695.0,35115.02053363231,Waccamaw River
-79.18979597763166,33.43399214216397,73220100020363,212.38753760225055,73220100023,0.100000001490116,649.0,35327.40807123456,Waccamaw River
-79.18769025808236,33.434394242660204,73220100020373,190.44194040597512,73220100023,0.100000001490116,766.5,35517.85001164054,Waccamaw River
-79.1857407414177,33.43504207770938,73220100020383,199.22541016690343,73220100023,0.100000001490116,664.0,35717.07542180744,Waccamaw River
-79.18401023932547,33.43601773597271,73220100020393,184.1921504804322,73220100023,0.100000001490116,566.0,35901.26757228788,Waccamaw River
-79.18278567990518,33.43748775499189,73220100020403,216.79086943461584,73220100023,0.100000001490116,444.0,36118.05844172249,Waccamaw River
-79.1816901147463,33.43895965285975,73220100020413,175.69532082797866,73220100023,0.100000001490116,417.0,36293.75376255047,Waccamaw River
-79.18030700015672,33.44029205055543,73220100020423,204.12648009456228,73220100023,0.100000001490116,402.0,36497.88024264503,Waccamaw River
-79.17879197674691,33.441757762930834,73220100020433,230.52336854031267,73220100023,0.100000001490116,381.0,36728.40361118534,Waccamaw River
-79.17708899808513,33.44295015409888,73220100020443,187.6248654977688,73220100023,0.100000001490116,360.0,36916.02847668311,Waccamaw River
-79.17570574926913,33.44428249510168,73220100020453,204.12611924197174,73220100023,0.100000001490116,360.0,37120.15459592508,Waccamaw River
-79.17422850765503,33.44547816635746,73220100020463,169.71336513864637,73220100023,0.100000001490116,413.0,37289.867961063734,Waccamaw River
-79.17258764822562,33.446779622203934,73220100020473,239.11319900960316,73220100023,0.100000001490116,405.0,37528.98116007334,Waccamaw River
-79.17079167616382,33.447781175373976,73220100020483,189.2437283838611,73220100023,0.100000001490116,408.0,37718.224888457196,Waccamaw River
-79.16934486581413,33.4490583956589,73220100020493,192.10209764103425,73220100023,0.100000001490116,381.0,37910.326986098225,Waccamaw River
-79.1680876088908,33.450527775421364,73220100020503,205.33194303979656,73220100023,0.100000001490116,400.5,38115.65892913802,Waccamaw River
-79.16734083515519,33.45227522693316,73220100020513,217.60178891901873,73220100023,0.100000001490116,469.0,38333.26071805705,Waccamaw River
-79.16727157991919,33.454032692705624,73220100020523,182.97832922729947,73220100023,0.100000001490116,804.5,38516.23904728434,Waccamaw River
-79.16726684998106,33.45579111207671,73220100020533,216.41349603764735,73220100023,0.100000001490116,539.0,38732.652543321994,Waccamaw River
-79.16642492117631,33.45745598738364,73220100020543,187.89879601077067,73220100023,0.100000001490116,504.5,38920.551339332764,Waccamaw River
-79.16459924049123,33.458321735636666,73220100020553,208.00664748087814,73220100023,0.100000001490116,478.0,39128.55798681364,Waccamaw River
-79.1628000843772,33.459458385904476,73220100020563,196.1095012573847,73220100023,0.100000001490116,466.0,39324.66748807102,Waccamaw River
-79.16100259511842,33.460513872578375,73220100020573,227.6633345904486,73220100023,0.100000001490116,495.0,39552.330822661475,Waccamaw River
-79.16087323363308,33.462054009270744,73220100030011,175.34457165552678,73220100031,0.100000001490116,365.7918701171875,39727.675394317,Great Pee Dee River
-79.16249031957398,33.46343067688298,73220100030021,187.04351399061866,73220100031,0.100000001490116,366.97161865234375,39914.718908307615,Great Pee Dee River
-79.16372594254048,33.46453113614696,73220100030031,165.70484834570115,73220100031,0.100000001490116,366.97161865234375,40080.42375665331,Great Pee Dee River
-79.16492362688746,33.465901558073725,73220100030041,216.789402807439,73220100031,0.100000001490116,364.185302734375,40297.213159460756,Great Pee Dee River
-79.16551678348824,33.467669527890614,73220100030051,229.2242657422276,73220100031,0.100000001490116,363.75848388671875,40526.43742520298,Great Pee Dee River
-79.16617599328978,33.469274746046224,73220100050011,151.19469355823597,73220100051,0.100000001490116,360.3551025390625,40745.58232735789,Great Pee Dee River
-79.16756797114257,33.47062096496122,73220100050021,225.29650748993691,73220100051,0.100000001490116,357.5982971191406,40970.87883484783,Great Pee Dee River
-79.16876238300502,33.47215362452623,73220100050031,204.51336368418512,73220100051,0.100000001490116,355.772216796875,41175.39219853201,Great Pee Dee River
-79.17076546216646,33.47220474171961,73220100050041,177.6739634409523,73220100051,0.100000001490116,71.0,41353.066161972965,Great Pee Dee River
-79.17213039707651,33.4731772829393,73220100050051,196.68482774757604,73220100051,0.200000002980232,84.0,41549.75098972054,Great Pee Dee River
-79.17309958748778,33.4746795261465,73220100050061,197.5073766526065,73220100051,1.049999952316284,152.5,41747.25836637315,Great Pee Dee River
-79.1740688104051,33.476181762563364,73220100050071,197.25964285989073,73220100051,1.899999976158142,129.0,41944.51800923304,Great Pee Dee River
-79.17558671063698,33.47769207171692,73220100050081,227.08991631781197,73220100051,1.899999976158142,108.0,42171.60792555085,Great Pee Dee River
-79.17668226980759,33.479331416919614,73220100050091,195.79070317118658,73220100051,1.899999976158142,83.5,42367.39862872204,Great Pee Dee River
-79.1770355569065,33.480961258293014,73220100050101,186.41297655836576,73220100051,1.899999976158142,94.0,42553.8116052804,Great Pee Dee River
-79.17639116378729,33.482438300632225,73220100050111,179.12822080188621,73220100051,1.899999976158142,127.0,42732.93982608229,Great Pee Dee River
-79.1749426968773,33.48376965331435,73220100050121,221.16401723192652,73220100051,1.899999976158142,159.0,42954.10384331422,Great Pee Dee River
-79.17310914637298,33.48498709575286,73220100050131,150.00686208437253,73220100051,1.899999976158142,155.0,43104.11070539859,Great Pee Dee River
-79.17147318215893,33.48601805106581,73220100050141,257.57985381887727,73220100051,1.899999976158142,127.0,43361.690559217466,Great Pee Dee River
-79.16995718220572,33.48748361328,73220100050151,196.11005091237013,73220100051,1.899999976158142,105.0,43557.80061012984,Great Pee Dee River
-79.16882845768339,33.488954880573935,73220100050161,197.50708228272123,73220100051,1.899999976158142,94.0,43755.307692412556,Great Pee Dee River
-79.1682778467458,33.49056995366173,73220100050171,184.69540866425882,73220100051,1.899999976158142,122.0,43940.003101076814,Great Pee Dee River
-79.16804715007079,33.492325022653375,73220100050181,211.7914399402787,73220100051,1.899999976158142,135.0,44151.794541017094,Great Pee Dee River
-79.16787815156793,33.494216270760965,73220100050191,210.00899984360706,73220100051,1.899999976158142,120.0,44361.8035408607,Great Pee Dee River
-79.16799966293456,33.495976589335996,73220100050201,182.3842995871059,73220100051,1.899999976158142,108.0,44544.187840447805,Great Pee Dee River
-79.16799775351603,33.49773499785198,73220100050211,214.10253694577472,73220100051,1.899999976158142,94.0,44758.29037739358,Great Pee Dee River
-79.16771101226712,33.499489108499446,73220100050221,182.38428693255088,73220100051,1.899999976158142,107.0,44940.674664326136,Great Pee Dee River
-79.1683784619398,33.501122317081595,73220100050231,201.89885189061243,73220100051,1.899999976158142,108.0,45142.57351621675,Great Pee Dee River
-79.16940959151974,33.50276077125661,73220100050241,216.7898539682963,73220100051,1.899999976158142,150.0,45359.36337018504,Great Pee Dee River
-79.17073699757808,33.50413305819072,73220100050251,165.70535766067297,73220100051,1.899999976158142,116.0,45525.06872784572,Great Pee Dee River
-79.17216413882458,33.505371535935154,73220100050261,204.12592315203676,73220100051,1.899999976158142,84.0,45729.19465099775,Great Pee Dee River
-79.17339193407639,33.506877592935766,73220100050271,208.0072958975194,73220100051,1.899999976158142,118.5,45937.20194689527,Great Pee Dee River
-79.17401592019306,33.50864552388983,73220100050281,214.10305817041848,73220100051,1.899999976158142,120.0,46151.30500506569,Great Pee Dee River
-79.17409288787088,33.51040488532385,73220100050291,182.38475594668873,73220100051,1.899999976158142,123.0,46333.68976101238,Great Pee Dee River
-79.17454024156955,33.51216995776522,73220100050301,215.88554760773127,73220100051,1.899999976158142,94.0,46549.57530862011,Great Pee Dee River
-79.17487939075595,33.51393360126192,73220100050311,181.7906690796442,73220100051,1.800000071525574,93.0,46731.36597769975,Great Pee Dee River
-79.17478925251727,33.5156905822702,73220100050321,212.3861830101664,73220100051,1.800000071525574,94.0,46943.75216070992,Great Pee Dee River
-79.1742357159964,33.51744089873104,73220100050331,190.44088290384698,73220100051,1.800000071525574,104.5,47134.19304361377,Great Pee Dee River
-79.17329753607672,33.51905027097665,73220100050341,199.22442794629998,73220100051,1.800000071525574,101.0,47333.41747156007,Great Pee Dee River
-79.17242389849542,33.52066058767514,73220100050351,199.22436002466938,73220100051,1.700000047683716,94.0,47532.64183158474,Great Pee Dee River
-79.17174111955971,33.522408982623524,73220100050361,214.10290128532546,73220100051,1.5,92.0,47746.744732870065,Great Pee Dee River
-79.17163669197623,33.524165479456975,73220100050371,182.38460331799928,73220100051,1.5,94.0,47929.12933618806,Great Pee Dee River
-79.17212488202502,33.525661060974734,73220100050381,184.85207786637713,73220100051,1.5,123.0,48113.98141405444,Great Pee Dee River
-79.1734821126557,33.52716902886078,73220100050391,212.01518730870998,73220100051,1.5,276.5,48325.99660136315,Great Pee Dee River
-79.17451362615796,33.52880744766151,73220100050401,213.35712893512365,73220100051,1.5,48.0,48539.35373029827,Great Pee Dee River
-79.17554517741627,33.53044585881916,73220100050411,197.50765558525651,73220100051,1.5,82.0,48736.86138588353,Great Pee Dee River
-79.17564025742968,33.53207046579611,73220100050421,185.81880826158672,73220100051,1.5,94.0,48922.68019414511,Great Pee Dee River
-79.17476651977856,33.53368079282224,73220100050431,201.89941631016345,73220100051,1.5,101.0,49124.57961045528,Great Pee Dee River
-79.17389274866402,33.53529111222765,73220100050441,201.89934516518045,73220100051,1.5,94.0,49326.478955620456,Great Pee Dee River
-79.17279003211655,33.53703331252313,73220100050451,222.5228748558735,73220100051,1.5,87.0,49549.00183047633,Great Pee Dee River
-79.17252696153477,33.538787899538264,73220100050461,182.97883280008682,73220100051,1.5,94.0,49731.980663276416,Great Pee Dee River
-79.17200265915673,33.540402491433284,73220100050471,189.84661149418181,73220100051,1.5,191.5,49921.8272747706,Great Pee Dee River
-79.1724234935989,33.54216804410916,73220100050481,218.13103416923389,73220100051,1.5,189.0,50139.95830893984,Great Pee Dee River
-79.17277405255365,33.54393168810334,73220100050491,195.79051824265912,73220100051,1.5,151.5,50335.74882718249,Great Pee Dee River
-79.17374113966957,33.54556916182803,73220100050501,199.2244961092683,73220100051,1.5,129.0,50534.97332329176,Great Pee Dee River
-79.17444986997724,33.54720281822539,73220100050511,188.72398895729884,73220100051,1.5,111.5,50723.69731224906,Great Pee Dee River
-79.17491262027494,33.54896836231628,73220100050521,214.10320163058867,73220100051,1.5,142.0,50937.80051387964,Great Pee Dee River
-79.17460200837537,33.5507219981894,73220100050531,188.72400801706777,73220100051,1.5,158.5,51126.52452189672,Great Pee Dee River
-79.1737603482951,33.55233278293084,73220100050541,199.22451538403863,73220100051,1.5,171.0,51325.74903728075,Great Pee Dee River
-79.17272484687294,33.553940699264615,73220100050551,204.5741379780756,73220100051,1.5,150.0,51530.32317525883,Great Pee Dee River
-79.17191542064955,33.55555194539799,73220100050561,188.7238205623657,73220100051,1.5,115.0,51719.0469958212,Great Pee Dee River
-79.17132923127485,33.55730175049588,73220100050571,215.29122082478935,73220100051,1.5,80.0,51934.338216645985,Great Pee Dee River
-79.1710014433905,33.55905537107509,73220100050581,189.08750467148315,73220100051,1.5,79.0,52123.42572131747,Great Pee Dee River
-79.16955042023929,33.5604406886296,73220100050591,207.41236818348358,73220100051,1.5,92.5,52330.838089500954,Great Pee Dee River
-79.1676121910289,33.56041200517224,73220100050601,187.53543237554703,73220100051,1.5,63.0,52518.3735218765,Great Pee Dee River
-79.16552445675913,33.55981295692376,73220100050611,217.6020778216232,73220100051,1.5,77.0,52735.975599698126,Great Pee Dee River
-79.16358281036358,33.559946479403486,73220100050621,174.7357575278031,73220100051,1.5,84.0,52910.711357225926,Great Pee Dee River
-79.16258620566299,33.56150068942516,73220100050631,218.49399404077693,73220100051,1.5,120.0,53129.205351266704,Great Pee Dee River
-79.1630924172045,33.563266749663505,73220100050641,206.28961963022857,73220100051,1.5,108.0,53335.49497089693,Great Pee Dee River
-79.16432082120905,33.564772905744036,73220100050651,179.12749401588417,73220100051,1.5,108.0,53514.62246491281,Great Pee Dee River
-79.16506467832329,33.56627186589325,73220100050661,193.87417606526947,73220100051,1.5,136.0,53708.49664097808,Great Pee Dee River
-79.16566789217849,33.568039354040145,73220100050671,215.29075678345882,73220100051,1.5,123.0,53923.787397761545,Great Pee Dee River
-79.16594519733073,33.5699372750818,73220100050681,211.79140367628116,73220100051,1.5,92.0,54135.57880143783,Great Pee Dee River
-79.16572560615919,33.57169230959464,73220100050691,184.69534774105364,73220100051,1.5,92.0,54320.27414917888,Great Pee Dee River
-79.16498048732538,33.5733044537883,73220100050701,207.7204698140082,73220100051,1.5,73.5,54527.99461899289,Great Pee Dee River
-79.16311941900165,33.5741918494476,73220100050711,188.493016481516,73220100051,1.5,91.0,54716.487635474405,Great Pee Dee River
-79.16101877152897,33.57420689893544,73220100050721,211.79127571331935,73220100051,1.5,92.0,54928.27891118772,Great Pee Dee River
-79.15890376733358,33.574864425455566,73220100050731,221.55535859894388,73220100051,1.5,105.0,55149.83426978667,Great Pee Dee River
-79.15735132842227,33.57643745099196,73220100060011,170.34418767044932,73220100061,1.549999952316284,82.0,55320.178457457114,Great Pee Dee River
-79.15657370104034,33.578049055521156,73220100060021,203.61428527824887,73220100061,1.600000023841858,77.5,55523.79274273536,Great Pee Dee River
-79.15509153927223,33.57935256591884,73220100060031,181.80179196444675,73220100061,1.600000023841858,84.0,55705.594534699805,Great Pee Dee River
-79.15313907304402,33.57996306155998,73220100060041,216.94144086660836,73220100061,1.600000023841858,92.0,55922.53597556642,Great Pee Dee River
-79.1510388711048,33.579946168711814,73220100060051,186.77520081877904,73220100061,1.600000023841858,76.0,56109.31117638519,Great Pee Dee River
-79.14898712232551,33.58066814646391,73220100060061,224.6017184684562,73220100061,1.600000023841858,84.0,56333.91289485365,Great Pee Dee River
-79.14808063162224,33.58225071169816,73220100060071,182.97715302908517,73220100061,1.600000023841858,86.0,56516.890047882735,Great Pee Dee River
-79.14807537993481,33.58400908225891,73220100060081,213.57236708302577,73220100061,1.600000023841858,67.0,56730.46241496576,Great Pee Dee River
-79.14835516344908,33.585772289207654,73220100060091,182.97717505283075,73220100061,1.600000023841858,90.0,56913.43959001859,Great Pee Dee River
-79.14825875188765,33.58752872429025,73220100060101,211.78997012715993,73220100061,1.600000023841858,78.0,57125.22956014575,Great Pee Dee River
-79.14796267028487,33.58928273963237,73220100060111,182.91170515255146,73220100061,1.600000023841858,65.0,57308.141265298305,Great Pee Dee River
-79.14614208216159,33.589769476237194,73220100060121,225.78983281609663,73220100061,1.600000023841858,60.0,57533.9310981144,Great Pee Dee River
-79.14422870916893,33.588550453580154,73220100060131,196.6829420921116,73220100061,1.600000023841858,75.0,57730.614040206514,Great Pee Dee River
-79.14246304347591,33.588009935813304,73220100060141,184.0997780567529,73220100061,1.600000023841858,67.0,57914.71381826326,Great Pee Dee River
-79.14067418937617,33.588497078023515,73220100060151,204.64098702214056,73220100061,1.600000023841858,105.0,58119.3548052854,Great Pee Dee River
-79.13889439290473,33.590093492875546,73220100060161,215.22649743329208,73220100061,1.600000023841858,75.0,58334.581302718696,Great Pee Dee River
-79.13779605010387,33.59156487650425,73220100060171,198.6269311046108,73220100061,1.600000023841858,73.5,58533.20823382331,Great Pee Dee River
-79.1381495381656,33.59316632266447,73220100060181,206.28770708067432,73220100061,1.600000023841858,88.0,58739.49594090398,Great Pee Dee River
-79.14007975809545,33.59360115603715,73220100060191,189.08545927486654,73220100061,1.600000023841858,94.0,58928.581400178846,Great Pee Dee River
-79.14203609967848,33.59281896752946,73220100060201,200.18013569478077,73220100061,1.600000023841858,86.5,59128.76153587363,Great Pee Dee River
-79.14398545476902,33.59236127850858,73220100060211,184.69400546718808,73220100061,1.600000023841858,106.5,59313.455541340816,Great Pee Dee River
-79.1460853705976,33.59241982236597,73220100060221,214.69525296214294,73220100061,1.600000023841858,94.0,59528.15079430296,Great Pee Dee River
-79.14813447669248,33.59334326658515,73220100060231,214.11343029949583,73220100061,1.600000023841858,84.0,59742.264224602455,Great Pee Dee River
-79.14851990080999,33.59497221776056,73220100060241,186.41107542586573,73220100061,1.600000023841858,111.5,59928.67530002832,Great Pee Dee River
-79.14761555278396,33.596446593332146,73220100060251,178.36804132207502,73220100061,1.600000023841858,108.0,60107.0433413504,Great Pee Dee River
-79.14622641190718,33.59791369628833,73220100060261,224.4127359434304,73220100061,1.600000023841858,122.0,60331.45607729383,Great Pee Dee River
-79.14528677904654,33.59952278898071,73220100060271,189.08567345277194,73220100061,1.600000023841858,148.5,60520.5417507466,Great Pee Dee River
-79.14497320663456,33.60127582107493,73220100060281,212.3838623757687,73220100061,1.600000023841858,184.0,60732.92561312237,Great Pee Dee River
-79.14537308191699,33.603040970076066,73220100060291,197.5054503556437,73220100061,1.600000023841858,161.0,60930.43106347801,Great Pee Dee River
-79.1464724203932,33.60454536420987,73220100060301,196.68308026029285,73220100061,1.600000023841858,148.0,61127.114143738305,Great Pee Dee River
-79.14805949525476,33.60592178872716,73220100060311,212.1398040028682,73220100061,1.600000023841858,127.0,61339.25394774117,Great Pee Dee River
-79.14948790597259,33.60716055449719,73220100060321,169.71194008387212,73220100061,1.600000023841858,84.0,61508.96588782504,Great Pee Dee River
-79.15091635701165,33.60839930510622,73220100060331,208.1322264338345,73220100061,1.600000023841858,84.0,61717.09811425888,Great Pee Dee River
-79.15204529361719,33.61003935904709,73220100060341,209.8995818264837,73220100061,1.600000023841858,189.0,61926.99769608536,Great Pee Dee River
-79.15259823556288,33.61167071331844,73220100060351,209.43403667729135,73220100061,1.600000023841858,184.0,62136.431732762656,Great Pee Dee River
-79.15320141629758,33.61343825273186,73220100060361,200.9392505198824,73220100061,1.600000023841858,152.5,62337.37098328253,Great Pee Dee River
-79.154268693689,33.6149421014603,73220100060371,174.93535466614503,73220100061,1.600000023841858,129.0,62512.30633794868,Great Pee Dee River
-79.15543298100383,33.616447388457175,73220100060381,220.22204711923666,73220100061,1.600000023841858,129.0,62732.52838506792,Great Pee Dee River
-79.15652977766486,33.61808692367652,73220100060391,197.50633514333435,73220100061,1.600000023841858,152.5,62930.03472021125,Great Pee Dee River
-79.15714172898299,33.61971922426294,73220100060401,194.8315565900823,73220100061,1.600000023841858,171.0,63124.86627680133,Great Pee Dee River
-79.15785068103364,33.621352967110724,73220100060411,190.4398317179972,73220100061,1.600000023841858,170.0,63315.30610851933,Great Pee Dee River
-79.15855678107201,33.62312192837317,73220100060421,223.71007541280375,73220100061,1.600000023841858,150.0,63539.01618393214,Great Pee Dee River
-79.15945687479424,33.624893773703164,73220100060431,204.57319466646783,73220100061,1.600000023841858,111.5,63743.589378598605,Great Pee Dee River
-79.16029522218952,33.62652942915797,73220100060441,190.4400182129297,73220100061,1.600000023841858,115.0,63934.02939681153,Great Pee Dee River
-79.1604518171533,33.628290201870115,73220100060451,211.7910558670858,73220100061,1.600000023841858,123.0,64145.82045267862,Great Pee Dee River
-79.15990119140946,33.629851079059335,73220100060461,195.92742506108917,73220100061,1.600000023841858,156.0,64341.747877739705,Great Pee Dee River
-79.15898973322535,33.63165005661071,73220100060471,199.2235026964584,73220100061,1.600000023841858,152.5,64540.97138043617,Great Pee Dee River
-79.15817925932278,33.63326116040233,73220100060481,189.08668421236504,73220100061,1.600000023841858,148.5,64730.05806464853,Great Pee Dee River
-79.15810949659384,33.63501856103984,73220100060491,210.60258810802824,73220100061,1.600000023841858,150.0,64940.66065275656,Great Pee Dee River
-79.1582337219655,33.636778851511764,73220100060501,182.3838200036896,73220100061,1.600000023841858,162.5,65123.04447276025,Great Pee Dee River
-79.15843989221038,33.63854010495735,73220100060511,213.507852924601,73220100061,1.600000023841858,180.0,65336.552325684854,Great Pee Dee River
-79.15869987912737,33.64043802446904,73220100060521,213.5078748163758,73220100061,1.800000071525574,170.0,65550.06020050123,Great Pee Dee River
-79.15853887011471,33.64219397854413,73220100060531,180.60142381020904,73220100061,1.800000071525574,151.0,65730.66162431144,Great Pee Dee River
-79.15850143346172,33.643951858711816,73220100060541,211.790922406905,73220100061,2.0,151.0,65942.45254671834,Great Pee Dee River
-79.15852002433081,33.64584592335449,73220100060551,212.38506812091967,73220100061,2.050000190734863,151.0,66154.83761483926,Great Pee Dee River
-79.1586500232004,33.647606693034014,73220100060561,181.78972407958065,73220100061,2.100000143051147,176.5,66336.62733891884,Great Pee Dee River
-79.15871535183658,33.649365535321564,73220100060571,211.19680612491152,73220100061,2.100000143051147,151.0,66547.82414504375,Great Pee Dee River
-79.15928656078555,33.651132565928805,73220100060581,202.8562799394399,73220100061,2.100000143051147,97.5,66750.68042498319,Great Pee Dee River
-79.15918963363356,33.65264608238261,73220100060591,194.60145511884997,73220100061,2.100000143051147,191.0,66945.28188010205,Great Pee Dee River
-79.15707785881877,33.653074508494214,73220100060601,211.79109040930894,73220100061,2.100000143051147,108.0,67157.07297051135,Great Pee Dee River
-79.15497183734479,33.65323245543958,73220100060611,182.97798136372478,73220100061,2.100000143051147,122.0,67340.05095187508,Great Pee Dee River
-79.15286349819658,33.65350337604614,73220100060621,213.5731598520744,73220100061,2.299999952316284,94.0,67553.62411172716,Great Pee Dee River
-79.15090816089311,33.65417267584445,73220100060631,185.99311720368343,73220100061,2.299999952316284,84.0,67739.61722893083,Great Pee Dee River
-79.14910985453835,33.65506555104643,73220100060641,199.22293955948714,73220100061,2.299999952316284,79.5,67938.84016849032,Great Pee Dee River
-79.1471625717019,33.6553904714446,73220100060651,184.69435812970846,73220100061,2.299999952316284,63.0,68123.53452662003,Great Pee Dee River
-79.14600054461837,33.65647696963616,73220100060661,251.00725088425568,73220100061,2.299999952316284,127.0,68374.54177750429,Great Pee Dee River
-79.15929214386777,33.462030536398956,73220100070013,177.02681267394695,73220100073,0.100000001490116,438.0,39729.35763533541,Waccamaw River
-79.15832493321017,33.46350411509969,73220100070023,172.26058359296889,73220100073,0.100000001490116,438.0,39901.61821892838,Waccamaw River
-79.15713181142061,33.464974325968896,73220100070033,223.6550973118238,73220100073,0.100000001490116,389.0,40125.2733162402,Waccamaw River
-79.15612653259495,33.466582149776166,73220100070043,186.41143673004447,73220100073,0.100000001490116,399.0,40311.68475297024,Waccamaw River
-79.15596308198538,33.46833863691945,73220100070053,212.97868136133678,73220100073,0.100000001490116,432.0,40524.66343433158,Waccamaw River
-79.15611945912062,33.47009944512888,73220100070063,188.128377347423,73220100073,0.12500000372529,382.0,40712.791811679,Waccamaw River
-79.1564049234872,33.471862173456984,73220100070073,211.79043949590405,73220100073,0.200000002980232,345.0,40924.58225117491,Waccamaw River
-79.15591588521906,33.473613376958454,73220100070083,195.78911095968192,73220100073,0.200000002980232,312.5,41120.37136213459,Waccamaw River
-79.15484879737679,33.4752207035682,73220100070093,201.89774706846032,73220100073,0.200000002980232,321.0,41322.26910920305,Waccamaw River
-79.1540369805532,33.476967090764944,73220100070103,215.81828119035427,73220100073,0.200000002980232,306.0,41538.087390393404,Waccamaw River
-79.15396741299836,33.47872453259802,73220100070113,181.78913079776115,73220100073,0.200000002980232,339.0,41719.87652119117,Waccamaw River
-79.15357510252059,33.48047716460363,73220100070123,213.57264287049082,73220100073,0.200000002980232,375.0,41933.449164061654,Waccamaw River
-79.15292457846596,33.482225945313004,73220100070133,200.18066229073273,73220100073,0.2750000059604645,390.0,42133.62982635239,Waccamaw River
-79.15163427107115,33.483694643668954,73220100070143,192.1008219936803,73220100073,0.300000011920929,491.0,42325.73064834607,Waccamaw River
-79.15050817205321,33.485030511543485,73220100070153,181.8012393236594,73220100073,0.300000011920929,519.0,42507.53188766973,Waccamaw River
-79.14899472653546,33.48636058153298,73220100070163,204.12408663577793,73220100073,0.300000011920929,572.0,42711.65597430551,Waccamaw River
-79.14735788938953,33.487418252327046,73220100070173,192.10054166810892,73220100073,0.300000011920929,466.0,42903.75651597362,Waccamaw River
-79.14616135758556,33.48902355862503,73220100070183,225.78942567495437,73220100073,0.300000011920929,440.0,43129.54594164857,Waccamaw River
-79.14573655668323,33.49077567298583,73220100070193,184.69377599417982,73220100073,0.300000011920929,495.5,43314.23971764275,Waccamaw River
-79.14562298508375,33.492532617157906,73220100070203,211.19543955078476,73220100073,0.300000011920929,517.0,43525.43515719353,Waccamaw River
-79.14511285038682,33.49428327779924,73220100070213,203.61322439358452,73220100073,0.300000011920929,449.5,43729.04838158712,Waccamaw River
-79.1437928331322,33.49561617391059,73220100070223,165.70360984595197,73220100073,0.300000011920929,370.5,43894.75199143307,Waccamaw River
-79.14231137645668,33.49694663396674,73220100070233,231.09481552797385,73220100073,0.300000011920929,339.0,44125.846806961046,Waccamaw River
-79.14092093222709,33.49854897471475,73220100070243,207.04605902039532,73220100073,0.300000011920929,268.0,44332.89286598144,Waccamaw River
-79.14059570576086,33.50016729387595,73220100070253,181.78820520388152,73220100073,0.32500001788139354,280.5,44514.681071185325,Waccamaw River
-79.14026757297691,33.50192083460227,73220100070263,211.1950118698178,73220100073,0.400000005960464,300.0,44725.87608305514,Waccamaw River
-79.13984547222238,33.50353769588086,73220100070273,178.74173796769458,73220100073,0.400000005960464,381.0,44904.61782102284,Waccamaw River
-79.13794645978317,33.504753613140075,73220100070283,235.33002500406764,73220100073,0.400000005960464,298.0,45139.9478460269,Waccamaw River
-79.13584635452291,33.50480318162853,73220100070293,181.7881108746251,73220100073,0.400000005960464,319.0,45321.735956901524,Waccamaw River
-79.13375321624162,33.504537907176235,73220100070303,212.3830198028153,73220100073,0.400000005960464,321.0,45534.11897670434,Waccamaw River
-79.13164846704039,33.50479403367363,73220100070313,185.2871255986582,73220100073,0.400000005960464,322.5,45719.406102303,Waccamaw River
-79.12985605843552,33.505551526610425,73220100070323,196.68167401026008,73220100073,0.400000005960464,317.0,45916.08777631326,Waccamaw River
-79.12834193646997,33.506881316757045,73220100070333,196.10687182766424,73220100073,0.400000005960464,339.0,46112.194648140925,Waccamaw River
-79.12705083941842,33.508349726338075,73220100070343,213.35312340762258,73220100073,0.400000005960464,258.0,46325.54777154855,Waccamaw River
-79.12595048779872,33.50995627399989,73220100070353,199.22070044349903,73220100073,0.400000005960464,257.5,46524.76847199205,Waccamaw River
-79.12545475624859,33.511706341083055,73220100070363,214.69311019181447,73220100073,0.400000005960464,284.0,46739.46158218387,Waccamaw River
-79.12577197698369,33.51347057810773,73220100070373,182.38128929213298,73220100073,0.400000005960464,317.0,46921.842871475994,Waccamaw River
-79.12551680621952,33.5150898195182,73220100070383,188.72030704608443,73220100073,0.400000005960464,263.0,47110.56317852208,Waccamaw River
-79.12445154118522,33.51656161526429,73220100070393,196.68122162110794,73220100073,0.400000005960464,233.0,47307.24440014319,Waccamaw River
-79.1226453859979,33.51794101089585,73220100070403,228.9929795128447,73220100073,0.400000005960464,255.0,47536.237379656035,Waccamaw River
-79.12069177627035,33.518668865458686,73220100070413,193.87089940242106,73220100073,0.400000005960464,257.0,47730.108279058455,Waccamaw River
-79.11890191563269,33.519290963685904,73220100070423,176.4495406090613,73220100073,0.400000005960464,279.0,47906.55781966752,Waccamaw River
-79.11732515091254,33.52051144423655,73220100070433,200.1137979023237,73220100073,0.400000005960464,254.0,48106.67161756984,Waccamaw River
-79.11593972655956,33.521843027597996,73220100070443,204.12144519887755,73220100073,0.400000005960464,275.0,48310.79306276872,Waccamaw River
-79.11429829608213,33.523062483408545,73220100070453,196.10584725483577,73220100073,0.400000005960464,296.0,48506.898910023556,Waccamaw River
-79.11249654814323,33.52422536622897,73220100070463,230.51755572272145,73220100073,0.400000005960464,445.0,48737.416465746275,Waccamaw River
-79.11088496193837,33.52555344181756,73220100070473,185.2315609329096,73220100073,0.400000005960464,258.0,48922.648026679184,Waccamaw River
-79.10982226076969,33.52688987581015,73220100070483,185.23147705251273,73220100073,0.400000005960464,283.0,49107.879503731696,Waccamaw River
-79.10856578183218,33.52822333959928,73220100070493,188.66449796182474,73220100073,0.400000005960464,296.0,49296.544001693524,Waccamaw River
-79.10691882143075,33.52968608461006,73220100070503,242.5402252836515,73220100073,0.5,264.5,49539.084226977175,Waccamaw River
-79.10565930709072,33.531154735376525,73220100070513,172.25708250779448,73220100073,0.5,283.0,49711.34130948497,Waccamaw River
-79.10504264452321,33.532768478488485,73220100070523,216.40830057192255,73220100073,0.5,248.0,49927.74961005689,Waccamaw River
-79.10435841940381,33.53451644810821,73220100070533,192.15255790206393,73220100073,0.5,217.0,50119.90216795896,Waccamaw River
-79.10328900502051,33.53615030007467,73220100070543,222.0244064066897,73220100073,0.5,235.0,50341.92657436564,Waccamaw River
-79.1012432724078,33.53663294601617,73220100070553,188.12459831914555,73220100073,0.5,163.0,50530.05117268479,Waccamaw River
-79.09913648374163,33.536952302649624,73220100070563,204.01330084826455,73220100073,0.5,167.0,50734.06447353306,Waccamaw River
-79.09775821906914,33.53793209028788,73220100070573,199.229436953501,73220100073,0.5,154.5,50933.29391048656,Waccamaw River
-79.0961677702924,33.539747239264514,73220100070583,226.25979262308505,73220100073,0.5,150.0,51159.55370310964,Waccamaw River
-79.14792931628804,33.657280746109215,73220300010011,194.21604293989637,73220300011,2.299999952316284,155.0,76102.6127249892,Great Pee Dee River
-79.15018961752551,33.657516468959,73220300010021,225.79029793322934,73220300011,2.299999952316284,150.0,76328.40302292243,Great Pee Dee River
-79.15191051668864,33.65873253938327,73220300010031,187.6233275461609,73220300011,2.299999952316284,159.0,76516.0263504686,Great Pee Dee River
-79.15323701875813,33.660240273784,73220300010041,214.8722715668334,73220300011,2.299999952316284,154.5,76730.89862203543,Great Pee Dee River
-79.15387861941299,33.66187307129217,73220300010051,184.69462875218986,73220300011,2.299999952316284,153.5,76915.59325078761,Great Pee Dee River
-79.15368223880263,33.66362852512391,73220300010061,212.97884379507235,73220300011,2.299999952316284,180.0,77128.57209458269,Great Pee Dee River
-79.15345061655417,33.66538349453644,73220300010071,197.6501751255716,73220300011,2.299999952316284,152.0,77326.22226970826,Great Pee Dee River
-79.1378760848157,33.66447345068242,73220300020011,198.83724654688228,73220300021,2.599999904632568,87.0,74882.62077248405,Great Pee Dee River
-79.13916774524769,33.666089017635535,73220300020021,216.78766085543486,73220300021,2.900000095367432,69.0,75099.40843333949,Great Pee Dee River
-79.14125082264468,33.66697361432287,73220300020031,223.47845369350154,73220300021,2.900000095367432,60.0,75322.88688703299,Great Pee Dee River
-79.14333821987998,33.66623291186292,73220300020041,189.70748600546818,73220300021,2.299999952316284,67.5,75512.59437303845,Great Pee Dee River
-79.14515638876847,33.66593558568365,73220300020051,210.60182564911344,73220300021,2.299999952316284,155.0,75723.19619868757,Great Pee Dee River
-79.1474203853038,33.66596955032784,73220300020061,210.0078750444832,73220300021,2.299999952316284,155.0,75933.20407373205,Great Pee Dee River
-79.14968438562425,33.66600347353407,73220300020071,210.00806108617854,73220300021,2.299999952316284,155.0,76143.21213481823,Great Pee Dee River
-79.1517866750309,33.66603493644435,73220300020081,180.00705740263223,73220300021,2.299999952316284,155.0,76323.21919222086,Great Pee Dee River
-79.09328264719645,33.59751464313472,73220300030011,169.70813895589222,73220300031,0.5,92.0,58908.15986041779,Waccamaw River
-79.09471011004368,33.59875401133647,73220300030021,169.70822762309075,73220300031,0.5,92.0,59077.86808804088,Waccamaw River
-79.09610232362115,33.60012808459081,73220300030031,224.22454960794093,73220300031,0.5,347.0,59302.09263764882,Waccamaw River
-79.09693329268879,33.601764126173165,73220300030041,189.24693038031975,73220300031,0.600000023841858,179.5,59491.33956802914,Waccamaw River
-79.09764690384458,33.60339817429307,73220300030051,201.89336391766233,73220300031,0.600000023841858,150.0,59693.232931946804,Waccamaw River
-79.09834568864335,33.60516743667731,73220300030061,217.0019770384122,73220300031,0.600000023841858,137.0,59910.234908985214,Waccamaw River
-79.09873318032992,33.606931727086646,73220300030071,187.0015272262529,73220300031,0.600000023841858,123.0,60097.23643621147,Waccamaw River
-79.09931460671991,33.60842856164856,73220300030081,174.73127734707245,73220300031,0.600000023841858,127.0,60271.96771355854,Waccamaw River
-79.10093091828045,33.60991423776028,73220300030091,239.10672841626578,73220300031,0.600000023841858,127.0,60511.07444197481,Waccamaw River
-79.10285358782428,33.61064713625097,73220300030101,182.64653879013164,73220300031,0.600000023841858,155.0,60693.72098076494,Waccamaw River
-79.10452388543416,33.60972588823479,73220300030111,187.03944481980346,73220300031,0.600000023841858,169.0,60880.76042558474,Waccamaw River
-79.1055907044638,33.60825433683305,73220300030121,226.38012041437,73220300031,0.600000023841858,137.0,61107.140545999115,Waccamaw River
-79.1060170025721,33.606502439972395,73220300030131,184.09690532175864,73220300031,0.600000023841858,155.0,61291.23745132087,Waccamaw River
-79.10657255856975,33.604752519886134,73220300030141,216.40856456290743,73220300031,0.700000047683716,128.0,61507.64601588378,Waccamaw River
-79.10670203671467,33.602996164972865,73220300030151,183.50282117441458,73220300031,0.850000023841858,130.5,61691.148837058194,Waccamaw River
-79.10652015362342,33.60123486188396,73220300030161,220.43650644158032,73220300031,0.850000023841858,175.0,61911.58534349977,Waccamaw River
-79.10761500853324,33.59995308680507,73220300030171,174.61988050215174,73220300031,1.050000071525574,190.0,62086.205224001926,Waccamaw River
-79.10972272642724,33.599655745476106,73220300030181,212.38113638778196,73220300031,1.200000047683716,152.0,62298.58636038971,Waccamaw River
-79.11181451315736,33.60009842884815,73220300030191,198.46084957863752,73220300031,1.200000047683716,139.5,62497.04720996835,Waccamaw River
-79.11373648755936,33.600912286951356,73220300030201,208.00270744045383,73220300031,1.200000047683716,129.0,62705.049917408796,Waccamaw River
-79.11565555708633,33.601861335482,73220300030211,201.8949749783514,73220300031,1.200000047683716,108.0,62906.944892387146,Waccamaw River
-79.11758113595329,33.602512873113675,73220300030221,190.43695915004403,73220300031,1.300000071525574,125.5,63097.3818515372,Waccamaw River
-79.11950439609268,33.60327255723275,73220300030231,204.57007382513325,73220300031,1.300000071525574,117.0,63301.95192536233,Waccamaw River
-79.12125729388315,33.60443541650624,73220300030241,196.6811184108412,73220300031,1.300000071525574,84.0,63498.63304377317,Waccamaw River
-79.12148651476814,33.60579153935918,73220300030251,177.02367171909032,73220300031,1.300000071525574,107.0,63675.65671549226,Waccamaw River
-79.119999826595,33.607256852287506,73220300030261,213.72710044621536,73220300031,1.300000071525574,108.0,63889.383815938476,Waccamaw River
-79.12006155672432,33.60888095857101,73220300030271,207.4083108618221,73220300031,1.300000071525574,93.0,64096.7921268003,Waccamaw River
-79.12194972456666,33.609775337569886,73220300030281,187.63376572526894,73220300031,1.300000071525574,94.0,64284.42589252556,Waccamaw River
-79.12316152140247,33.61082263387648,73220300030291,183.50408002853675,73220300031,1.300000071525574,111.0,64467.9299725541,Waccamaw River
-79.12234474253016,33.61243251047162,73220300030301,208.00332343371616,73220300031,1.300000071525574,112.5,64675.933295987816,Waccamaw River
-79.12176299012575,33.61418103585115,73220300030311,213.5702002318273,73220300031,1.300000071525574,108.0,64889.503496219644,Waccamaw River
-79.12230080452753,33.61594870574618,73220300030321,194.23473132432605,73220300031,1.300000071525574,94.0,65083.738227543974,Waccamaw River
-79.12246248174432,33.61770950229614,73220300030331,212.9761320846705,73220300031,1.300000071525574,94.0,65296.71435962864,Waccamaw River
-79.12222453057453,33.61946440805975,73220300030341,181.19293682336868,73220300031,1.450000047683716,99.5,65477.90729645201,Waccamaw River
-79.12238034256906,33.62122520391028,73220300030351,215.28718578093168,73220300031,1.5,94.0,65693.19448223294,Waccamaw River
-79.12318561821196,33.62286059582481,73220300030361,182.55783004158923,73220300031,1.549999952316284,97.0,65875.75231227453,Waccamaw River
-79.12504062019816,33.62380853438994,73220300030371,221.39628205155833,73220300031,1.600000023841858,94.0,66097.14859432609,Waccamaw River
-79.12697436742761,33.624108372094746,73220300030381,170.32213794236242,73220300031,1.600000023841858,84.0,66267.47073226846,Waccamaw River
-79.12830225981476,33.62550817348729,73220300030391,205.32901777316076,73220300031,1.600000023841858,77.5,66472.79975004161,Waccamaw River
-79.12852578145305,33.62713472381043,73220300030401,190.8013828991527,73220300031,1.600000023841858,94.0,66663.60113294076,Waccamaw River
-79.12765306546335,33.62887887199939,73220300030411,223.70736738840066,73220300031,1.600000023841858,92.0,66887.30850032916,Waccamaw River
-79.12862132017015,33.63019313282462,73220300030421,184.36534769651325,73220300031,1.600000023841858,92.5,67071.67384802568,Waccamaw River
-79.13030729306027,33.63121968343886,73220300030431,199.8061299936444,73220300031,1.600000023841858,82.0,67271.47997801931,Waccamaw River
-79.12956680324768,33.63283155938433,73220300030441,218.30337777633187,73220300031,1.600000023841858,75.0,67489.78335579565,Waccamaw River
-79.12934065565398,33.63431603907618,73220300030451,170.70617195852105,73220300031,1.600000023841858,75.0,67660.48952775418,Waccamaw River
-79.13126997999662,33.634817502945864,73220300030461,214.09994090299543,73220300031,1.600000023841858,78.0,67874.58946865717,Waccamaw River
-79.13332865335224,33.63535022243842,73220300030471,206.95971413282365,73220300031,1.600000023841858,75.0,68081.54918279,Waccamaw River
-79.13377919207076,33.636953138436596,73220300030481,184.69313055224148,73220300031,1.600000023841858,80.0,68266.24231334223,Waccamaw River
-79.13293645323552,33.63853652545177,73220300030491,200.8517236248859,73220300031,1.600000023841858,79.5,68467.09403696712,Waccamaw River
-79.13085900418913,33.63889364459155,73220300030501,212.91167246679183,73220300031,1.600000023841858,90.0,68680.00570943391,Waccamaw River
-79.12941883097398,33.63969777280285,73220300030511,195.1412392449798,73220300031,1.600000023841858,114.0,68875.14694867888,Waccamaw River
-79.13098735111814,33.64042781502917,73220300030521,191.39591468621362,73220300031,1.600000023841858,87.0,69066.5428633651,Waccamaw River
-79.13277464139033,33.64153693655294,73220300030531,214.1122032888381,73220300031,1.600000023841858,84.0,69280.65506665394,Waccamaw River
-79.13322753183473,33.64316738602937,73220300030541,181.7879005097123,73220300031,1.600000023841858,69.0,69462.44296716366,Waccamaw River
-79.13329242235648,33.64479099785996,73220300030551,189.67898839514874,73220300031,1.950000047683716,85.0,69652.1219555588,Waccamaw River
-79.13444211944702,33.64643169654646,73220300030561,209.33663112325124,73220300031,2.099999904632568,71.0,69861.45858668206,Waccamaw River
-79.13434826852024,33.648053355711525,73220300030571,189.1631127419203,73220300031,2.200000047683716,76.0,70050.62169942398,Waccamaw River
-79.13274862381189,33.648732569499096,73220300030581,212.01145647768763,73220300031,2.200000047683716,96.5,70262.63315590167,Waccamaw River
-79.13129389935375,33.647195631336444,73220300030591,213.35375396563927,73220300031,2.200000047683716,87.0,70475.98690986731,Waccamaw River
-79.12973695619982,33.645900604330706,73220300030601,187.62172508577316,73220300031,2.200000047683716,105.0,70663.60863495308,Waccamaw River
-79.12866858928241,33.64445064010275,73220300030611,196.54563864575172,73220300031,2.200000047683716,89.0,70860.15427359883,Waccamaw River
-79.12769667340204,33.64313343686618,73220300030621,185.3095735246581,73220300031,2.200000047683716,77.5,71045.4638471235,Waccamaw River
-79.12627877294146,33.644279171583506,73220300030631,232.49073291959448,73220300031,2.200000047683716,80.0,71277.95458004308,Waccamaw River
-79.12556926500493,33.645675153538924,73220300030641,159.00909066240052,73220300031,2.299999952316284,67.0,71436.96367070549,Waccamaw River
-79.12356279827225,33.647213763201165,73220300030651,235.3905952456557,73220300031,2.299999952316284,105.0,71672.35426595114,Waccamaw River
-79.12314835385723,33.648695277594996,73220300030661,182.90996925590446,73220300031,2.299999952316284,96.5,71855.26423520704,Waccamaw River
-79.12316311865327,33.650454102684144,73220300030671,214.09904002528134,73220300031,2.299999952316284,80.0,72069.36327523232,Waccamaw River
-79.12384517741229,33.652087528468165,73220300030681,175.40538724856822,73220300031,2.299999952316284,84.0,72244.7686624809,Waccamaw River
-79.12554262950724,33.65280686117856,73220300030691,225.6360815828505,73220300031,2.299999952316284,68.0,72470.40474406374,Waccamaw River
-79.1268995291533,33.65145754147382,73220300030701,184.09852480575609,73220300031,2.299999952316284,77.5,72654.5032688695,Waccamaw River
-79.12787127406678,33.649903209876086,73220300030711,207.0258334795121,73220300031,2.299999952316284,76.0,72861.52910234901,Waccamaw River
-79.12967158541952,33.65041741587368,73220300030721,209.6342198513228,73220300031,2.299999952316284,69.5,73071.16332220033,Waccamaw River
-79.13063893270706,33.65205521278483,73220300030731,194.82957174638224,73220300031,2.299999952316284,71.5,73265.99289394672,Waccamaw River
-79.13114773686138,33.65368615760245,73220300030741,184.09882735014378,73220300031,2.299999952316284,65.0,73450.09172129686,Waccamaw River
-79.13150656122744,33.65531465589238,73220300030751,205.3286333776312,73220300031,2.299999952316284,65.0,73655.4203546745,Waccamaw River
-79.13306252601798,33.65666375322629,73220300030761,192.0997385131669,73220300031,2.299999952316284,84.0,73847.52009318766,Waccamaw River
-79.13439099458274,33.65806350270859,73220300030771,201.89570965783818,73220300031,2.299999952316284,65.0,74049.4158028455,Waccamaw River
-79.13487048914,33.65982916530232,73220300030781,219.31632262728584,73220300031,2.299999952316284,67.0,74268.73212547279,Waccamaw River
-79.13567341161638,33.661599705935664,73220300030791,193.1130455469041,73220300031,2.299999952316284,65.0,74461.84517101968,Waccamaw River
-79.13635108207056,33.66317898373907,73220300030801,221.93835491747592,73220300031,2.299999952316284,159.0,74683.78352593716,Waccamaw River
-79.13808441872995,33.66231237489187,73220300040011,221.5536181419654,73220300041,2.299999952316284,34.477561950683594,74905.33714407912,Great Pee Dee River
-79.13935124128186,33.660573030683565,73220300040021,201.89682070519657,73220300041,2.299999952316284,43.78784942626953,75107.23396478433,Great Pee Dee River
-79.14016175917041,33.65898912180012,73220300040031,185.99629404722123,73220300041,2.299999952316284,52.43896484375,75293.23025883155,Great Pee Dee River
-79.14199373801222,33.65805736466113,73220300040041,220.20955122997853,73220300041,2.299999952316284,59.595306396484375,75513.43981006152,Great Pee Dee River
-79.14409930928349,33.65791210449507,73220300040051,196.91075582350328,73220300041,2.299999952316284,68.38650131225586,75710.35056588503,Great Pee Dee River
-79.14589656417157,33.6570733945048,73220300040061,198.04611616427349,73220300041,2.299999952316284,103.51225280761719,75908.39668204931,Great Pee Dee River
-79.15321898340689,33.66713846277008,73220500010011,180.00694364262293,73220500011,2.299999952316284,180.0,77506.22921335089,Great Pee Dee River
-79.15298733892264,33.668893429731064,73220500010021,190.80329192172886,73220500011,2.299999952316284,152.0,77697.03250527261,Great Pee Dee River
-79.15214402735143,33.67050398556955,73220500010031,192.15642993371063,73220500011,2.299999952316284,136.5,77889.18893520633,Great Pee Dee River
-79.15130068304566,33.67211453415696,73220500010041,194.83120272950165,73220500011,2.299999952316284,189.5,78084.02013793582,Great Pee Dee River
-79.15101586928476,33.673868526321726,73220500010051,214.1014396695504,73220500011,2.299999952316284,195.0,78298.12157760537,Great Pee Dee River
-79.15129590955058,33.675631230643816,73220500010061,184.10032821417852,73220500011,2.299999952316284,151.5,78482.22190581955,Great Pee Dee River
-79.15222637679094,33.677241347482834,73220500010071,219.93563439045855,73220500011,2.299999952316284,169.0,78702.15754021001,Great Pee Dee River
-79.15374955237387,33.67864380840338,73220500010081,202.48359434037332,73220500011,2.299999952316284,150.0,78904.64113455039,Great Pee Dee River
-79.15488228674057,33.680148631207295,73220500010091,189.24284371424162,73220500011,2.299999952316284,129.0,79093.88397826462,Great Pee Dee River
-79.15572392023441,33.68164909849328,73220500010101,189.08657187409918,73220500011,2.299999952316284,123.0,79282.97055013872,Great Pee Dee River
-79.15614215166647,33.68327850486497,73220500010111,205.3306709930116,73220500011,2.299999952316284,137.0,79488.30122113174,Great Pee Dee River
-79.15769553650469,33.68478958083433,73220500010121,194.58393123329532,73220500011,2.299999952316284,121.0,79682.88515236504,Great Pee Dee River
-79.15963192990304,33.685034866407236,73220500010131,215.29069388909355,73220500011,2.299999952316284,101.0,79898.17584625413,Great Pee Dee River
-79.16174966614236,33.68436302702935,73220500010141,195.19591729272273,73220500011,2.299999952316284,119.0,80093.37176354685,Great Pee Dee River
-79.16368548961306,33.68463529332834,73220500010151,190.21010105734234,73220500011,2.299999952316284,127.0,80283.58186460419,Great Pee Dee River
-79.16475434881113,33.68611202666807,73220500010161,201.8988792553127,73220500011,2.299999952316284,179.5,80485.4807438595,Great Pee Dee River
-79.16559333672464,33.68774765414989,73220500010171,202.65729648303193,73220500011,2.299999952316284,169.0,80688.13804034254,Great Pee Dee River
-79.16698635854029,33.68920212963251,73220500010181,196.11016620527673,73220500011,2.299999952316284,169.0,80884.24820654781,Great Pee Dee River
-79.16874505844409,33.69020211474458,73220500010191,200.18239043709224,73220500011,2.299999952316284,129.0,81084.43059698491,Great Pee Dee River
-79.17083993553791,33.69061189334822,73220500010201,212.38640478273925,73220500011,2.299999952316284,121.0,81296.81700176765,Great Pee Dee River
-79.17293769667933,33.690886415248954,73220500010211,185.2903872048509,73220500011,2.299999952316284,123.0,81482.1073889725,Great Pee Dee River
-79.17486513084063,33.69156417714008,73220500010221,204.57466642859157,73220500011,2.299999952316284,106.5,81686.68205540109,Great Pee Dee River
-79.1766245453295,33.692537010155384,73220500010231,185.2366716185721,73220500011,2.299999952316284,108.0,81871.91872701966,Great Pee Dee River
-79.17834765091413,33.69369865268273,73220500010241,218.13493016682324,73220500011,2.299999952316284,100.5,82090.05365718648,Great Pee Dee River
-79.17980626493078,33.69512690257596,73220500010251,192.6779050802425,73220500011,2.299999952316284,87.0,82282.73156226672,Great Pee Dee River
-79.18029313969272,33.696594928353825,73220500010261,215.24264939443896,73220500011,2.299999952316284,92.0,82497.97421166116,Great Pee Dee River
-79.17829836803054,33.69756647615172,73220500010271,193.11650947862427,73220500011,2.299999952316284,86.5,82691.09072113979,Great Pee Dee River
-79.17656696892375,33.69832545735648,73220500010281,178.08397037266758,73220500011,2.299999952316284,84.0,82869.17469151245,Great Pee Dee River
-79.17602355607477,33.69980525140791,73220500010291,198.03593209116215,73220500011,2.299999952316284,111.5,83067.21062360362,Great Pee Dee River
-79.17741008455097,33.70131370762433,73220500010301,196.68563018499322,73220500011,2.299999952316284,138.0,83263.89625378861,Great Pee Dee River
-79.17933550332411,33.702099585002365,73220500010311,219.0900228061229,73220500011,2.299999952316284,189.0,83482.98627659473,Great Pee Dee River
-79.18159479136935,33.702403398989695,73220500010321,213.57559702512637,73220500011,2.299999952316284,170.0,83696.56187361987,Great Pee Dee River
-79.18369743523556,33.70246139289114,73220500010331,183.50873192556807,73220500011,2.299999952316284,129.5,83880.07060554544,Great Pee Dee River
-79.1856263537492,33.70308490808799,73220500010341,201.9006746989089,73220500011,2.299999952316284,115.5,84081.97128024434,Great Pee Dee River
-79.18754621044499,33.704141105720346,73220500010351,208.0088908810851,73220500011,2.299999952316284,108.0,84289.98017112543,Great Pee Dee River
-79.18947179096037,33.70492682982156,73220500010361,201.900973940253,73220500011,2.299999952316284,152.5,84491.88114506568,Great Pee Dee River
-79.1914098813572,33.70511754520554,73220500010371,186.77828651800687,73220500011,2.299999952316284,100.0,84678.65943158368,Great Pee Dee River
-79.19318449087491,33.705386997243345,73220500010381,182.17905350158208,73220500011,2.299999952316284,84.0,84860.83848508526,Great Pee Dee River
-79.19474005865877,33.70684354755885,73220500010391,224.2334411058301,73220500011,2.299999952316284,85.5,85085.0719261911,Great Pee Dee River
-79.19603567066801,33.708350387494136,73220500010401,204.12814250571478,73220500011,2.299999952316284,84.0,85289.20006869681,Great Pee Dee River
-79.19779454172354,33.70937702451774,73220500010411,193.48170012466926,73220500011,2.299999952316284,73.5,85482.68176882148,Great Pee Dee River
-79.19973501434163,33.70945471560228,73220500010421,182.9157000572365,73220500011,2.299999952316284,61.5,85665.59746887871,Great Pee Dee River
-79.20076581996123,33.70842119919679,73220500010431,160.8833437040709,73220500011,2.299999952316284,89.0,85826.48081258278,Great Pee Dee River
-79.19946278723837,33.70699365414553,73220500010441,231.8706286480943,73220500011,2.299999952316284,112.5,86058.35144123089,Great Pee Dee River
-79.19770111723335,33.70610226458121,73220500010451,185.23820900230368,73220500011,2.299999952316284,84.0,86243.58965023319,Great Pee Dee River
-79.19610919382977,33.704834589773675,73220500010461,212.14394749962773,73220500011,2.299999952316284,84.0,86455.73359773282,Great Pee Dee River
-79.19471655732194,33.70332633255818,73220500010471,205.3337767869417,73220500011,2.299999952316284,82.0,86661.06737451976,Great Pee Dee River
-79.19475051083688,33.701703656803794,73220500010481,192.43667000502,73220500011,2.299999952316284,111.0,86853.50404452477,Great Pee Dee River
-79.19652323291609,33.700512176488466,73220500010491,227.0608653635953,73220500011,2.299999952316284,108.0,87080.56490988837,Great Pee Dee River
-79.19862754668891,33.70048878097758,73220500010501,188.13200957222324,73220500011,2.299999952316284,99.5,87268.69691946059,Great Pee Dee River
-79.20055146421632,33.70135546738434,73220500010511,209.92643900807136,73220500011,2.299999952316284,90.0,87478.62335846867,Great Pee Dee River
-79.20247316744982,33.70233030380851,73220500010521,201.9019680464469,73220500011,2.299999952316284,102.0,87680.52532651511,Great Pee Dee River
-79.20440560962814,33.70279126158802,73220500010531,182.38736124569752,73220500011,2.299999952316284,121.0,87862.9126877608,Great Pee Dee River
-79.20650548536334,33.702934700928054,73220500010541,212.9834739527438,73220500011,2.299999952316284,92.0,88075.89616171355,Great Pee Dee River
-79.2086160416539,33.70266303527222,73220500010551,187.0099009087589,73220500011,2.299999952316284,94.0,88262.9060626223,Great Pee Dee River
-79.21054253502642,33.701852322339626,73220500010561,208.59624517961976,73220500011,2.3249999284744263,87.0,88471.50230780193,Great Pee Dee River
-79.21135387421013,33.700186791357204,73220500010571,207.1775818114757,73220500011,2.400000095367432,94.0,88678.67988961341,Great Pee Dee River
-79.21268330486389,33.70007077248992,73220500010581,184.21326359234166,73220500011,2.400000095367432,111.0,88862.89315320575,Great Pee Dee River
-79.21316740858093,33.70170095607037,73220500010591,190.80776634795123,73220500011,2.400000095367432,67.0,89053.7009195537,Great Pee Dee River
-79.2142691307517,33.70320480468888,73220500010601,200.69629309787658,73220500011,2.400000095367432,84.0,89254.39721265157,Great Pee Dee River
-79.21602085863772,33.704582770155,73220500010611,224.9936833919637,73220500011,2.400000095367432,84.0,89479.39089604354,Great Pee Dee River
-79.2179489635117,33.70523750228892,73220500010621,185.82225532519504,73220500011,2.400000095367432,83.0,89665.21315136873,Great Pee Dee River
-79.21913063084676,33.704494246374146,73220500010631,184.27148623852634,73220500011,2.400000095367432,86.0,89849.48463760725,Great Pee Dee River
-79.21766448821201,33.70336206443419,73220500010641,199.22826617817236,73220500011,2.400000095367432,63.0,90048.71290378543,Great Pee Dee River
-79.21585587152727,33.702414970753125,73220500010651,220.21579370293122,73220500011,2.400000095367432,80.0,90268.92869748836,Great Pee Dee River
-79.21652202713969,33.70069437791189,73220500010661,201.22205599444567,73220500011,2.400000095367432,108.0,90470.15075348281,Great Pee Dee River
-79.21837978475301,33.7001260077224,73220500010671,184.6994519155525,73220500011,2.400000095367432,86.0,90654.85020539835,Great Pee Dee River
-79.22047852129663,33.70030927419351,73220500010681,212.39043729722067,73220500011,2.400000095367432,94.0,90867.24064269559,Great Pee Dee River
-79.22259231353937,33.69983503062621,73220500010691,202.86140824230904,73220500011,2.400000095367432,82.0,91070.10205093789,Great Pee Dee River
-79.22452196027582,33.69886182261678,73220500010701,208.88362204309553,73220500011,2.400000095367432,84.0,91278.98567298098,Great Pee Dee River
-79.2253636902793,33.6972777894204,73220500010711,187.01089437082663,73220500011,2.400000095367432,67.0,91465.99656735182,Great Pee Dee River
-79.22655907421341,33.69586577462182,73220500010721,206.45914019283794,73220500011,2.400000095367432,76.0,91672.45570754465,Great Pee Dee River
-79.22789856493291,33.69677312340929,73220500010731,193.4837341379494,73220500011,2.400000095367432,97.5,91865.9394416826,Great Pee Dee River
-79.22893577829076,33.69827592007611,73220500010741,186.5733624736678,73220500011,2.400000095367432,63.0,92052.51280415627,Great Pee Dee River
-79.23024667472723,33.698025875290725,73220500010751,208.8960738222886,73220500011,2.400000095367432,142.0,92261.40887797855,Great Pee Dee River
-79.2301043083742,33.696263304694256,73220500010761,193.483887824968,73220500011,2.400000095367432,65.0,92454.89276580352,Great Pee Dee River
-79.23133750088094,33.69479343312576,73220500010771,187.62908818750458,73220500011,2.400000095367432,84.0,92642.52185399103,Great Pee Dee River
-79.23307281095609,33.69381730383036,73220500010781,205.3375435598238,73220500011,2.400000095367432,63.0,92847.85939755086,Great Pee Dee River
-79.23518638184662,33.69339222382474,73220500010791,214.70274187451923,73220500011,2.550000190734863,80.0,93062.56213942537,Great Pee Dee River
-79.23744789512365,33.69348787747691,73220500010801,211.2034566820257,73220500011,2.700000047683716,92.0,93273.7655961074,Great Pee Dee River
-79.2395476461383,33.69372038467052,73220500010811,184.1067476114265,73220500011,2.700000047683716,87.0,93457.87234371883,Great Pee Dee River
-79.24164630607989,33.69392182305099,73220500010821,212.9862656928974,73220500011,2.700000047683716,78.0,93670.85860941172,Great Pee Dee River
-79.24374993292196,33.69396957874609,73220500010831,184.10703634985177,73220500011,2.700000047683716,67.0,93854.96564576158,Great Pee Dee River
-79.24568244028748,33.69442989213785,73220500010841,187.0124865136827,73220500011,2.700000047683716,67.0,94041.97813227525,Great Pee Dee River
-79.2476067321232,33.69529585700694,73220500010851,219.1853264661789,73220500011,2.700000047683716,79.5,94261.16345874144,Great Pee Dee River
-79.24890312921485,33.6968021690727,73220500010861,201.9053454240509,73220500011,2.700000047683716,67.0,94463.0688041655,Great Pee Dee River
-79.24940162536,33.69856837718309,73220500010871,224.67586619937822,73220500011,2.700000047683716,94.0,94687.74467036486,Great Pee Dee River
-81.78173935200401,26.702378354782816,73257400020013,154.73784350716332,73257400023,0.600000023841858,533.5,28972.615851849125,Caloosahatchee River
-81.77977739914549,26.702118291449086,73257400020023,211.8514107421798,73257400023,0.600000023841858,360.0,29184.467262591304,Caloosahatchee River
-81.77781655832786,26.702020707160948,73257400020033,183.55912733896483,73257400023,0.600000023841858,202.5,29368.02638993027,Caloosahatchee River
-81.77585902316196,26.70241061567251,73257400020043,215.9462442775564,73257400023,0.600000023841858,189.0,29583.97263420783,Caloosahatchee River
-81.77405444931568,26.70312468858899,73257400020053,181.85408794750754,73257400023,0.600000023841858,237.0,29765.826722155336,Caloosahatchee River
-81.77270639546836,26.704459219635027,73257400020063,215.80635056303888,73257400023,0.600000023841858,240.5,29981.633072718374,Caloosahatchee River
-81.77160157001875,26.70609035602495,73257400020073,201.95620314541975,73257400023,0.600000023841858,258.0,30183.589275863793,Caloosahatchee River
-81.77082752865493,26.707584260736304,73257400020083,169.63466154446186,73257400023,0.700000047683716,283.0,30353.223937408256,Caloosahatchee River
-81.7701137820694,26.709077834072687,73257400020093,193.9294615784624,73257400023,0.800000011920929,271.0,30547.153398986717,Caloosahatchee River
-81.76928029640379,26.710707480044597,73257400020103,204.6318950371474,73257400023,0.800000011920929,192.0,30751.785294023866,Caloosahatchee River
-81.7681452051618,26.71233875387501,73257400020113,220.2856256108867,73257400023,0.800000011920929,192.0,30972.070919634752,Caloosahatchee River
-81.76688708835859,26.71361857318483,73257400020123,168.4454739140546,73257400023,0.800000011920929,192.0,31140.516393548805,Caloosahatchee River
-81.76553774185382,26.71479053194426,73257400020133,195.46290151979335,73257400023,0.800000011920929,180.0,31335.9792950686,Caloosahatchee River
-81.76388605267773,26.715855764302432,73257400020143,232.5607150210274,73257400023,0.800000011920929,195.0,31568.540010089626,Caloosahatchee River
-81.7619289508799,26.716353823726454,73257400020153,182.965364333512,73257400023,0.800000011920929,252.0,31751.505374423137,Caloosahatchee River
-81.76011957054894,26.716390612746004,73257400020163,186.46580154825295,73257400023,0.800000011920929,211.0,31937.97117597139,Caloosahatchee River
-81.75831485456712,26.717131575434834,73257400020173,204.63234399471776,73257400023,0.800000011920929,321.0,32142.60351996611,Caloosahatchee River
-81.75651101001728,26.718007938067124,73257400020183,199.2812015372848,73257400023,0.800000011920929,374.5,32341.884721503393,Caloosahatchee River
-81.75470570838914,26.718667602210438,73257400020193,189.90086499339344,73257400023,0.800000011920929,278.5,32531.785586496786,Caloosahatchee River
-81.75304405696933,26.718243063020584,73257400020203,194.64032508407143,73257400023,0.800000011920929,313.0,32726.42591158086,Caloosahatchee River
-81.75137726036408,26.71703305255327,73257400020213,214.1765511912038,73257400023,0.800000011920929,304.5,32940.60246277206,Caloosahatchee River
-81.74956271797674,26.716284255531342,73257400020223,193.1709653844443,73257400023,0.800000011920929,197.0,33133.773428156506,Caloosahatchee River
-81.74760076423593,26.71605083594955,73257400020233,210.6640538244133,73257400023,0.800000011920929,143.0,33344.43748198092,Caloosahatchee River
-81.74564058248427,26.716113733506845,73257400020243,189.1419071860533,73257400023,0.800000011920929,182.0,33533.579389166975,Caloosahatchee River
-81.74383612478022,26.716883184201528,73257400020253,200.04022607225954,73257400023,0.800000011920929,150.5,33733.61961523924,Caloosahatchee River
-81.74203023667724,26.71746143457281,73257400020263,189.7363447913414,73257400023,0.800000011920929,151.5,33923.355960030574,Caloosahatchee River
-81.74022468012929,26.7180938314861,73257400020273,194.8887366093793,73257400023,0.800000011920929,125.0,34118.24469663996,Caloosahatchee River
-81.73841857891495,26.718644951961977,73257400020283,191.61887160423709,73257400023,0.800000011920929,144.0,34309.86356824419,Caloosahatchee River
-81.73676465606043,26.719411943821175,73257400020293,186.6229036915625,73257400023,0.800000011920929,148.0,34496.48647193576,Caloosahatchee River
-81.73511262458698,26.72047684742757,73257400020303,211.50156817324117,73257400023,0.800000011920929,132.5,34707.988040109,Caloosahatchee River
-81.73315582956539,26.72100471429165,73257400020313,214.1649957561367,73257400023,0.800000011920929,128.0,34922.153035865136,Caloosahatchee River
-81.73104284491886,26.720795814967016,73257400020323,220.5060472738124,73257400023,0.800000011920929,218.0,35142.65908313895,Caloosahatchee River
-81.72908153515417,26.720670478717587,73257400030011,171.35272702480736,73257400031,0.800000011920929,202.0,35314.011810163756,Caloosahatchee River
-81.72742769032244,26.72146444805422,73257400030021,154.77556821821082,73257400031,0.899999976158142,171.5,35468.78737838197,Caloosahatchee River
-81.72562353173129,26.722340423750996,73257400030031,241.00710415737962,73257400031,1.049999952316284,150.0,35709.79448253934,Caloosahatchee River
-81.72366254225786,26.722269182387116,73257400030041,184.74958170629182,73257400031,1.100000023841858,134.0,35894.54406424564,Caloosahatchee River
-81.72185441067771,26.722522163086847,73257400030051,200.2406200359929,73257400031,1.100000023841858,212.0,36094.78468428163,Caloosahatchee River
-81.71989836134186,26.723236326139197,73257400030061,217.00608030016642,73257400031,1.100000023841858,108.0,36311.7907645818,Caloosahatchee River
-81.71793718817163,26.72313792117378,73257400030071,187.95420739422713,73257400031,1.100000023841858,239.0,36499.744971976026,Caloosahatchee River
-81.71633625861422,26.72276681506426,73257400030081,195.63085125706084,73257400031,1.100000023841858,197.0,36695.37582323309,Caloosahatchee River
-81.71522773917377,26.72396417290608,73257400030091,198.51577452207647,73257400031,1.100000023841858,131.5,36893.89159775516,Caloosahatchee River
-81.71342158650074,26.724542063757994,73257400030101,185.34423094842214,73257400031,1.100000023841858,101.0,37079.23582870358,Caloosahatchee River
-81.71146191016929,26.724687332475405,73257400030111,215.28894883890462,73257400031,1.100000023841858,121.0,37294.52477754249,Caloosahatchee River
-81.70950424389633,26.72510191226001,73257400030121,189.9023969070984,73257400031,1.100000023841858,165.5,37484.427174449585,Caloosahatchee River
-81.70769150740077,26.72468060768502,73257400030131,184.15577763271648,73257400031,1.100000023841858,115.5,37668.5829520823,Caloosahatchee River
-81.70588062382765,26.72449777557667,73257400030141,190.86069138499107,73257400031,1.100000023841858,161.0,37859.4436434673,Caloosahatchee River
-81.70391610323254,26.723858232038385,73257400030151,217.07218319157067,73257400031,1.100000023841858,142.0,38076.51582665886,Caloosahatchee River
-81.70195309980924,26.723461673238244,73257400030161,193.17259311323983,73257400031,1.100000023841858,153.5,38269.68841977211,Caloosahatchee River
-81.70013975655267,26.722875493106685,73257400030171,186.46779009344613,73257400031,1.100000023841858,135.0,38456.15620986555,Caloosahatchee River
-81.69817711232757,26.72253675701978,73257400030181,214.16630126011498,73257400031,1.100000023841858,155.0,38670.32251112567,Caloosahatchee River
-81.69606548523568,26.7224885112173,73257400030191,224.7355184933889,73257400031,1.100000023841858,176.0,38895.05802961905,Caloosahatchee River
-91.60596476822828,34.11771091183925,74241300040013,177.05458746967815,74241300043,52.60000228881836,466.5,1067478.5183968646,Arkansas River
-91.60658635054475,34.1193411868353,74241300040023,184.72374926176886,74241300043,52.60000228881836,408.0,1067663.2421461265,Arkansas River
-91.60691747288018,34.12110337940605,74241300040033,214.20092517024216,74241300043,52.60000228881836,346.0,1067877.4430712967,Arkansas River
-91.60757162088167,34.12286925953884,74241300040043,201.9298583002524,74241300043,53.5,294.5,1068079.3729295968,Arkansas River
-91.60862051264216,34.1243690776902,74241300040053,174.96306449949662,74241300043,53.5,283.0,1068254.3359940965,Arkansas River
-91.60976479990997,34.126005233327604,74241300040063,237.68107097844168,74241300043,53.5,324.0,1068492.0170650748,Arkansas River
-91.61077903034715,34.12763990697088,74241300040073,189.27278751944763,74241300043,53.5,277.0,1068681.2898525943,Arkansas River
-91.61199066410286,34.129141538046845,74241300040083,205.36383907138494,74241300043,53.5,291.0,1068886.6536916657,Arkansas River
-91.6132691596198,34.13053569973924,74241300040093,188.6982093225153,74241300043,53.5,296.0,1069075.3519009883,Arkansas River
-91.61504442295578,34.1313943885982,74241300040103,194.10348942310486,74241300043,53.5,295.5,1069269.4553904112,Arkansas River
-91.61698411991651,34.13214669176426,74241300040113,211.473185453564,74241300043,53.5,264.0,1069480.9285758648,Arkansas River
-91.61908868747558,34.13276555310062,74241300040123,213.60758798727883,74241300043,53.5,303.0,1069694.536163852,Arkansas River
-91.62119811948268,34.13308684737593,74241300040133,185.31889096954734,74241300043,53.5,313.0,1069879.8550548216,Arkansas River
-91.6233014276091,34.133786782706515,74241300040143,225.46342609942187,74241300043,53.5,292.0,1070105.3184809212,Arkansas River
-91.62541309319525,34.13398004600294,74241300040153,180.63071447404087,74241300043,53.5,335.5,1070285.9491953952,Arkansas River
-91.62753001691206,34.13383412829057,74241300040163,215.3253252949711,74241300043,53.5,426.0,1070501.27452069,Arkansas River
-91.62964649843323,34.13372250434887,74241300040173,181.81940895984232,74241300043,53.5,424.5,1070683.09392965,Arkansas River
-91.63176210365222,34.13366494085239,74241300040183,222.55827726534167,74241300043,53.5,493.0,1070905.6522069154,Arkansas River
-91.63387944848282,34.1334991467803,74241300040193,186.44254901231142,74241300043,53.5,388.5,1071092.0947559276,Arkansas River
-91.6359880942103,34.13387428580772,74241300040203,211.8259085471245,74241300043,53.5,300.0,1071303.9206644748,Arkansas River
-91.63810109926676,34.13397890380458,74241300040213,184.13131136038072,74241300043,53.5,360.0,1071488.051975835,Arkansas River
-91.64020804495529,34.13446216511854,74241300040223,217.04333148730097,74241300043,53.5,408.0,1071705.0953073225,Arkansas River
-91.64214674988924,34.13529522300722,74241300040233,189.27453051490062,74241300043,53.5,339.0,1071894.3698378373,Arkansas River
-91.64392328218915,34.13609940595133,74241300040243,205.3658029991728,74241300043,53.5,237.0,1072099.7356408364,Arkansas River
-91.64586206237004,34.13693240671996,74241300040253,200.97341196862078,74241300043,53.5,239.5,1072300.709052805,Arkansas River
-91.64779829615388,34.13792766924466,74241300040263,213.39186499114933,74241300043,53.5,257.0,1072514.1009177964,Arkansas River
-91.6495680530109,34.139164550626894,74241300040273,200.1509281327784,74241300043,53.5,254.0,1072714.251845929,Arkansas River
-91.65117735880928,34.14026437721775,74241300040283,200.15102157019314,74241300043,53.5,296.0,1072914.4028674993,Arkansas River
-91.65262190532059,34.141497641395716,74241300040293,169.74128426001482,74241300043,53.5,275.0,1073084.1441517593,Arkansas River
-91.65406649327151,34.14273088953655,74241300040303,208.16818387523233,74241300043,53.5,296.0,1073292.3123356346,Arkansas River
-91.65537671005018,34.144233182481685,74241300040313,216.82603204438786,74241300043,53.5,353.5,1073509.138367679,Arkansas River
-91.65661976626743,34.14586999347405,74241300040323,210.71705653125827,74241300043,53.5,328.5,1073719.8554242102,Arkansas River
-91.65779780330915,34.1475060810872,74241300040333,208.40565401901534,74241300043,53.5,345.0,1073928.2610782292,Arkansas River
-91.65911414275698,34.148629655054634,74241300040343,193.43724672549342,74241300043,53.5,356.0,1074121.6983249546,Arkansas River
-91.66052256818551,34.150105913536414,74241300040353,192.70926135728075,74241300043,53.5,345.0,1074314.407586312,Arkansas River
-91.66186767905751,34.15147325252448,74241300040363,192.13458362136026,74241300043,53.5,360.0,1074506.5421699332,Arkansas River
-91.66321283304477,34.15284057750293,74241300040373,196.14317456456126,74241300043,53.5,296.0,1074702.685344498,Arkansas River
-91.66478663356423,34.15415626882151,74241300040383,230.09165988757547,74241300043,53.5,275.0,1074932.7770043854,Arkansas River
-91.66639344446872,34.155445245760404,74241300040393,169.74195051585718,74241300043,53.5,254.0,1075102.5189549013,Arkansas River
-91.66800115370661,34.156680105078536,74241300040403,231.13668000386548,74241300043,53.5,254.0,1075333.6556349052,Arkansas River
-91.66977286960183,34.157835561479345,74241300040413,192.13503840949855,74241300043,53.5,254.0,1075525.7906733146,Arkansas River
-91.67154632913463,34.15888279796216,74241300040423,208.04270939736645,74241300043,53.5,247.5,1075733.833382712,Arkansas River
-91.67348717784984,34.15963423177001,74241300040433,191.43143101809403,74241300043,53.5,358.0,1075925.26481373,Arkansas River
-91.67543059673592,34.16022334279707,74241300040443,209.75947136482927,74241300043,53.5,450.0,1076135.024285095,Arkansas River
-91.67752956586286,34.161274006945455,74241300040453,229.8594462949962,74241300043,53.5,441.0,1076364.88373139,Arkansas River
-91.68334372876492,34.16409596754676,74241300060013,153.70861906459413,74241300063,53.5,554.0,1076902.3607955456,Arkansas River
-91.68495311067875,34.16524946606357,74241300060023,196.14438863159637,74241300063,53.5,509.0,1077098.505184177,Arkansas River
-91.68672607929705,34.166350587720345,74241300060033,220.26177716950798,74241300063,53.5,514.0,1077318.7669613466,Arkansas River
-91.68849993073822,34.16739758701662,74241300060043,178.40088930055964,74241300063,53.5,474.0,1077497.1678506471,Arkansas River
-91.6902742446454,34.16841751238046,74241300060053,220.26199336682717,74241300063,53.5,514.0,1077717.429844014,Arkansas River
-91.6922138157723,34.169276853547615,74241300060063,193.9088649503687,74241300063,53.5,525.5,1077911.3387089644,Arkansas River
-91.69415634348881,34.169946822115136,74241300060073,192.19171685197225,74241300063,53.5,563.0,1078103.5304258163,Arkansas River
-91.69610056687358,34.17050856464382,74241300060083,192.19181976487658,74241300063,53.5,635.0,1078295.7222455812,Arkansas River
-91.69820503894933,34.1712342973379,74241300060093,226.2273803779718,74241300063,53.5,647.0,1078521.9496259592,Arkansas River
-91.70031037768923,34.17190589643257,74241300060103,188.75753213940084,74241300063,53.5,661.0,1078710.7071580987,Arkansas River
-91.70225676002221,34.172332298044786,74241300060113,188.7576330358462,74241300063,53.5,661.0,1078899.4647911345,Arkansas River
-91.7043658808381,34.17276038753736,74241300060123,212.42421830694468,74241300063,53.5,668.0,1079111.8890094415,Arkansas River
-91.7066431082086,34.17283508763889,74241300060133,211.8300989749672,74241300063,53.5,705.0,1079323.7191084165,Arkansas River
-91.70875556244903,34.17302651516664,74241300060143,184.1349465939995,74241300063,53.5,600.0,1079507.8540550105,Arkansas River
-91.71087049665125,34.17309943118265,74241300060153,211.23608924669608,74241300063,53.5,684.0,1079719.090144257,Arkansas River
-91.71298584515719,34.17312163651877,74241300060163,180.04089146132543,74241300063,53.5,690.0,1079899.1310357184,Arkansas River
-91.71509791589742,34.17336019899857,74241300060173,213.0190846662047,74241300063,53.5,686.0,1080112.1501203845,Arkansas River
-91.7173751758211,34.17343813112275,74241300060183,210.0479542839702,74241300063,53.5,660.0,1080322.1980746686,Arkansas River
-91.71949053816675,34.17346022453212,74241300060193,180.04120558948964,74241300063,53.5,697.5,1080502.239280258,Arkansas River
-91.7216059027967,34.173482281707805,74241300060203,210.04819189204792,74241300063,53.5,690.0,1080712.28747215,Arkansas River
-91.72372126973434,34.17350091680335,74241300060213,180.63566201840518,74241300063,53.900001525878906,720.0,1080892.9231341686,Arkansas River
-91.72584070478443,34.173259172554836,74241300060223,213.61394850248416,74241300063,54.29999923706055,730.0,1081106.537082671,Arkansas River
-91.72796053443754,34.17298019863832,74241300060233,183.60713343373828,74241300063,54.29999923706055,702.0,1081290.1442161049,Arkansas River
-91.73007954111772,34.17275192772274,74241300060243,213.0199346997739,74241300063,54.29999923706055,663.0,1081503.1641508045,Arkansas River
-91.73220177411511,34.172320700567,74241300060253,188.75914485894802,74241300063,54.29999923706055,560.5,1081691.9232956634,Arkansas River
-91.73432317868014,34.17193679731457,74241300060263,217.64322242650832,74241300063,54.29999923706055,589.0,1081909.56651809,Arkansas River
-91.73644577463423,34.17147505912933,74241300060273,184.13630485748416,74241300063,54.29999923706055,562.0,1082093.7028229474,Arkansas River
-91.73856673843649,34.17111478032453,74241300060283,219.36073648412963,74241300063,54.29999923706055,516.0,1082313.0635594316,Arkansas River
-91.74068808727829,34.17073076539916,74241300060293,183.60774941201046,74241300063,54.29999923706055,502.0,1082496.6713088437,Arkansas River
-91.74264710349041,34.17031799682063,74241300060303,188.75966373246496,74241300063,54.29999923706055,485.5,1082685.4309725761,Arkansas River
-91.74477001811518,34.16982571266259,74241300060313,221.07836759109637,74241300063,54.29999923706055,459.0,1082906.5093401673,Arkansas River
-91.7468929090787,34.16933339096474,74241300060323,185.32532245629696,74241300063,54.29999923706055,452.0,1083091.8346626235,Arkansas River
-91.7490125835762,34.16905742853982,74241300060333,219.72515682982774,74241300063,54.29999923706055,426.0,1083311.5598194534,Arkansas River
-91.75113901875743,34.168321586260916,74241300060343,193.15271255562158,74241300063,54.29999923706055,400.5,1083504.712532009,Arkansas River
-91.75309793336876,34.167908648287025,74241300060353,188.7601777400343,74241300063,54.29999923706055,379.0,1083693.472709749,Arkansas River
-91.75521954098467,34.167497329281815,74241300060363,214.20985216832256,74241300063,54.29999923706055,455.0,1083907.6825619172,Arkansas River
-91.75733716460954,34.16735317353529,74241300060373,180.63725448586118,74241300063,54.29999923706055,600.0,1084088.319816403,Arkansas River
-91.7594563654016,34.167117239325144,74241300060383,212.42731133993206,74241300063,54.29999923706055,758.0,1084300.747127743,Arkansas River
-91.76157278923228,34.16704758971412,74241300060393,182.42022926273643,74241300063,54.29999923706055,956.0,1084483.1673570059,Arkansas River
-91.76368842249855,34.1670418683285,74241300060403,219.3621725767039,74241300063,54.29999923706055,854.0,1084702.5295295825,Arkansas River
-91.76579224434775,34.16784760201314,74241300060413,201.93874632841587,74241300063,54.29999923706055,918.0,1084904.468275911,Arkansas River
-91.76773417911522,34.16859756719299,74241300060423,193.91274944153315,74241300063,54.29999923706055,744.5,1085098.3810253525,Arkansas River
-91.76951225567846,34.16942702017517,74241300060433,189.28108378133558,74241300063,54.29999923706055,766.0,1085287.6621091338,Arkansas River
-91.77099041808872,34.17074041064466,74241300060443,196.14886373483836,74241300063,54.29999923706055,763.0,1085483.8109728687,Arkansas River
-91.77223807484982,34.17224085326015,74241300060453,208.0482612564208,74241300063,54.29999923706055,730.0,1085691.8592341251,Arkansas River
-91.77293055517632,34.17387100129977,74241300060463,188.76107238072174,74241300063,54.29999923706055,686.0,1085880.6203065058,Arkansas River
-91.77345837667949,34.175634767881434,74241300060473,221.07992916443192,74241300063,54.29999923706055,579.0,1086101.7002356702,Arkansas River
-91.77427913542223,34.177401458616984,74241300060483,199.263760751654,74241300063,54.29999923706055,438.0,1086300.9639964218,Arkansas River
-91.7753622571444,34.1790354943556,74241300060493,201.93918802062637,74241300063,54.29999923706055,453.0,1086502.9031844425,Arkansas River
-91.77608739710651,34.18066595016371,74241300060503,190.47851994996023,74241300063,54.79999923706055,504.5,1086693.3817043924,Arkansas River
-91.7767474679136,34.182295752842805,74241300060513,200.22197418596397,74241300063,55.29999923706055,515.0,1086893.6036785785,Arkansas River
-91.77776559992407,34.1839291194146,74241300060523,197.54664773277796,74241300063,55.29999923706055,529.5,1087091.1503263111,Arkansas River
-91.77839317726577,34.1855585893821,74241300060533,197.54668540004772,74241300063,55.29999923706055,561.5,1087288.6970117113,Arkansas River
-91.77960667920905,34.18719388583851,74241300060543,227.70969527889116,74241300063,55.29999923706055,551.0,1087516.4067069902,Arkansas River
-91.78111318369604,34.188832081953784,74241300070011,175.729859666349,74241300071,55.29999923706055,541.0,1087692.1365666566,Arkansas River
-91.78216597113834,34.190330488335604,74241300070021,185.27304098210823,74241300071,55.29999923706055,474.0,1087877.4096076386,Arkansas River
-91.78334900318028,34.19183017747379,74241300070031,207.2903714645493,74241300071,55.29999923706055,450.0,1088084.6999791032,Arkansas River
-91.78430226796542,34.19346284681309,74241300070041,201.93966214935466,74241300071,55.29999923706055,478.5,1088286.6396412526,Arkansas River
-91.78529006143134,34.19496058249385,74241300070051,178.40543092526872,74241300071,55.29999923706055,470.0,1088465.045072178,Arkansas River
-91.78650382759596,34.196595814086756,74241300070061,238.65068161105097,74241300071,55.29999923706055,495.0,1088703.6957537888,Arkansas River
-91.78716227824506,34.198360812603596,74241300080013,156.44283319902087,74241300083,55.29999923706055,604.5,1088860.1385869877,Arkansas River
-91.78779013625339,34.199990236907865,74241300080023,203.65643522156347,74241300083,55.29999923706055,609.5,1089063.7950222094,Arkansas River
-91.78923384435788,34.201492445716895,74241300080033,204.16710937789364,74241300083,55.29999923706055,635.0,1089267.9621315873,Arkansas River
-91.79100780113447,34.202673249653174,74241300080043,216.8339794226058,74241300083,55.29999923706055,505.5,1089484.7961110098,Arkansas River
-91.79294883241357,34.2035580826917,74241300080053,201.9401710232634,74241300083,55.29999923706055,453.0,1089686.7362820331,Arkansas River
-91.79489105987759,34.204361736182136,74241300080063,196.58949969451504,74241300083,55.29999923706055,474.0,1089883.3257817277,Arkansas River
-91.79683524692479,34.20503011023746,74241300080073,192.1969121022233,74241300083,55.29999923706055,438.0,1090075.5226938298,Arkansas River
-91.79878100055817,34.205590254497295,74241300080083,190.47970776527282,74241300083,55.29999923706055,421.5,1090266.0024015952,Arkansas River
-91.80089033494905,34.20609786027865,74241300080093,217.64697841613247,74241300083,55.29999923706055,412.0,1090483.6493800113,Arkansas River
-91.80300122553162,34.206497230354216,74241300080103,181.82791139466246,74241300083,55.29999923706055,402.0,1090665.477291406,Arkansas River
-91.80511442768726,34.20673426502797,74241300080113,217.64720909197155,74241300083,55.29999923706055,360.0,1090883.124500498,Arkansas River
-91.80722192633948,34.20735312782494,74241300080123,189.1266322255389,74241300083,55.29999923706055,464.5,1091072.2511327234,Arkansas River
-91.80933630566128,34.207532825467105,74241300080133,213.02429864067423,74241300083,55.29999923706055,292.0,1091285.275431364,Arkansas River
-91.81145069398377,34.20768860162504,74241300080143,181.82829489795785,74241300083,55.29999923706055,309.5,1091467.103726262,Arkansas River
-91.81356281656,34.20800664184852,74241300080153,213.61878932940124,74241300083,55.29999923706055,398.0,1091680.7225155914,Arkansas River
-91.81567382099036,34.20840579593022,74241300080163,188.76320558444436,74241300083,55.54999923706055,465.5,1091869.485721176,Arkansas River
-91.81761827406105,34.20907384547766,74241300080173,196.59061684456773,74241300083,55.95000076293945,533.0,1092066.0763380206,Arkansas River
-91.81972480028611,34.2097975317771,74241300080183,222.7999213041538,74241300083,56.20000076293945,516.0,1092288.8762593246,Arkansas River
-91.82183211661619,34.21046708216024,74241300080193,193.91541844021182,74241300083,56.20000076293945,495.0,1092482.7916777648,Arkansas River
-91.82377666809865,34.21113503584139,74241300080203,193.9155115187761,74241300083,56.20000076293945,509.0,1092676.7071892836,Arkansas River
-91.82572050052933,34.21185705950665,74241300080213,196.59100999968763,74241300083,56.20000076293945,491.5,1092873.2981992834,Arkansas River
-91.82782716876902,34.21258060918386,74241300080223,222.8003663543601,74241300083,56.20000076293945,474.0,1093096.0985656376,Arkansas River
-91.82993649159906,34.2131147719939,74241300080233,193.15659053982833,74241300083,56.20000076293945,395.5,1093289.2551561776,Arkansas River
-91.83171575289771,34.21397040001457,74241300080243,178.4075392794622,74241300083,56.20000076293945,387.0,1093467.662695457,Arkansas River
-91.83349579653174,34.21477190225761,74241300080253,204.6176184499627,74241300083,56.20000076293945,484.5,1093672.280313907,Arkansas River
-91.83543644919968,34.215737226705436,74241300080263,204.6177144344871,74241300083,56.20000076293945,505.5,1093876.8980283414,Arkansas River
-91.8372154511293,34.21661982706003,74241300080273,185.2756220277474,74241300083,56.20000076293945,428.0,1094062.1736503693,Arkansas River
-91.83899115106516,34.2177458540922,74241300080283,220.27048801261284,74241300083,56.20000076293945,429.0,1094282.4441383819,Arkansas River
-91.84076763935046,34.21881775590413,74241300080293,188.70970644616028,74241300083,56.20000076293945,394.0,1094471.153844828,Arkansas River
-91.84254602323138,34.219754381242424,74241300080303,201.9426532592375,74241300083,56.20000076293945,420.5,1094673.0964980873,Arkansas River
-91.84448763484339,34.220665465610445,74241300080313,207.29358433162417,74241300083,56.20000076293945,435.0,1094880.390082419,Arkansas River
-91.84643150142378,34.22141421825478,74241300080323,196.59200584802238,74241300083,56.20000076293945,469.5,1095076.9820882669,Arkansas River
-91.84837282614083,34.22235229278232,74241300080333,213.40313075934228,74241300083,56.20000076293945,463.5,1095290.3852190261,Arkansas River
-91.85031382679874,34.22331738761624,74241300080343,204.61845517348303,74241300083,56.20000076293945,468.0,1095495.0036741996,Arkansas River
-91.85209498227628,34.22406452583329,74241300080353,169.62364547807275,74241300083,56.20000076293945,453.0,1095664.6273196777,Arkansas River
-91.8538721392988,34.22510919223761,74241300080363,220.2712827726835,74241300083,56.20000076293945,472.0,1095884.8986024505,Arkansas River
-91.85581180422744,34.22618240354622,74241300080373,208.05266139112683,74241300083,56.20000076293945,402.0,1096092.9512638415,Arkansas River
-91.85775626690928,34.22690393022807,74241300080383,196.59254214973507,74241300083,56.45000076293945,427.5,1096289.5438059913,Arkansas River
-91.85970222183619,34.22751722512768,74241300080393,187.0479072652383,74241300083,56.70000076293945,495.0,1096476.5917132564,Arkansas River
-91.86181213151477,34.2280508501678,74241300080403,222.8022030765879,74241300083,56.70000076293945,488.0,1096699.393916333,Arkansas River
-91.86392388522182,34.22844918708576,74241300080413,182.4248946801755,74241300083,56.70000076293945,489.5,1096881.8188110134,Arkansas River
-91.86603420937958,34.228955689961005,74241300080423,218.77349694685876,74241300083,56.79999923706055,459.0,1097100.5923079601,Arkansas River
-91.86814709340888,34.22927280358949,74241300080433,182.42507714413605,74241300083,56.900001525878906,432.0,1097283.0173851042,Arkansas River
-91.87026071671401,34.2295357803741,74241300080443,213.02745464802723,74241300083,56.900001525878906,417.0,1097496.0448397524,Arkansas River
-91.87237579667104,34.22969051879342,74241300080453,184.14258945493674,74241300083,56.900001525878906,400.5,1097680.1874292071,Arkansas River
-91.87448656626547,34.23016982720057,74241300080463,215.9335487982616,74241300083,56.900001525878906,327.0,1097896.1209780055,Arkansas River
-91.87659736086536,34.230649099492176,74241300080473,188.76598665353222,74241300083,56.900001525878906,344.0,1098084.886964659,Arkansas River
-91.87870961457271,34.23102013391691,74241300080483,211.8393250926469,74241300083,56.900001525878906,360.0,1098296.7262897517,Arkansas River
-91.88082367753236,34.231255879269746,74241300080493,187.04884108595837,74241300083,56.900001525878906,376.5,1098483.7751308377,Arkansas River
-91.88293632412889,34.23159979092616,74241300080503,211.24525741673605,74241300083,56.900001525878906,420.0,1098695.0203882544,Arkansas River
-91.8850557636813,34.23142970488297,74241300080513,183.0200776460846,74241300083,56.900001525878906,478.5,1098878.0404659004,Arkansas River
-91.88717234878511,34.231475987212185,74241300080523,216.46297061003827,74241300083,56.900001525878906,535.0,1099094.5034365105,Arkansas River
-91.88928183302068,34.23206324559554,74241300080533,190.48388235823487,74241300083,56.900001525878906,555.0,1099284.9873188687,Arkansas River
-91.89122673026795,34.23278424907097,74241300080543,211.4883662101126,74241300083,56.900001525878906,531.5,1099496.4756850789,Arkansas River
-91.89283959564348,34.23398919362897,74241300080553,169.75180535573216,74241300083,56.900001525878906,498.0,1099666.2274904347,Arkansas River
-91.89435267553945,34.23535554059441,74241300080563,235.1588047086262,74241300083,56.900001525878906,466.0,1099901.3862951433,Arkansas River
-91.89563604461479,34.236855069486154,74241300080573,185.2781699275606,74241300083,56.900001525878906,470.0,1100086.6644650707,Arkansas River
-91.89685608121916,34.238218745888055,74241300080583,192.1461696605636,74241300083,56.900001525878906,466.0,1100278.8106347313,Arkansas River
-91.89797667960411,34.23971678569383,74241300080593,207.29616713416632,74241300083,57.42500114440918,453.0,1100486.1068018656,Arkansas River
-91.89919327293315,34.24135094658773,74241300080603,216.83963101552027,74241300083,57.60000228881836,435.0,1100702.946432881,Arkansas River
-91.90037733976416,34.24298480374962,74241300080613,204.62082534823247,74241300083,57.60000228881836,384.0,1100907.5672582292,Arkansas River
-91.90120314263629,34.244615438863605,74241300080623,193.919038322061,74241300083,57.60000228881836,408.5,1101101.4862965513,Arkansas River
-91.90196207139661,34.24638073854653,74241300080633,224.52157617249907,74241300083,57.60000228881836,426.0,1101326.0078727237,Arkansas River
-91.9048289216313,34.251411343423044,74241300100013,162.55745436434148,74241300103,57.60000228881836,452.0,1101866.2459554411,Arkansas River
-91.90565488899246,34.25304194959848,74241300100023,196.59470148638047,74241300103,57.60000228881836,507.5,1102062.8406569276,Arkansas River
-91.90657862004281,34.254673422238696,74241300100033,199.27020294193517,74241300103,57.60000228881836,519.0,1102262.1108598695,Arkansas River
-91.90737207343079,34.25630372665271,74241300100043,196.59478093648835,74241300103,57.60000228881836,550.0,1102458.705640806,Arkansas River
-91.90813123024314,34.25806898934621,74241300100053,217.05823342471297,74241300103,57.60000228881836,730.0,1102675.7638742307,Arkansas River
-91.90843430496986,34.25983018612925,74241300100063,196.95795854544565,74241300103,57.60000228881836,703.5,1102872.721832776,Arkansas River
-91.90952106149128,34.26146308801634,74241300100073,199.27034045301406,74241300103,57.60000228881836,588.0,1103071.992173229,Arkansas River
-91.91028205156428,34.26309308422431,74241300100083,193.91945161929198,74241300103,57.60000228881836,550.0,1103265.9116248484,Arkansas River
-91.91110823309813,34.264723654818354,74241300100093,196.59495191573785,74241300103,57.60000228881836,451.5,1103462.5065767642,Arkansas River
-91.91180411757841,34.266353062877926,74241300100103,188.76747770773036,74241300103,57.60000228881836,356.0,1103651.2740544719,Arkansas River
-91.91217245931749,34.26811482876921,74241300100113,217.05844365982693,74241300103,57.60000228881836,379.0,1103868.3324981318,Arkansas River
-91.91302956697248,34.269880929381515,74241300100123,193.5241768240899,74241300103,57.60000228881836,511.5,1104061.8566749557,Arkansas River
-91.91304126321248,34.27150425932635,74241300100133,180.64408173555523,74241300103,57.60000228881836,442.5,1104242.5007566912,Arkansas River
-91.91288829466683,34.27326139698117,74241300100143,213.0295033557933,74241300103,57.60000228881836,408.0,1104455.5302600472,Arkansas River
-91.91266840642669,34.275153208863536,74241300100153,210.0580840239993,74241300103,57.60000228881836,375.0,1104665.588344071,Arkansas River
-91.91264576594723,34.27691150144992,74241300100163,180.0497863157232,74241300103,57.60000228881836,390.0,1104845.6381303868,Arkansas River
-91.91275347078587,34.278670950163075,74241300100173,213.0294995663115,74241300103,57.60000228881836,408.0,1105058.6676299532,Arkansas River
-91.91292635408165,34.280430976605395,74241300100183,180.04979966391997,74241300103,57.60000228881836,405.0,1105238.7174296172,Arkansas River
-91.91303406722386,34.28219042427609,74241300100193,214.7468639176459,74241300103,57.60000228881836,399.0,1105453.4642935346,Arkansas River
-91.91363061693235,34.28395420661067,74241300100203,195.8358456613107,74241300103,57.60000228881836,417.0,1105649.300139196,Arkansas River
-91.91462174310831,34.28545094479852,74241300100213,181.84501669804948,74241300103,57.60000228881836,432.0,1105831.145155894,Arkansas River
-91.91577585439644,34.286949117338196,74241300100223,205.3800932087294,74241300103,57.60000228881836,497.0,1106036.5252491029,Arkansas River
-91.91706036857224,34.288448431807296,74241300100233,204.17341636475302,74241300103,57.60000228881836,482.0,1106240.6986654676,Arkansas River
-91.91867534581927,34.28959895182868,74241300100243,188.7131836117566,74241300103,57.60000228881836,603.0,1106429.4118490794,Arkansas River
-91.92045643928607,34.290507431164606,74241300100253,204.62183341872225,74241300103,57.80000114440918,805.5,1106634.0336824981,Arkansas River
-91.92240260288771,34.291255014718594,74241300100263,192.20270391460298,74241300103,58.400001525878906,874.5,1106826.2363864128,Arkansas River
-91.9243512151121,34.291813213092205,74241300100273,190.48543780491292,74241300103,58.400001525878906,924.5,1107016.7218242176,Arkansas River
-91.9264621268139,34.29242691051949,74241300100283,219.3708632926909,74241300103,58.400001525878906,940.0,1107236.0926875102,Arkansas River
-91.92857616116304,34.29279711537467,74241300100293,183.02192588819096,74241300103,58.400001525878906,752.0,1107419.1146133984,Arkansas River
-91.93069227144274,34.29300497984428,74241300100303,213.03044499299122,74241300103,58.400001525878906,973.0,1107632.1450583914,Arkansas River
-91.93280634075387,34.29337511228333,74241300100313,185.3337366450694,74241300103,58.400001525878906,1424.0,1107817.4787950364,Arkansas River
-91.93492042944413,34.29368543835648,74241300100323,217.0596389668779,74241300103,58.400001525878906,1328.0,1108034.5384340035,Arkansas River
-91.9370502109767,34.292870932332775,74241300100333,220.2755484697571,74241300103,58.400001525878906,690.0,1108254.8139824732,Arkansas River
-91.93885674802505,34.29177738904281,74241300110013,153.71843477570005,74241300113,58.400001525878906,704.0,1108408.532417249,Arkansas River
-91.94030642740455,34.290545463339654,74241300110023,188.71407395459534,74241300113,58.400001525878906,572.0,1108597.2464912036,Arkansas River
-91.94162909152513,34.28904188480794,74241300110033,215.47849428439633,74241300113,58.400001525878906,575.0,1108812.724985488,Arkansas River
-91.94378213807995,34.288898142273574,74241300110043,213.0310590451159,74241300113,58.400001525878906,1480.0,1109025.756044533,Arkansas River
-91.94590495198295,34.2885647249971,74241300110053,187.05162856383728,74241300113,58.400001525878906,1342.5,1109212.807673097,Arkansas River
-91.94786985342476,34.287824107743674,74241300110063,214.1665794477507,74241300113,58.400001525878906,921.5,1109426.9742525446,Arkansas River
-91.9494174422598,34.28656585846245,74241300110073,177.36752884030184,74241300113,58.400001525878906,324.0,1109604.341781385,Arkansas River
-91.95051141816032,34.2850872735107,74241300110083,213.40814041041583,74241300113,58.400001525878906,334.5,1109817.7499217954,Arkansas River
-91.95180089044408,34.28361035074583,74241300110093,185.28053225729928,74241300113,58.400001525878906,352.0,1110003.0304540526,Arkansas River
-91.95299087400424,34.282267832734604,74241300110103,185.28058014056685,74241300113,58.400001525878906,373.0,1110188.3110341933,Arkansas River
-91.95431117196304,34.28092641468017,74241300110113,204.17509683437146,74241300113,58.400001525878906,360.0,1110392.4861310276,Arkansas River
-91.95595596607836,34.27969596246403,74241300110123,196.157558288173,74241300113,59.10000228881836,339.0,1110588.6436893158,Arkansas River
-91.95776197878254,34.27860212810758,74241300110133,220.27654044838766,74241300113,59.10000228881836,342.0,1110808.9202297642,Arkansas River
-91.95956661209037,34.277616470547734,74241300110143,178.41282747981722,74241300113,59.10000228881836,342.0,1110987.3330572438,Arkansas River
-91.96136920703229,34.276793091734056,74241300110153,204.62367164540635,74241300113,59.10000228881836,312.0,1111191.9567288894,Arkansas River
-91.96333403489152,34.27602516644182,74241300110163,196.59728370983916,74241300113,59.10000228881836,312.5,1111388.5540125992,Arkansas River
-91.96545877543875,34.27550204472015,74241300110173,217.65536484666092,74241300113,59.10000228881836,313.0,1111606.2093774457,Arkansas River
-91.96758216750598,34.275087089969915,74241300110183,185.33513566108303,74241300113,59.10000228881836,305.5,1111791.544513107,Arkansas River
-91.96970355965648,34.27483714449218,74241300110193,211.24938448362536,74241300113,59.10000228881836,306.0,1112002.7938975906,Arkansas River
-91.97182164648325,34.27485219501996,74241300110203,180.05220245285784,74241300113,59.10000228881836,270.0,1112182.8461000435,Arkansas River
-91.97393973515108,34.274869948460456,74241300110213,210.0609980511962,74241300113,59.10000228881836,270.0,1112392.9070980947,Arkansas River
-91.97621878813271,34.2750513337913,74241300110223,213.032548105842,74241300113,59.10000228881836,284.0,1112605.9396462005,Arkansas River
-91.97833295759668,34.275393625887844,74241300110233,188.77030508545363,74241300113,59.10000228881836,274.0,1112794.709951286,Arkansas River
-91.98028029320652,34.276059141117834,74241300110243,196.5979996162703,74241300113,59.10000228881836,346.0,1112991.3079509023,Arkansas River
-91.98222407376744,34.27702218970518,74241300110253,208.0586218986797,74241300113,59.10000228881836,378.0,1113199.3665728008,Arkansas River
-91.98400691538852,34.277821549751245,74241300110263,172.30422340509912,74241300113,59.10000228881836,366.0,1113371.670796206,Arkansas River
-91.98579271579258,34.27837742263005,74241300110273,199.27302669749943,74241300113,59.10000228881836,765.5,1113570.9438229036,Arkansas River
-91.98757075548122,34.27958250105088,74241300110283,208.18539571835115,74241300113,59.10000228881836,615.0,1113779.1292186219,Arkansas River
-91.98918396092824,34.280948517961654,74241300110293,204.17662237582857,74241300113,59.10000228881836,424.0,1113983.3058409977,Arkansas River
-91.99047132820878,34.28231182967524,74241300110303,192.15016018870173,74241300113,59.10000228881836,382.0,1114175.4560011863,Arkansas River
-91.99159417352811,34.28380904383807,74241300110313,210.7345152964984,74241300113,59.900001525878906,366.0,1114386.1905164828,Arkansas River
-91.99278223837577,34.28530678396295,74241300110323,178.4140717327558,74241300113,59.900001525878906,366.0,1114564.6045882157,Arkansas River
-91.99380900340242,34.28666791824867,74241300110333,185.28220535613008,74241300113,59.900001525878906,339.0,1114749.8867935718,Arkansas River
-91.99529046945544,34.28816804320665,74241300110343,234.58927292633825,74241300113,59.900001525878906,339.0,1114984.476066498,Arkansas River
-91.99683717140495,34.2896686846855,74241300110353,193.30001140156838,74241300113,59.900001525878906,381.0,1115177.7760778996,Arkansas River
-91.9977988690145,34.29102925291855,74241300110363,181.84831391364628,74241300113,59.900001525878906,384.0,1115359.6243918133,Arkansas River
-91.99902134132901,34.29239194449982,74241300110373,188.7164601325706,74241300113,59.900001525878906,382.0,1115548.3408519458,Arkansas River
-92.00027484425556,34.29389014688043,74241300110383,210.7349003309182,74241300113,59.900001525878906,421.5,1115759.0757522767,Arkansas River
-92.00133282589225,34.29538674287523,74241300110393,185.28250130146654,74241300113,59.900001525878906,528.0,1115944.3582535782,Arkansas River
-92.00268579642375,34.296750461822306,74241300110403,204.1772115762873,74241300113,59.900001525878906,508.0,1116148.5354651546,Arkansas River
-92.00429957267997,34.298116286018555,74241300110413,212.1949832920926,74241300113,59.900001525878906,424.0,1116360.7304484467,Arkansas River
-92.00591467605864,34.29937388415306,74241300110423,196.15965226539237,74241300113,59.900001525878906,424.0,1116556.890100712,Arkansas River
-92.00753046409218,34.300577358855,74241300120013,169.75610706749728,74241300123,59.900001525878906,424.0,1116726.6462077794,Arkansas River
-92.00914566289947,34.301834915554565,74241300120023,189.29167414251415,74241300123,59.900001525878906,445.0,1116915.937881922,Arkansas River
-92.01092865375688,34.30268799685434,74241300120033,200.23292673484752,74241300123,59.900001525878906,420.5,1117116.1708086568,Arkansas River
-92.01287783355326,34.30327185241555,74241300120043,190.48906507010778,74241300123,59.900001525878906,398.0,1117306.659873727,Arkansas River
-92.01499097652473,34.303775833984794,74241300120053,215.34596919930934,74241300123,59.900001525878906,403.0,1117522.0058429262,Arkansas River
-92.01727154653636,34.30390236713756,74241300120063,210.06291683014496,74241300123,59.900001525878906,390.0,1117732.0687597564,Arkansas River
-92.01938662035167,34.30424396471332,74241300120073,194.88222949350168,74241300123,59.900001525878906,481.5,1117926.9509892499,Arkansas River
-92.02133370088606,34.305017047351186,74241300120083,199.27521785507207,74241300123,59.900001525878906,324.0,1118126.226207105,Arkansas River
-92.0232801912451,34.30584420248903,74241300120093,199.27529651030275,74241300123,59.900001525878906,300.0,1118325.5015036152,Arkansas River
-92.0252292212721,34.30645491540056,74241300120103,192.20693530115324,74241300123,59.900001525878906,284.5,1118517.7084389164,Arkansas River
-92.02717703219827,34.307173803692294,74241300120113,199.27545512837813,74241300123,60.07500076293945,264.5,1118716.9838940448,Arkansas River
-92.02912363141701,34.30800086751178,74241300120123,201.9510630415435,74241300123,60.60000228881836,279.0,1118918.9349570863,Arkansas River
-92.03090789255042,34.308772508507374,74241300120133,172.30590820568045,74241300123,60.60000228881836,258.0,1119091.240865292,Arkansas River
-92.03269032557618,34.30970643291595,74241300120143,213.41187286345706,74241300123,60.60000228881836,258.0,1119304.6527381556,Arkansas River
-92.03463487129976,34.310722771445896,74241300120153,213.4119573549368,74241300123,60.60000228881836,226.5,1119518.0646955103,Arkansas River
-92.0364164599929,34.311737797570245,74241300120163,181.8497814029405,74241300123,60.60000228881836,235.0,1119699.9144769134,Arkansas River
-92.03803477720471,34.31277856964272,74241300120173,192.1520663140617,74241300123,60.60000228881836,235.0,1119892.0665432273,Arkansas River
-92.03965251842699,34.313873423957524,74241300120183,196.16100792828922,74241300123,60.60000228881836,254.0,1120088.2275511557,Arkansas River
-92.0412678412808,34.315184669980894,74241300120193,212.1965899948534,74241300123,60.60000228881836,254.0,1120300.4241411504,Arkansas River
-92.04272112227258,34.31641346640552,74241300120203,169.75732173419425,74241300123,60.60000228881836,254.0,1120470.1814628846,Arkansas River
-92.04417444508636,34.3176422462607,74241300120213,212.19671424036204,74241300123,60.60000228881836,254.0,1120682.378177125,Arkansas River
-92.04572409067315,34.31900702934464,74241300120223,196.7360380438209,74241300123,60.60000228881836,254.0,1120879.1142151689,Arkansas River
-92.04681732634643,34.320368241536045,74241300120233,189.29311493312116,74241300123,60.60000228881836,300.0,1121068.407330102,Arkansas River
-92.04836706456882,34.321732992132816,74241300120243,212.19689304166295,74241300123,60.60000228881836,300.0,1121280.6042231438,Arkansas River
-92.0499820636515,34.32309822954818,74241300120253,204.17918094913702,74241300123,60.60000228881836,471.0,1121484.7834040928,Arkansas River
-92.05117171583804,34.32459542078668,74241300120263,213.41264100800925,74241300123,60.80000305175781,363.0,1121698.196045101,Arkansas River
-92.05239553705468,34.325957595051975,74241300120273,161.73987013173814,74241300123,61.0,357.0,1121859.9359152326,Arkansas River
-92.05371569975705,34.32745577163436,74241300120283,239.99850523189752,74241300123,61.0,444.0,1122099.9344204646,Arkansas River
-92.05454527681357,34.329085416944054,74241300120293,175.74079164605692,74241300123,61.05000305175781,429.0,1122275.6752121106,Arkansas River
-92.05576770145412,34.33058281657619,74241300120303,216.84692622666626,74241300123,61.10000228881836,394.0,1122492.5221383371,Arkansas River
-92.05679451531795,34.33207869756378,74241300120313,172.30678000384538,74241300123,61.10000228881836,379.0,1122664.828918341,Arkansas River
-92.0580185344295,34.333440817363474,74241300120323,196.16171918852484,74241300123,61.20000076293945,363.0,1122860.9906375296,Arkansas River
-92.05917435241429,34.335072940401005,74241300120333,231.59763496248254,74241300123,61.20000076293945,416.0,1123092.5882724922,Arkansas River
-92.06000410738298,34.33670254971229,74241300120343,166.95579491653396,74241300123,61.20000076293945,396.0,1123259.5440674087,Arkansas River
-92.06083389383022,34.3383321535016,74241300120353,227.20476429126722,74241300123,61.20000076293945,390.0,1123486.7488316998,Arkansas River
-92.06172742943238,34.34009750970472,74241300120363,196.60125419558497,74241300123,61.20000076293945,386.0,1123683.3500858955,Arkansas River
-92.06242683058218,34.3417261031209,74241300120373,190.49092957380736,74241300123,61.29999923706055,380.0,1123873.8410154693,Arkansas River
-92.06312625811938,34.34335469255867,74241300120383,193.9257607302926,74241300123,61.29999923706055,390.0,1124067.7667761995,Arkansas River
-92.06382571204708,34.3449832780173,74241300120393,192.20838575909505,74241300123,61.29999923706055,407.5,1124259.9751619587,Arkansas River
-92.06472088001179,34.34661335462717,74241300120403,197.55951832396744,74241300123,61.29999923706055,435.5,1124457.5346802827,Arkansas River
-92.06535365888014,34.34837669115373,74241300120413,219.3772086545408,74241300123,61.400001525878906,459.0,1124676.9118889372,Arkansas River
-92.06598646364708,34.350140024309454,74241300120423,190.4910650399356,74241300123,61.400001525878906,537.5,1124867.402953977,Arkansas River
-92.0664888272184,34.35190235932918,74241300130013,183.02717000117488,74241300133,61.400001525878906,538.0,1125050.430123978,Arkansas River
-92.06686074175252,34.35366369761944,74241300130023,189.89679846637318,74241300133,61.400001525878906,578.5,1125240.3269224446,Arkansas River
-92.06746249525668,34.35529151620766,74241300130033,184.74460868729417,74241300133,61.400001525878906,586.0,1125425.0715311319,Arkansas River
-92.06766535848668,34.35705160907243,74241300130043,211.84789443034006,74241300133,61.45000076293945,510.0,1125636.9194255623,Arkansas River
-92.06755701535799,34.35880921680241,74241300130053,182.43291024597667,74241300133,61.5,458.0,1125819.352335808,Arkansas River
-92.06782512711878,34.36056980554816,74241300130063,211.25360216165674,74241300133,61.5,414.0,1126030.6059379699,Arkansas River
-92.0675803054232,34.362326418471014,74241300130073,183.02721418998885,74241300133,61.5,400.0,1126213.6331521599,Arkansas River
-92.0674629626283,34.36408402447685,74241300130083,210.06498686380974,74241300133,61.5,365.0,1126423.6981390235,Arkansas River
-92.06737673726668,34.36597713611114,74241300130093,211.8478870110982,74241300133,62.60000228881836,353.0,1126635.5460260347,Arkansas River
-92.0669331550796,34.36773225408957,74241300130103,187.0563024762571,74241300133,62.60000228881836,375.5,1126822.602328511,Arkansas River
-92.06642580713412,34.36935161433121,74241300130113,185.33888075284327,74241300133,62.60000228881836,397.5,1127007.9412092639,Arkansas River
-92.06608005822596,34.37110747422276,74241300130123,212.4421380056072,74241300133,62.60000228881836,400.0,1127220.3833472694,Arkansas River
-92.06566754239141,34.37299809177334,74241300130133,212.44212492589818,74241300133,62.60000228881836,390.0,1127432.8254721954,Arkansas River
-92.06571026303693,34.374756937496606,74241300130143,180.64994648307555,74241300133,62.60000228881836,383.5,1127613.4754186785,Arkansas River
-92.06569374032105,34.37651528457065,74241300130153,211.8478217024139,74241300133,62.60000228881836,301.0,1127825.3232403807,Arkansas River
-92.06534794306313,34.37827113960642,74241300130163,181.24423732445155,74241300133,62.60000228881836,380.0,1128006.5674777052,Arkansas River
-92.06532840614427,34.380029485485615,74241300130173,210.06490689075403,74241300133,62.60000228881836,375.0,1128216.632384596,Arkansas River
-92.06530736448666,34.381923088161564,74241300130183,210.06490689402696,74241300133,62.70000076293945,375.0,1128426.69729149,Arkansas River
-92.06551622696219,34.38368317746937,74241300130193,183.02714686377098,74241300133,62.70000076293945,367.5,1128609.724438354,Arkansas River
-92.06585561588824,34.38544426256371,74241300130203,214.22503789685612,74241300133,62.70000076293945,371.0,1128823.9494762507,Arkansas River
-92.06645606112406,34.38720733836844,74241300130213,190.4910973566454,74241300133,62.70000076293945,365.5,1129014.4405736073,Arkansas River
-92.06705803135861,34.3888351539032,74241300130223,194.88407686294582,74241300133,62.70000076293945,356.5,1129209.3246504702,Arkansas River
-92.06802047121403,34.390330443915396,74241300130233,178.4168305590543,74241300133,62.70000076293945,362.0,1129387.7414810294,Arkansas River
-92.06921137033348,34.39182746446858,74241300130243,216.84752546867952,74241300133,62.70000076293945,345.0,1129604.589006498,Arkansas River
-92.07046757673585,34.39332496969962,74241300130253,192.7281228238588,74241300133,62.70000076293945,342.0,1129797.3171293219,Arkansas River
-92.07201902096811,34.394689433116305,74241300130263,212.19790922345805,74241300133,62.70000076293945,342.0,1130009.5150385452,Arkansas River
-92.0734741048956,34.395917878572256,74241300130273,169.7583754748192,74241300133,62.70000076293945,339.0,1130179.2734140202,Arkansas River
-92.0749292308108,34.39714630737472,74241300130283,208.1891219060041,74241300133,62.70000076293945,361.0,1130387.4625359261,Arkansas River
-92.07671074752591,34.39837718245436,74241300130293,223.71606828516175,74241300133,62.70000076293945,349.5,1130611.1786042112,Arkansas River
-92.07849468878985,34.399391620511565,74241300130303,189.29433142733214,74241300133,62.70000076293945,339.0,1130800.4729356386,Arkansas River
-92.08011401529821,34.400540063573345,74241300130313,185.2854777796347,74241300133,62.70000076293945,339.0,1130985.7584134182,Arkansas River
-92.08189893093771,34.40147329832603,74241300130323,216.8480822040829,74241300133,62.70000076293945,371.5,1131202.6064956223,Arkansas River
-92.08368211659986,34.402568816811545,74241300130333,181.85149807060995,74241300133,62.70000076293945,388.0,1131384.457993693,Arkansas River
-92.08546858739653,34.403366742911885,74241300130343,201.95333737605694,74241300133,62.70000076293945,338.5,1131586.411331069,Arkansas River
-92.0874173968187,34.40424701552951,74241300130353,204.62897192708925,74241300133,62.70000076293945,355.0,1131791.040302996,Arkansas River
-92.0893665406485,34.40510020608057,74241300130363,199.27792540272299,74241300133,62.70000076293945,348.0,1131990.318228399,Arkansas River
-92.09131660225154,34.40587221142384,74241300130373,208.06323622736838,74241300133,62.70000076293945,362.0,1132198.3814646262,Arkansas River
-92.09310292530485,34.40669707964327,74241300130383,173.066586685114,74241300133,62.70000076293945,383.0,1132371.4480513113,Arkansas River
-92.09488520498232,34.40790064403687,74241300130393,227.72576721049523,74241300133,62.70000076293945,410.5,1132599.173818522,Arkansas River
-92.09683480198353,34.40872666604356,74241300130403,193.92707806297813,74241300133,62.70000076293945,331.5,1132793.1008965848,Arkansas River
-92.09878501823175,34.40949855428275,74241300130413,199.27828043645974,74241300133,62.70000076293945,389.5,1132992.3791770213,Arkansas River
-92.10073411287105,34.41037861831745,74241300130423,220.2829757096476,74241300133,62.70000076293945,413.0,1133212.6621527309,Arkansas River
-92.10575525994628,34.413986522842826,74241300150013,153.72370184666443,74241300153,63.5,339.0,1133728.299740288,Arkansas River
-92.10737466915126,34.41518871586137,74241300150023,200.172542559257,74241300153,63.5,296.0,1133928.4722828474,Arkansas River
-92.10915733539892,34.41639207665757,74241300150033,227.1515686016665,74241300153,63.5,256.0,1134155.623851449,Arkansas River
-92.11094119775781,34.41748720564546,74241300150043,192.7296184215037,74241300153,63.5,254.0,1134348.3534698705,Arkansas River
-92.11255960586846,34.41879753814086,74241300150053,212.1995437533476,74241300153,63.5,254.0,1134560.553013624,Arkansas River
-92.11417749389739,34.42016195304651,74241300150063,212.19960761171603,74241300153,63.5,296.0,1134772.7526212356,Arkansas River
-92.11563363831621,34.421389908495186,74241300150073,169.7597319831809,74241300153,63.5,296.0,1134942.5123532186,Arkansas River
-92.1172189815176,34.422754048114925,74241300150083,242.6128466112925,74241300153,63.5,254.0,1135185.12519983,Arkansas River
-92.1186397306815,34.424252249888795,74241300150093,188.72093948542454,74241300153,63.5,268.0,1135373.8461393155,Arkansas River
-92.11976671839557,34.42574832109419,74241300150103,209.9813415177744,74241300153,63.5,303.0,1135583.8274808333,Arkansas River
-92.1207943903296,34.42737893652037,74241300150113,199.27906665619105,74241300153,63.5,303.0,1135783.1065474893,Arkansas River
-92.12152686254849,34.42914269158692,74241300150123,219.37957368481975,74241300153,63.5,298.0,1136002.4861211742,Arkansas River
-92.1222253030182,34.43104146621638,74241300150133,221.0970231231314,74241300153,63.5,360.0,1136223.5831442974,Arkansas River
-92.12259728792085,34.43293789462375,74241300160011,182.43483118905766,74241300161,63.5,393.0,1136406.0179754863,Arkansas River
-92.12284010455284,34.43469812653167,74241300160021,181.24622354766075,74241300161,63.5,506.0,1136587.264199034,Arkansas River
-92.1223660447103,34.43631794598214,74241300160031,194.88612975900776,74241300161,63.5,593.5,1136782.150328793,Arkansas River
-92.1211750699479,34.43779734420621,74241300160041,200.74787356780234,74241300161,63.5,636.0,1136982.8982023608,Arkansas River
-92.11959309106433,34.43919275435164,74241300160051,209.77248178217036,74241300161,63.70000076293945,625.5,1137192.670684143,Arkansas River
-92.1177225987536,34.44007204249263,74241300160061,208.0642820191892,74241300161,63.70000076293945,590.5,1137400.7349661624,Arkansas River
-92.11591623134265,34.441059979957494,74241300160071,178.4184914017192,74241300161,63.70000076293945,579.0,1137579.153457564,Arkansas River
-92.11394741793107,34.44196555212253,74241300160081,232.55830884131166,74241300161,63.70000076293945,574.0,1137811.7117664053,Arkansas River
-92.1118201676066,34.44241002956758,74241300160091,183.6231381559782,74241300161,63.70000076293945,920.0,1137995.3349045613,Arkansas River
-92.10969461754694,34.44269216067102,74241300160101,213.63260495704128,74241300161,63.70000076293945,1182.0,1138208.9675095184,Arkansas River
-92.10756962925952,34.44292015134148,74241300160111,182.43438330939887,74241300161,63.70000076293945,1289.5,1138391.4018928276,Arkansas River
-92.10544463034367,34.44314810510881,74241300160121,214.75554694247052,74241300161,63.70000076293945,1284.0,1138606.1574397702,Arkansas River
-92.1033155737928,34.443754742208895,74241300160131,199.27847387158914,74241300161,63.70000076293945,1194.0,1138805.4359136417,Arkansas River
-92.10134859304323,34.44447074774197,74241300160141,196.60283379289476,74241300161,63.70000076293945,1206.5,1139002.0387474347,Arkansas River
-92.09954281328957,34.44537728375584,74241300160151,185.28618680309864,74241300161,63.70000076293945,1310.0,1139187.3249342376,Arkansas River
-92.09773612200516,34.44636494639528,74241300160161,216.84876305829457,74241300161,63.70000076293945,1277.0,1139404.173697296,Arkansas River
-92.09576582717196,34.44737842559222,74241300160171,209.98045327333546,74241300161,63.70000076293945,1261.0,1139614.1541505693,Arkansas River
-92.09382784739125,34.44841916557533,74241300160181,199.2268250524502,74241300161,63.70000076293945,1731.0,1139813.3809756218,Arkansas River
-92.09351788333169,34.44990481287022,74241300160191,184.7455688749846,74241300161,63.70000076293945,1006.0,1139998.1265444967,Arkansas River
-92.09405403051159,34.451667267178316,74241300160201,219.37846447127447,74241300161,63.70000076293945,951.0,1140217.505008968,Arkansas River
-92.09472082492609,34.453430686346124,74241300160211,190.49215509720455,74241300161,63.70000076293945,918.5,1140407.9971640653,Arkansas River
-92.09532233242156,34.45519361849429,74241300160221,219.37851845301623,74241300161,63.70000076293945,941.0,1140627.3756825184,Arkansas River
-92.09615392615615,34.45682298120775,74241300160231,172.3081291549721,74241300161,63.70000076293945,1128.0,1140799.6838116732,Arkansas River
-92.09715029940627,34.45831828761915,74241300160241,207.30490807133097,74241300161,63.70000076293945,1043.0,1141006.9887197446,Arkansas River
-92.09824322989707,34.45994956578412,74241300160251,204.62938292528588,74241300161,63.70000076293945,766.5,1141211.61810267,Arkansas River
-92.09933620240491,34.46158083441436,74241300160261,209.9805620647949,74241300161,63.70000076293945,702.0,1141421.5986647347,Arkansas River
-92.10046187709352,34.463212333883305,74241300160271,204.62946835984116,74241300161,63.80000305175781,713.0,1141626.2281330945,Arkansas River
-92.10142574021636,34.464707365985234,74241300160281,175.74242204981206,74241300161,63.900001525878906,841.0,1141801.9705551444,Arkansas River
-92.10242229892827,34.466202630457815,74241300160291,210.73923843191733,74241300161,64.30000305175781,877.5,1142012.7097935763,Arkansas River
-92.10387616030222,34.46770124044114,74241300160301,204.1813588861629,74241300161,64.70000457763672,827.0,1142216.8911524625,Arkansas River
-92.10523352937321,34.46906385935373,74241300160311,196.16354678572694,74241300161,64.70000457763672,763.0,1142413.0546992482,Arkansas River
-92.10678692088209,34.470427895958494,74241300160321,212.1993388045719,74241300161,64.70000457763672,678.0,1142625.2540380526,Arkansas River
-92.10840569013946,34.47179238988065,74241300160331,204.18153629836576,74241300161,64.70000457763672,593.0,1142829.435574351,Arkansas River
-92.11002853293081,34.472778143328284,74241300160341,185.28654780014045,74241300161,64.70000457763672,582.0,1143014.7221221512,Arkansas River
-92.11181387648983,34.47384621678237,74241300160351,210.73963159720572,74241300161,64.70000457763672,544.5,1143225.4617537484,Arkansas River
-92.11376430627308,34.47475314072908,74241300160361,210.73970869462647,74241300161,64.70000457763672,516.0,1143436.201462443,Arkansas River
-92.11571592012176,34.475551828355506,74241300160371,191.4511009282971,74241300161,64.70000457763672,516.0,1143627.6525633715,Arkansas River
-92.11766842627276,34.47626933097571,74241300160381,210.73986046383263,74241300161,64.70000457763672,531.5,1143838.3924238351,Arkansas River
-92.11945394273837,34.4773372950669,74241300160391,192.72994243084696,74241300161,64.70000457763672,572.0,1144031.122366266,Arkansas River
-92.12107418769557,34.47859341909001,74241300160401,196.7389403149022,74241300161,64.70000457763672,558.0,1144227.861306581,Arkansas River
-92.12286149664253,34.47949902546177,74241300160411,207.30592864784646,74241300161,64.70000457763672,516.0,1144435.1672352287,Arkansas River
-92.12481189754027,34.48043282756578,74241300160421,204.630422971127,74241300161,64.70000457763672,501.0,1144639.7976582,Arkansas River
-92.12676431554647,34.481177238688275,74241300160431,193.92817552412293,74241300161,64.70000457763672,517.5,1144833.725833724,Arkansas River
-92.12871761263534,34.48184046457493,74241300160441,199.2794069917,74241300161,64.70000457763672,408.0,1145033.0052407158,Arkansas River
-92.13066813478031,34.482774174671846,74241300160451,207.30622275638387,74241300161,64.70000457763672,366.0,1145240.3114634722,Arkansas River
-92.13245535833859,34.483706694753565,74241300160461,178.41903240901755,74241300161,64.70000457763672,345.0,1145418.730495881,Arkansas River
-92.1342429018068,34.48461213742077,74241300160471,213.41608065790848,74241300161,64.70000457763672,353.0,1145632.1465765391,Arkansas River
-92.13602881028072,34.48567986377282,74241300160481,185.28742863831386,74241300161,64.70000457763672,352.0,1145817.4340051773,Arkansas River
-92.13781532162943,34.486693461235944,74241300160491,220.28450161042153,74241300161,64.70000457763672,373.0,1146037.7185067877,Arkansas River
-92.13960076493217,34.48781523945189,74241300160501,188.72169121508057,74241300161,64.70000457763672,360.0,1146226.4401980028,Arkansas River
-92.14122151696118,34.48907110180113,74241300160511,212.20067529249317,74241300161,64.70000457763672,402.0,1146438.6408732953,Arkansas River
-92.14284121046563,34.4904351493464,74241300160521,212.20073703220828,74241300161,64.70000457763672,402.0,1146650.8416103276,Arkansas River
-92.14433026975297,34.49179826079563,74241300160531,189.29665088505965,74241300161,64.70000457763672,381.0,1146840.1382612127,Arkansas River
-92.14516455159848,34.493292042461434,74241300160541,190.49392667939384,74241300161,64.70000457763672,448.5,1147030.632187892,Arkansas River
-92.14563532144533,34.49518907931848,74241300160551,244.23799311553842,74241300161,64.70000457763672,586.0,1147274.8701810075,Arkansas River
-92.1461714594632,34.4970865707549,74241300170011,161.60735350523754,74241300171,64.70000457763672,626.5,1147436.4775345128,Arkansas River
-92.14687237145236,34.49884994280445,74241300170021,217.068861795702,74241300171,64.70000457763672,607.0,1147653.5463963086,Arkansas River
-92.14698515874271,34.5006092057198,74241300170031,180.05841333401926,74241300171,64.70000457763672,607.5,1147833.6048096425,Arkansas River
-92.14696724645026,34.50236755556971,74241300170041,213.56850727566624,74241300171,64.70000457763672,653.0,1148047.173316918,Arkansas River
-92.14623044807226,34.50412088312385,74241300170051,193.92883024902065,74241300171,64.70000457763672,732.5,1148241.102147167,Arkansas River
-92.14546232159441,34.50573871921166,74241300170061,190.4939462054239,74241300171,64.70000457763672,789.5,1148431.5960933727,Arkansas River
-92.14475813872346,34.507492264624275,74241300170071,221.09795786353507,74241300171,64.70000457763672,807.0,1148652.6940512361,Arkansas River
-92.14418463969764,34.50924672083396,74241300170081,188.77647379947436,74241300171,64.70000457763672,814.0,1148841.4705250356,Arkansas River
-92.14341642466758,34.510864541395186,74241300170091,196.60432549551405,74241300171,64.70000457763672,844.0,1149038.074850531,Arkansas River
-92.14255014003776,34.51248166814,74241300170101,193.9287063928885,74241300171,64.70000457763672,810.5,1149232.003556924,Arkansas River
-92.14158578008518,34.51409809886026,74241300170111,204.63103167368052,74241300171,64.70000457763672,822.0,1149436.6345885978,Arkansas River
-92.14062138246881,34.51571452103256,74241300170121,199.2798182290679,74241300171,65.22500228881836,807.5,1149635.9144068267,Arkansas River
-92.13959158365553,34.51733047416079,74241300170131,207.30654804329697,74241300171,65.4000015258789,798.5,1149843.22095487,Arkansas River
-92.13830167932521,34.51880931642761,74241300170141,196.16475481619,74241300171,65.44999694824219,975.0,1150039.3857096862,Arkansas River
-92.1369150756814,34.520152194288734,74241300170151,188.72160798699258,74241300171,65.5,932.0,1150228.1073176733,Arkansas River
-92.1357231296154,34.52163169997788,74241300170161,216.85027892008466,74241300171,65.5,973.5,1150444.9575965933,Arkansas River
-92.13453114150005,34.52311119319778,74241300170171,174.9849575913196,74241300171,65.5,987.0,1150619.9425541847,Arkansas River
-92.13337179497347,34.52459090559471,74241300170181,210.74046296495013,74241300171,65.5,982.0,1150830.6830171496,Arkansas River
-92.13247248482557,34.52620772030236,74241300170191,196.60394599599792,74241300171,65.5,907.0,1151027.2869631457,Arkansas River
-92.13160442104046,34.52796001639831,74241300170201,222.8148699728637,74241300171,65.5,835.0,1151250.1018331184,Arkansas River
-92.13083437930828,34.52971300316469,74241300170211,192.21088028642936,74241300171,65.5,839.0,1151442.312713405,Arkansas River
-92.13016377254789,34.53133142616454,74241300170221,190.4934326206848,74241300171,65.5,865.5,1151632.8061460257,Arkansas River
-92.12945904378957,34.53308486802124,74241300170231,221.09736004178052,74241300171,65.5,863.0,1151853.9035060673,Arkansas River
-92.12872159618372,34.534838071620115,74241300170241,192.21080800200855,74241300171,65.5,841.5,1152046.1143140693,Arkansas River
-92.12792014937426,34.53645554672099,74241300170251,192.21078230734554,74241300171,65.5,961.5,1152238.3250963767,Arkansas River
-92.12724942961287,34.538073950274466,74241300170261,190.49333509558625,74241300171,65.5,931.0,1152428.8184314724,Arkansas River
-92.12651188987762,34.539827137784215,74241300170271,219.37982385125477,74241300171,65.5,893.0,1152648.1982553236,Arkansas River
-92.12629596130381,34.54171931957761,74241300170281,211.8503079431633,74241300171,65.5,842.0,1152860.0485632666,Arkansas River
-92.12595066880971,34.54347530827198,74241300170291,181.24636504426783,74241300171,65.5,862.5,1153041.294928311,Arkansas River
-92.12606305524943,34.545234572046226,74241300170301,216.47376576852605,74241300171,65.5,646.0,1153257.7686940795,Arkansas River
-92.12676533501968,34.546862789452774,74241300170311,171.35026592500833,74241300171,65.5,826.0,1153429.1189600045,Arkansas River
-92.12835403970189,34.548145642166716,74241300170321,223.71828779712143,74241300171,65.5,801.0,1153652.8372478017,Arkansas River
-92.13014233574806,34.54910525816065,74241300170331,174.98484265593743,74241300171,65.5,817.0,1153827.8220904577,Arkansas River
-92.13209498796213,34.54998485682576,74241300170341,226.44867763822333,74241300171,65.5,879.0,1154054.2707680957,Arkansas River
-92.13421619924142,34.55037866188702,74241300170351,187.05876243292238,74241300171,65.5,913.5,1154241.3295305287,Arkansas River
-92.1361722801905,34.55093358142999,74241300170361,192.21110395997195,74241300171,65.5,911.5,1154433.5406344887,Arkansas River
-92.13812727190717,34.5515966749758,74241300170371,193.92859719416117,74241300171,65.5,721.0,1154627.4692316828,Arkansas River
-92.14024577168826,34.5522608890118,74241300170381,224.5326891515861,74241300171,65.5,620.0,1154852.0019208344,Arkansas River
-92.14236319565977,34.553033271600654,74241300170391,199.2799200027241,74241300171,65.5,535.0,1155051.281840837,Arkansas River
-92.14415259152031,34.55391153173552,74241300170401,181.85357461823395,74241300171,65.5,516.0,1155233.1354154553,Arkansas River
-92.14594174917374,34.55481681715293,74241300170411,210.74096396346653,74241300171,65.5,474.0,1155443.876379419,Arkansas River
-92.1478944294163,34.55572321805137,74241300170421,199.2801158972953,74241300171,65.5,393.0,1155643.1564953162,Arkansas River
-92.14968229055378,34.55676370629922,74241300170431,204.18309306490892,74241300171,65.5,445.0,1155847.3395883811,Arkansas River
-92.15104183001037,34.55812582933735,74241300170441,179.17818658824476,74241300171,65.5,655.0,1156026.5177749693,Arkansas River
-92.15200903468231,34.55948521266725,74241300170451,189.29693480695641,74241300171,65.5,660.0,1156215.8147097763,Arkansas River
-92.15356484869959,34.56084867087692,74241300170461,212.20116608533561,74241300171,65.5,593.0,1156428.0158758615,Arkansas River
-92.1551861121228,34.562212562304694,74241300170471,208.19225648356777,74241300171,65.5,593.0,1156636.2081323452,Arkansas River
-92.15654582939081,34.56357462545433,74241300170481,196.16539686300317,74241300171,65.5,572.0,1156832.3735292081,Arkansas River
-92.15800232900197,34.56507260712718,74241300170491,220.28529896116888,74241300171,65.5,574.0,1157052.6588281693,Arkansas River
-92.15906510585435,34.566703125817035,74241300170501,201.9560785561979,74241300171,65.6500015258789,626.5,1157254.6149067255,Arkansas River
-92.15986630952273,34.56833183509947,74241300170511,192.21188004314982,74241300171,65.80000305175781,637.5,1157446.8267867686,Arkansas River
-92.1603418794724,34.57009354663569,74241300170521,213.6345381849008,74241300171,66.0999984741211,613.0,1157660.4613249537,Arkansas River
-92.16061852960607,34.57185413180379,74241300170531,182.43611397787672,74241300171,66.0999984741211,583.5,1157842.8974389315,Arkansas River
-92.16029836301374,34.57360976788818,74241300170541,216.47509487740257,74241300171,66.0999984741211,594.0,1158059.372533809,Arkansas River
-92.16080803562076,34.5755074081662,74241300170551,217.06942307904097,74241300171,66.0999984741211,515.0,1158276.441956888,Arkansas River
-92.36139370502939,34.793958352321745,74241300230011,165.75730765927221,74241300231,71.80000305175781,1127.0,1197942.918046474,Arkansas River
-92.36269394063027,34.79545306343549,74241300230021,210.74805585207838,74241300231,71.80000305175781,1372.0,1198153.666102326,Arkansas River
-92.36416047380266,34.79665105030389,74241300230031,186.91322094532177,74241300231,71.80000305175781,1442.5,1198340.5793232713,Arkansas River
-92.36629182336425,34.796689219352444,74241300230041,211.26401470608874,74241300231,71.80000305175781,1247.0,1198551.8433379773,Arkansas River
-92.36842008119814,34.79713312460627,74241300230051,197.5694257641515,74241300231,71.80000305175781,1287.5,1198749.4127637416,Arkansas River
-92.37038069247416,34.79806307340991,74241300230061,204.63832965713206,74241300231,71.80000305175781,1179.0,1198954.0510933986,Arkansas River
-92.37234196326463,34.79891183617954,74241300230071,207.31406602973976,74241300231,71.80000305175781,1215.0,1199161.3651594284,Arkansas River
-92.37393987669319,34.80011038333245,74241300230081,191.3926750639435,74241300231,71.80000305175781,1276.0,1199352.7578344923,Arkansas River
-92.37438673853569,34.801735840022374,74241300230091,195.85207500800573,74241300231,71.80000305175781,1409.0,1199548.6099095005,Arkansas River
-92.37575292224105,34.803230750750785,74241300230101,208.1992963338876,74241300231,71.80000305175781,1293.0,1199756.8092058343,Arkansas River
-92.37731695114944,34.80459139535169,74241300230111,200.18112653198713,74241300231,71.80000305175781,1002.0,1199956.9903323662,Arkansas River
-92.37878162584671,34.80608677580234,74241300230121,217.23296667199872,74241300231,71.80000305175781,1041.5,1200174.2232990381,Arkansas River
-92.37890063679515,34.80771054096775,74241300230131,183.03652104026168,74241300231,71.80000305175781,1503.5,1200357.2598200785,Arkansas River
-92.3786578558194,34.8094677218697,74241300230141,210.6699996925618,74241300231,71.80000305175781,1048.0,1200567.929819771,Arkansas River
-92.3788742504261,34.811227246407086,74241300230151,185.3483424221746,74241300231,71.80000305175781,996.0,1200753.2781621933,Arkansas River
-92.37968307619985,34.812719265678155,74241300230161,186.62785294275346,74241300231,71.80000305175781,689.0,1200939.906015136,Arkansas River
-92.38124734735115,34.81407986023343,74241300230171,208.19944527431073,74241300231,71.80000305175781,682.0,1201148.1054604102,Arkansas River
-92.38287888506137,34.81522435505571,74241300230181,196.17216745057323,74241300231,71.80000305175781,642.0,1201344.277627861,Arkansas River
-92.38467286467271,34.81658607028178,74241300230191,231.74539306480222,74241300231,71.80000305175781,637.0,1201576.0230209257,Arkansas River
-92.38663452085508,34.81746165787885,74241300230201,194.89420094365636,74241300231,71.80000305175781,631.5,1201770.9172218693,Arkansas River
-92.3887634254234,34.817905212827846,74241300230211,212.45329021853178,74241300231,71.80000305175781,623.0,1201983.3705120878,Arkansas River
-92.39089454376968,34.81805116288591,74241300230221,183.0368193872397,74241300231,71.80000305175781,648.0,1202166.407331475,Arkansas River
-92.39302328905781,34.8185216952592,74241300230231,222.8238672196781,74241300231,71.80000305175781,704.0,1202389.2311986948,Arkansas River
-92.39515087281984,34.81915450010126,74241300230241,190.50122427125967,74241300231,71.80000305175781,753.0,1202579.732422966,Arkansas River
-92.39711447690843,34.8197864555373,74241300230251,193.93625907492566,74241300231,71.80000305175781,796.0,1202773.6686820409,Arkansas River
-92.39924192884146,34.820446241214725,74241300230261,219.38904970840298,74241300231,71.80000305175781,880.0,1202993.0577317493,Arkansas River
-92.40137156815308,34.82080842168115,74241300230271,187.0663811529628,74241300231,71.80000305175781,963.0,1203180.1241129022,Arkansas River
-92.40350083649886,34.82122466856202,74241300230281,212.45367967300692,74241300231,71.80000305175781,961.0,1203392.5777925754,Arkansas River
-92.4056310985649,34.8215056198448,74241300230291,185.34898275547397,74241300231,71.80000305175781,942.5,1203577.926775331,Arkansas River
-92.40775943914237,34.822057050875905,74241300230301,222.82427241820346,74241300231,71.80000305175781,908.0,1203800.751047749,Arkansas River
-92.40972263207996,34.82276995921591,74241300230311,172.31658542384244,74241300231,71.80000305175781,836.0,1203973.067633173,Arkansas River
-92.41152126170687,34.82356319783383,74241300230321,208.0736755284581,74241300231,71.80000305175781,865.5,1204181.1413087014,Arkansas River
-92.4133172401697,34.82473513391105,74241300230331,196.1729085584476,74241300231,71.80000305175781,874.0,1204377.3142172596,Arkansas River
-92.4151146086904,34.825717681724456,74241300230341,201.96378049977247,74241300231,71.80000305175781,862.0,1204579.2779977596,Arkansas River
-92.41707795315011,34.82643047244857,74241300230351,199.28813002860443,74241300231,71.80000305175781,917.0,1204778.566127788,Arkansas River
-92.41904038198359,34.827278490244204,74241300230361,210.7495635296817,74241300231,71.80000305175781,947.0,1204989.315691318,Arkansas River
-92.42083692726952,34.82839621305505,74241300230371,196.17308664876728,74241300231,71.80000305175781,834.0,1205185.4887779665,Arkansas River
-92.42246854434038,34.82964838944098,74241300230381,200.18225113383073,74241300231,71.80000305175781,750.0,1205385.6710291004,Arkansas River
-92.42410096424463,34.83079233733732,74241300230391,204.19141879932698,74241300231,71.80000305175781,721.0,1205589.8624478998,Arkansas River
-92.42573192681061,34.83215267724595,74241300230401,212.2097150370783,74241300231,71.80000305175781,699.0,1205802.072162937,Arkansas River
-92.42719983925286,34.833376964548805,74241300230411,169.76780162888298,74241300231,71.80000305175781,657.0,1205971.8399645656,Arkansas River
-92.42866779461214,34.83460123453301,74241300230421,212.20978893253715,74241300231,71.80000305175781,699.0,1206184.0497534983,Arkansas River
-92.43019954815793,34.836096311358105,74241300230431,223.72841658288837,74241300231,71.80000305175781,753.5,1206407.778170081,Arkansas River
-92.43140325864327,34.837589835962305,74241300230441,185.2956102791562,74241300231,71.80000305175781,680.0,1206593.0737803604,Arkansas River
-92.43306728575337,34.838950231730124,74241300230451,227.73763042362782,74241300231,71.80000305175781,727.5,1206820.811410784,Arkansas River
-92.43486556905047,34.83987838751255,74241300230461,174.99280710696797,74241300231,71.80000305175781,739.0,1206995.8042178908,Arkansas River
-92.43666444624787,34.840725361567436,74241300230471,204.64000230630904,74241300231,71.80000305175781,694.5,1207200.4442201972,Arkansas River
-92.43846262532837,34.84168051638478,74241300230481,196.74833368135648,74241300231,71.80000305175781,627.0,1207397.1925538785,Arkansas River
-92.43996279104982,34.84304006141421,74241300230491,196.17352511808042,74241300231,71.80000305175781,703.0,1207593.3660789966,Arkansas River
-92.4412980293408,34.84453409322845,74241300230501,220.2944090699267,74241300231,71.80000305175781,786.0,1207813.6604880665,Arkansas River
-92.44269894182767,34.84602841126818,74241300230511,200.18272605334639,74241300231,71.80000305175781,837.0,1208013.8432141198,Arkansas River
-92.44466191973756,34.846903071709356,74241300230521,220.34844194333152,74241300231,71.80000305175781,933.0,1208234.1916560633,Arkansas River
-92.4467919058942,34.847345619147376,74241300230531,195.85381667427822,74241300231,71.80000305175781,650.5,1208430.0454727374,Arkansas River
-92.4485905275125,34.84827357392365,74241300230541,175.75167484190683,74241300231,71.80000305175781,457.0,1208605.7971475795,Arkansas River
-92.45038972962843,34.84912034687192,74241300230551,209.99174370033995,74241300231,72.39999771118164,423.5,1208815.7888912798,Arkansas River
-92.45218789278867,34.85012940417065,74241300230561,196.74864312339926,74241300231,72.5999984741211,426.0,1209012.5375344031,Arkansas River
-92.45381969976344,34.85148937111967,74241300230571,208.20126364985384,74241300231,72.5999984741211,467.0,1209220.738798053,Arkansas River
-92.45545298635028,34.852632902318604,74241300230581,196.1738754972678,74241300231,72.5999984741211,576.0,1209416.9126735502,Arkansas River
-92.45688835335433,34.85393784320833,74241300230591,192.16476023816458,74241300231,72.5999984741211,534.0,1209609.0774337885,Arkansas River
-92.45835534161057,34.85543227572356,74241300230601,224.30397996460695,74241300231,72.5999984741211,513.0,1209833.3814137531,Arkansas River
-92.459526139276,34.85706063721604,74241300230611,207.3162381365637,74241300231,72.5999984741211,516.0,1210040.6976518896,Arkansas River
-92.460467254387,34.85868796846472,74241300230621,193.1783928038447,74241300231,72.5999984741211,561.5,1210233.8760446934,Arkansas River
-92.46098175946258,34.86031340199209,74241300230631,190.50269235474107,74241300231,72.5999984741211,608.0,1210424.3787370482,Arkansas River
-92.46185730041708,34.86194043121184,74241300230641,208.07488646035554,74241300231,72.5999984741211,705.5,1210632.4536235086,Arkansas River
-92.46299543770624,34.863568613817804,74241300230651,195.85416103255378,74241300231,72.5999984741211,757.5,1210828.307784541,Arkansas River
-92.46331221730111,34.86532842580304,74241300230661,213.04948761886018,74241300231,72.5999984741211,862.0,1211041.35727216,Arkansas River
-92.46353054487778,34.86708780218294,74241300230671,188.55476959904476,74241300231,72.5999984741211,961.0,1211229.9120417591,Arkansas River
-92.46224081288825,34.86856999268773,74241300230681,196.7488703257867,74241300231,72.5999984741211,1141.0,1211426.6609120849,Arkansas River
-92.461179911969,34.870188445600746,74241300230691,225.50136672302293,74241300231,72.5999984741211,1095.0,1211652.1622788077,Arkansas River
-92.46090585145754,34.871945642166416,74241300230701,181.25531320230843,74241300231,72.5999984741211,1016.0,1211833.4175920102,Arkansas River
-92.46053242225389,34.87383765905453,74241300230711,244.24920281452765,74241300231,72.5999984741211,700.0,1212077.6667948246,Arkansas River
-92.45999484989318,34.87572894522113,74241300240011,154.74471064582264,74241300241,72.5999984741211,637.5,1212232.4115054705,Arkansas River
-92.45929489448187,34.87734898173355,74241300240021,193.9376759220251,74241300241,72.5999984741211,597.0,1212426.3491813925,Arkansas River
-92.45839795291818,34.878968136290744,74241300240031,204.64050674383944,74241300241,72.5999984741211,578.0,1212630.9896881364,Arkansas River
-92.45743443312885,34.880722248768976,74241300240041,222.82556119576606,74241300241,72.5999984741211,578.0,1212853.815249332,Arkansas River
-92.45689763283733,34.88247825988206,74241300240051,181.8495719963014,74241300241,72.5999984741211,544.0,1213035.6648213284,Arkansas River
-92.4567884693237,34.88410091746166,74241300240061,185.8789194361176,74241300241,72.5999984741211,633.5,1213221.5437407645,Arkansas River
-92.45602271991342,34.88572063827384,74241300240071,199.28902929364375,74241300241,72.5999984741211,639.0,1213420.8327700582,Arkansas River
-92.45502623933439,34.88747458159564,74241300240081,225.50121380579833,74241300241,72.5999984741211,618.0,1213646.333983864,Arkansas River
-92.45435802020386,34.88922998985837,74241300240091,190.50255685447405,74241300241,72.5999984741211,639.0,1213836.8365407183,Arkansas River
-92.45355934331519,34.89084954555051,74241300240101,192.22004726956604,74241300241,72.5999984741211,643.0,1214029.056587988,Arkansas River
-92.45295672856031,34.89260523979582,74241300240111,217.6729316049524,74241300241,72.5999984741211,608.0,1214246.729519593,Arkansas River
-92.45245258494617,34.89436137400371,74241300240121,183.6324923227948,74241300241,72.5999984741211,725.5,1214430.3620119158,Arkansas River
-92.45247375025119,34.89611987287826,74241300240131,212.4548968560712,74241300241,72.5999984741211,823.0,1214642.8169087719,Arkansas River
-92.45253133966264,34.89787851913291,74241300240141,181.25514775646653,74241300241,72.5999984741211,848.5,1214824.0720565282,Arkansas River
-92.4528444276609,34.899638347624176,74241300240151,213.04924349605517,74241300241,72.5999984741211,735.0,1215037.1213000244,Arkansas River
-92.45315753224982,34.90139817490464,74241300240161,181.84949636082086,74241300241,72.5999984741211,622.0,1215218.970796385,Arkansas River
-92.45314946269468,34.90315652404372,74241300240171,210.07756861948283,74241300241,72.5999984741211,645.0,1215429.0483650046,Arkansas River
-92.45313959924127,34.9049148726667,74241300240181,180.66082416624988,74241300241,72.5999984741211,916.0,1215609.709189171,Arkansas River
-92.45358587122861,34.906675288511146,74241300240191,221.10796015795412,74241300241,72.5999984741211,859.0,1215830.8171493288,Arkansas River
-92.4544280124145,34.90843747193513,74241300240201,199.28899481093362,74241300241,72.5999984741211,925.5,1216030.1061441398,Arkansas River
-92.45546900785186,34.909930017358796,74241300240211,181.86182725739664,74241300241,72.5999984741211,947.0,1216211.967971397,Arkansas River
-92.45651004093409,34.911422553812095,74241300240221,199.28904125632187,74241300241,72.5999984741211,1055.5,1216411.2570126534,Arkansas River
-92.45722093179708,34.913184130031624,74241300240231,217.6730370382612,74241300241,73.0999984741211,1020.0,1216628.9300496918,Arkansas River
-92.4576691272159,34.91494452963185,74241300240241,185.35010836494445,74241300241,73.70000457763672,989.5,1216814.2801580566,Arkansas River
-92.45802059517808,34.91656923048605,74241300240251,183.0382722902151,74241300241,73.70000457763672,921.5,1216997.318430347,Arkansas River
-92.45869783015902,34.91833065078806,74241300240261,228.9363239205366,74241300241,73.70000457763672,828.0,1217226.2547542674,Arkansas River
-92.45944166841664,34.92009235926885,74241300240271,188.78516091933008,74241300241,73.70000457763672,682.0,1217415.0399151868,Arkansas River
-92.46012073692722,34.92171851379572,74241300240281,194.89590327666124,74241300241,73.70000457763672,638.0,1217609.9358184636,Arkansas River
-92.46112827245128,34.923346121328834,74241300240291,210.75059191647898,74241300241,73.70000457763672,617.5,1217820.6864103798,Arkansas River
-92.4622681085006,34.92483904465626,74241300240301,172.31764074019176,74241300241,73.70000457763672,666.0,1217993.00405112,Arkansas River
-92.46317806904878,34.926330941675786,74241300240311,199.2891908487764,74241300241,73.70000457763672,656.5,1218192.2932419688,Arkansas River
-92.46421856641842,34.927958668498384,74241300240321,213.426378181187,74241300241,73.70000457763672,606.0,1218405.71962015,Arkansas River
-92.46535764412681,34.92958682007479,74241300240331,210.75069120298969,74241300241,73.70000457763672,601.5,1218616.470311353,Arkansas River
-92.4665633364671,34.9310799921193,74241300240341,181.862053760822,74241300241,73.70000457763672,627.0,1218798.332365114,Arkansas River
-92.46780279380641,34.932438038798644,74241300240351,188.73069426572366,74241300241,73.70000457763672,684.0,1218987.0630593796,Arkansas River
-92.468942875485,34.933930899431374,74241300240361,203.68183281316283,74241300241,73.70000457763672,641.5,1219190.7448921928,Arkansas River
-92.46968794041473,34.93555728670832,74241300240371,196.6136198093422,74241300241,73.80000305175781,682.5,1219387.358512002,Arkansas River
-92.47069583152364,34.93718481443632,74241300240381,210.75081570077822,74241300241,73.80000305175781,733.5,1219598.109327703,Arkansas River
-92.47190173066961,34.938677933507684,74241300240391,178.42785064732027,74241300241,73.80000305175781,754.0,1219776.5371783501,Arkansas River
-92.47297627032418,34.94017047057511,74241300240401,209.99227395675516,74241300241,73.80000305175781,759.5,1219986.529452307,Arkansas River
-92.47405084836656,34.94166299819805,74241300240411,181.86220425530635,74241300241,73.80000305175781,729.0,1220168.3916565622,Arkansas River
-92.47555340291171,34.9430221035407,74241300240421,208.2017752381699,74241300241,73.80000305175781,778.0,1220376.5934318004,Arkansas River
-92.47735253822219,34.94424720556037,74241300240431,223.72962560037436,74241300241,73.80000305175781,925.0,1220600.3230574008,Arkansas River
-92.47931838605145,34.94509426518145,74241300240441,193.93811770868177,74241300241,73.80000305175781,807.5,1220794.2611751095,Arkansas River
-92.48128597833748,34.945670778677425,74241300240451,188.78562497487707,74241300241,73.80000305175781,701.5,1220983.0468000844,Arkansas River
-92.48325410776638,34.94616610610561,74241300240461,190.50317621843368,74241300241,73.80000305175781,728.5,1221173.5499763028,Arkansas River
-92.48522107769755,34.94685076208508,74241300240471,196.6139591382005,74241300241,73.80000305175781,774.0,1221370.163935441,Arkansas River
-92.48735251810854,34.947509028421784,74241300240481,219.39128116678074,74241300241,73.80000305175781,736.0,1221589.5552166079,Arkansas River
-92.48948701157195,34.947680330714874,74241300240491,180.0672178457216,74241300241,73.80000305175781,644.5,1221769.6224344536,Arkansas River
-92.49162118040043,34.947905698773326,74241300240501,213.0501624491106,74241300241,73.80000305175781,706.0,1221982.6725969026,Arkansas River
-92.49392062936536,34.94796940481963,74241300240511,210.07851789180822,74241300241,73.80000305175781,750.0,1222192.7511147945,Arkansas River
-92.49605564652472,34.948059437382454,74241300240521,182.44469794906104,74241300241,73.80000305175781,663.0,1222375.1958127434,Arkansas River
-92.4981900093698,34.94825763874053,74241300240531,210.67294989199308,74241300241,73.80000305175781,636.0,1222585.8687626354,Arkansas River
-92.50032553194936,34.948266441788945,74241300240541,180.06741995695967,74241300241,73.80000305175781,585.0,1222765.9361825925,Arkansas River
-92.50262532652513,34.94827588013179,74241300240551,240.08994968772157,74241300241,73.80000305175781,577.5,1223006.0261322802,Arkansas River
-92.50508874304397,34.9483941506128,74241300250011,183.03920951864416,74241300251,73.80000305175781,612.0,1223189.0653417988,Arkansas River
-92.5072224908851,34.948700399474895,74241300250021,183.03924603921706,74241300251,73.80000305175781,556.0,1223372.104587838,Arkansas River
-92.50935722195375,34.94884430184427,74241300250031,210.67318936720898,74241300251,73.85000610351562,653.0,1223582.7777772052,Arkansas River
-92.51165543163275,34.94912408500212,74241300250041,213.05059866717565,74241300251,73.9000015258789,648.0,1223795.8283758725,Arkansas River
-92.51378954361265,34.94937611568629,74241300250051,182.4450262624904,74241300251,74.80000305175781,742.0,1223978.273402135,Arkansas River
-92.51592366898606,34.94962810919345,74241300250061,213.05068931670857,74241300251,74.80000305175781,714.0,1224191.3240914517,Arkansas River
-92.51805780797534,34.94988006508064,74241300250071,183.03944419428402,74241300251,74.80000305175781,618.5,1224374.3635356459,Arkansas River
-92.52019290605996,34.9499696742095,74241300250081,211.26775727592363,74241300251,74.80000305175781,571.0,1224585.631292922,Arkansas River
-92.5224911863697,34.95024925285679,74241300250091,213.05082736061797,74241300251,74.80000305175781,508.0,1224798.6821202824,Arkansas River
-92.5246252066821,34.950528145233335,74241300250101,181.8508802273444,74241300251,74.80000305175781,479.0,1224980.53300051,Arkansas River
-92.52675986373598,34.95069879396618,74241300250111,213.0509160494072,74241300251,74.80000305175781,424.0,1225193.5839165593,Arkansas River
-92.5290591163894,34.950815938902316,74241300250121,210.079257334545,74241300251,74.80000305175781,453.0,1225403.6631738937,Arkansas River
-92.53119363704735,34.95101356125187,74241300250131,183.0396785895888,74241300251,74.9000015258789,431.0,1225586.7028524834,Arkansas River
-92.53332755502849,34.95131935295731,74241300250141,213.64539233814767,74241300251,74.9000015258789,426.0,1225800.3482448217,Arkansas River
-92.53562561533293,34.95165278697204,74241300250151,214.2397808631388,74241300251,74.9000015258789,411.0,1226014.5880256847,Arkansas River
-92.53775926360623,34.952012604134886,74241300250161,183.63413512968935,74241300251,74.9000015258789,388.0,1226198.2221608143,Arkansas River
-92.53989293082643,34.952372384163475,74241300250171,213.6455256654631,74241300251,74.9000015258789,397.0,1226411.8676864798,Arkansas River
-92.54202691813663,34.95267802327555,74241300250181,183.63420909833096,74241300251,74.9000015258789,397.0,1226595.501895578,Arkansas River
-92.54416062206786,34.953037728576106,74241300250191,213.64561136107636,74241300251,74.9000015258789,397.0,1226809.1475069392,Arkansas River
-92.54645847843501,34.95342506161505,74241300250201,219.39256661719924,74241300251,74.9000015258789,429.0,1227028.5400735564,Arkansas River
-92.54859103555654,34.95400110260901,74241300250211,187.0693668174321,74241300251,74.9000015258789,423.0,1227215.609440374,Arkansas River
-92.5505609623802,34.954278930039,74241300250221,186.47505879052653,74241300251,74.9000015258789,412.5,1227402.0844991645,Arkansas River
-92.5526932770096,34.95490900292926,74241300250231,222.82773953645278,74241300251,74.9000015258789,417.0,1227624.9122387008,Arkansas River
-92.55482606361645,34.95545788323214,74241300250241,188.78699789075645,74241300251,74.9000015258789,370.0,1227813.6992365916,Arkansas River
-92.55679590172367,34.9557626616036,74241300250251,188.55656134451607,74241300251,74.9000015258789,440.5,1228002.255797936,Arkansas River
-92.55876140550052,34.95687895956432,74241300250261,225.06487343608669,74241300251,74.9000015258789,458.0,1228227.320671372,Arkansas River
-92.56072840599201,34.95772470875261,74241300250271,204.64263149744727,74241300251,74.9000015258789,416.0,1228431.9633028696,Arkansas River
-92.5626950160999,34.95865158142575,74241300250281,207.3184077236211,74241300251,74.9000015258789,399.0,1228639.2817105933,Arkansas River
-92.56449751859978,34.95955078183234,74241300250291,174.99515144203875,74241300251,74.9000015258789,391.0,1228814.2768620353,Arkansas River
-92.56629977593457,34.96050405887287,74241300250301,216.86289803054734,74241300251,74.9000015258789,398.0,1229031.1397600658,Arkansas River
-92.56810150709279,34.96156551644902,74241300250311,185.2982331746891,74241300251,74.9000015258789,408.0,1229216.4379932405,Arkansas River
-92.56990385060219,34.962518740319645,74241300250321,213.42862538045318,74241300251,74.9000015258789,430.0,1229429.866618621,Arkansas River
-92.57186983530394,34.96360777565941,74241300250331,213.42866211549875,74241300251,74.9000015258789,559.5,1229643.2952807364,Arkansas River
-92.57367282769427,34.964452737216426,74241300250341,175.75389479628825,74241300251,74.9000015258789,586.0,1229819.0491755328,Arkansas River
-92.57547502040015,34.965459982343816,74241300250351,216.86307375286123,74241300251,75.9000015258789,631.5,1230035.9122492857,Arkansas River
-92.57701255509647,34.966817958272614,74241300250361,200.9221923423167,74241300251,75.9000015258789,736.5,1230236.834441628,Arkansas River
-92.5779907842211,34.96830923333936,74241300250371,189.3075841169226,74241300251,75.9000015258789,653.0,1230426.142025745,Arkansas River
-92.57956127667171,34.96966729114307,74241300250381,212.21307064477068,74241300251,75.9000015258789,487.0,1230638.3550963898,Arkansas River
-92.58119754825252,34.97102555539026,74241300250391,212.2131006715939,74241300251,75.9000015258789,466.0,1230850.5681970613,Arkansas River
-92.58267023912941,34.97224797431917,74241300250401,169.77050207775858,74241300251,75.9000015258789,434.5,1231020.338699139,Arkansas River
-92.58420801918832,34.97360585931632,74241300250411,231.75031453970055,74241300251,75.9000015258789,408.0,1231252.0890136787,Arkansas River
-92.58531791983853,34.97509752529444,74241300250421,181.86416185765893,74241300251,75.9000015258789,384.0,1231433.9531755364,Arkansas River
-92.58675719922593,34.976455041265886,74241300250431,204.19481160763883,74241300251,75.9000015258789,384.0,1231638.147987144,Arkansas River
-92.58793291746514,34.977946906829025,74241300250441,208.0774626108144,74241300251,75.9000015258789,379.0,1231846.2254497549,Arkansas River
-92.58933807223912,34.97957479784137,74241300250451,215.52102968306428,74241300251,75.9000015258789,405.5,1232061.746479438,Arkansas River
-92.59008592714744,34.981200455196216,74241300250461,192.22263467418364,74241300251,75.9000015258789,429.5,1232253.969114112,Arkansas River
-92.59106389027541,34.98282688279795,74241300250471,204.64316787837728,74241300251,75.9000015258789,385.0,1232458.6122819905,Arkansas River
-92.59197615370158,34.98445308146067,74241300250481,196.61594181389788,74241300251,75.9000015258789,351.0,1232655.2282238044,Arkansas River
-92.59275630416126,34.98621409068396,74241300250491,224.54604626960122,74241300251,75.9000015258789,323.0,1232879.774270074,Arkansas River
-92.59360222887521,34.98797531464506,74241300250501,199.29171752709192,74241300251,75.9000015258789,343.0,1233079.065987601,Arkansas River
-92.59464608331128,34.98960193265281,74241300250511,199.29173384442015,74241300251,75.9000015258789,309.0,1233278.3577214454,Arkansas River
-92.59526264550763,34.991227117700205,74241300250521,187.07012886430147,74241300251,75.9000015258789,377.0,1233465.4278503098,Arkansas River
-92.59594497677406,34.992852518148354,74241300250531,193.9402597672184,74241300251,75.9000015258789,308.0,1233659.368110077,Arkansas River
-92.59675750014031,34.99474886813037,74241300250541,248.81068872672643,74241300251,75.9000015258789,288.0,1233908.1787988038,Arkansas River
-92.59701120331476,34.996643358475325,74241500010011,154.7467773134216,74241500011,75.9000015258789,361.5,1234062.9255761171,Arkansas River
-92.59769427500196,34.99840444223517,74241500010021,225.50435793036883,74241500011,75.9000015258789,432.0,1234288.4299340474,Arkansas River
-92.59745421723368,35.00016160148459,74241500010031,185.35263397641447,74241500011,75.9000015258789,435.5,1234473.7825680238,Arkansas River
-92.59669011945172,35.00178219067597,74241500010041,196.61602324356406,74241500011,75.9000015258789,459.0,1234670.3985912674,Arkansas River
-92.5958273613405,35.00340244608047,74241500010051,199.29175741365842,74241500011,75.9000015258789,469.5,1234869.690348681,Arkansas River
-92.59480018238185,35.005022146041554,74241500010061,208.077586802232,74241500011,75.9000015258789,481.5,1235077.7679354833,Arkansas River
-92.5941641582811,35.00677841445477,74241500010071,213.58104629842347,74241500011,75.9000015258789,564.0,1235291.3489817816,Arkansas River
-92.5941252672362,35.00853665917284,74241500010081,183.5695481553456,74241500011,75.9000015258789,482.0,1235474.918529937,Arkansas River
-92.59322950696117,35.01015678346286,74241500010091,221.63120426898152,74241500011,75.9000015258789,369.5,1235696.549734206,Arkansas River
-92.59200491148243,35.01177579582321,74241500010101,193.18088817799514,74241500011,75.9000015258789,365.5,1235889.730622384,Arkansas River
-92.59097795512673,35.013314305198705,74241500010111,214.7733947195276,74241500011,75.9000015258789,266.5,1236104.5040171035,Arkansas River
-92.58926167216819,35.014607006511405,74241500010121,196.17647183318127,74241500011,75.9000015258789,331.0,1236300.6804889366,Arkansas River
-92.58803760966126,35.016090718781676,74241500010131,208.9496298271349,74241500011,76.0,313.5,1236509.6301187638,Arkansas River
-92.58661729846507,35.01735733396641,74241500010141,178.72923346454974,74241500011,76.0,296.0,1236688.3593522285,Arkansas River
-92.5852296893772,35.01865109582866,74241500010151,204.19479364797758,74241500011,76.0,296.0,1236892.5541458763,Arkansas River
-92.5836108937767,35.02013341231893,74241500010161,224.30677361788918,74241500011,76.0,254.0,1237116.8609194942,Arkansas River
-92.5822559367191,35.02145430330024,74241500010171,183.2084994251161,74241500011,76.0,233.0,1237300.0694189193,Arkansas River
-92.58060566742618,35.02263889861815,74241500010181,196.7511772091127,74241500011,76.0,296.0,1237496.8205961285,Arkansas River
-92.57879259162902,35.02349828241094,74241500010191,201.96722525311552,74241500011,76.0,348.0,1237698.7878213816,Arkansas River
-92.57697947828702,35.024357638950214,74241500010201,189.30757864657284,74241500011,76.0,375.0,1237888.0954000282,Arkansas River
-92.57516380775013,35.02570389415817,74241500010211,235.18449449827017,74241500011,76.0,377.0,1238123.2798945263,Arkansas River
-92.57341525557415,35.02677983839901,74241500010221,179.77401633286644,74241500011,76.0,429.0,1238303.0539108594,Arkansas River
-92.57209234707682,35.02820893375835,74241500010231,219.25237581490498,74241500011,76.0,434.5,1238522.3062866742,Arkansas River
-92.57021144555003,35.029419623786694,74241500010241,211.5115026487598,74241500011,76.0,425.0,1238733.817789323,Arkansas River
-92.56823538294464,35.029954232188466,74241500010251,189.9104197561066,74241500011,76.0,481.5,1238923.728209079,Arkansas River
-92.5664220175247,35.03081284361949,74241500010261,188.7325580674978,74241500011,76.0,408.0,1239112.4607671467,Arkansas River
-92.56460732291725,35.03191547454622,74241500010271,223.73156075155862,74241500011,76.0,330.0,1239336.1923278982,Arkansas River
-92.56279171561317,35.03318038632655,74241500010281,200.1852108215988,74241500011,76.0,296.0,1239536.3775387197,Arkansas River
-92.56117483130697,35.03417546982685,74241500010291,175.82297537267357,74241500011,76.0,257.0,1239712.2005140923,Arkansas River
-92.55962136572198,35.03560359266418,74241500010301,215.7074507329183,74241500011,76.0,258.0,1239927.9079648254,Arkansas River
-92.55879113358367,35.03708843040572,74241500010311,207.69285953907604,74241500011,76.0,413.0,1240135.6008243645,Arkansas River
-92.55733667972936,35.03843572686699,74241500010321,169.77013306646276,74241500011,76.5,360.0,1240305.370957431,Arkansas River
-92.55578350506806,35.039782644137574,74241500010331,231.74974932069244,74241500011,77.0,373.5,1240537.1207067515,Arkansas River
-92.55452556968197,35.04126588471017,74241500010341,188.732352999376,74241500011,77.0,373.0,1240725.853059751,Arkansas River
-92.55336626498683,35.04274947470448,74241500010351,207.3182381092715,74241500011,77.0,373.5,1240933.17129786,Arkansas River
-92.55210750165013,35.04436794523488,74241500010361,210.75255313124617,74241500011,77.0,303.0,1241143.9238509915,Arkansas River
-92.55130919783748,35.045988105902666,74241500010371,186.4750725915405,74241500011,77.0,380.0,1241330.398923583,Arkansas River
-92.5506754809548,35.047581818507005,74241500010381,205.31428224419133,74241500011,77.07500076293945,341.5,1241535.7132058272,Arkansas River
-92.54876241317038,35.04852153200807,74241500010391,198.60983683884513,74241500011,77.0999984741211,361.0,1241734.323042666,Arkansas River
-92.54756911101471,35.05016724857021,74241500010401,227.22089801511015,74241500011,77.0999984741211,292.0,1241961.543940681,Arkansas River
-92.54676991272875,35.05192263288184,74241500010411,193.9394287210105,74241500011,77.0999984741211,318.0,1242155.4833694021,Arkansas River
-92.54597142860582,35.05354275501243,74241500010421,192.22189190931715,74241500011,77.0999984741211,301.0,1242347.7052613115,Arkansas River
-92.54530375167637,35.05529862064703,74241500010431,222.82759047830993,74241500011,77.0999984741211,298.0,1242570.5328517898,Arkansas River
-92.54457024969915,35.05705423483644,74241500010441,190.5043436955672,74241500011,77.80000305175781,313.0,1242761.0371954853,Arkansas River
-92.54373877266717,35.0586742166815,74241500010451,191.46254430717966,74241500011,77.9000015258789,298.0,1242952.4997397924,Arkansas River
-92.54330129993848,35.06043093511433,74241500010461,217.67498185341168,74241500011,78.0999984741211,327.0,1243170.174721646,Arkansas River
-92.54260060811357,35.062186659108384,74241500010471,186.4749235319277,74241500011,78.0999984741211,336.5,1243356.6496451779,Arkansas River
-92.54209729009438,35.06394312370244,74241500010481,217.67495948727645,74241500011,78.0999984741211,342.0,1243574.3246046652,Arkansas River
-92.54172555552668,35.065700082825174,74241500010491,186.47490729585596,74241500011,78.1500015258789,348.5,1243760.799511961,Arkansas River
-92.54109058803536,35.06745604458908,74241500010501,215.95741667793231,74241500011,78.20000457763672,346.0,1243976.756928639,Arkansas River
-92.54068591230072,35.069212874710246,74241500010511,188.1924113787411,74241500011,78.20000457763672,291.0,1244164.9493400177,Arkansas River
-92.54027970203963,35.07096970288025,74241500010521,211.86250944163532,74241500011,78.20000457763672,285.0,1244376.8118494593,Arkansas River
-92.54020858445662,35.07272777690401,74241500010531,183.56867605070764,74241500011,78.20000457763672,381.0,1244560.38052551,Arkansas River
-92.54081936475164,35.0746238486911,74241500010541,248.2151251428331,74241500011,78.6500015258789,360.5,1244808.595650653,Arkansas River
-92.5398347438742,35.080165583874546,74241500030011,180.66246406482864,74241500031,79.20000457763672,450.0,1245365.412464945,Arkansas River
-92.53979196220055,35.08192377969986,74241500030021,181.8511471344182,74241500031,79.20000457763672,468.0,1245547.2636120797,Arkansas River
-92.53955020670637,35.08368097551578,74241500030031,213.05118032491094,74241500031,79.20000457763672,488.0,1245760.3147924044,Arkansas River
-92.53980284105067,35.08557579980448,74241500030041,211.26815928835413,74241500031,79.20000457763672,450.0,1245971.5829516929,Arkansas River
-92.53989321430743,35.08733449358621,74241500030051,182.44549156411364,74241500031,79.20000457763672,415.0,1246154.0284432569,Arkansas River
-92.54037700068666,35.08909468442987,74241500030061,215.95740278159056,74241500031,79.20000457763672,379.0,1246369.9858460384,Arkansas River
-92.54092663050928,35.09085512220511,74241500030071,188.7867585978317,74241500031,79.20000457763672,379.0,1246558.7726046364,Arkansas River
-92.54147704067816,35.092480301939545,74241500030081,190.50429110825468,74241500031,79.20000457763672,350.0,1246749.2768957447,Arkansas River
-92.54222494898946,35.09410622465421,74241500030091,194.89756234495414,74241500031,79.20000457763672,332.0,1246944.1744580895,Arkansas River
-92.54320328099145,35.095733010714966,74241500030101,204.6423095829725,74241500031,79.20000457763672,283.0,1247148.8167676725,Arkansas River
-92.54421381268129,35.09749516770788,74241500030111,228.9383515959322,74241500031,79.20000457763672,304.0,1247377.7551192685,Arkansas River
-92.54506056469967,35.09912144350745,74241500030121,166.96763989921507,74241500031,79.20000457763672,354.0,1247544.7227591677,Arkansas River
-92.54597318100838,35.10074795975726,74241500030131,227.22086657578745,74241500031,79.20000457763672,396.0,1247771.9436257435,Arkansas River
-92.54675416874164,35.10237397682637,74241500030141,169.64340337486118,74241500031,79.20000457763672,459.0,1247941.5870291183,Arkansas River
-92.54793093571216,35.103866207052135,74241500030151,216.8625472290973,74241500031,79.20000457763672,469.5,1248158.4495763474,Arkansas River
-92.54897533059548,35.10549319122879,74241500030161,196.6152086789391,74241500031,79.20000457763672,578.0,1248355.0647850265,Arkansas River
-92.54995467413728,35.10698466681834,74241500030171,189.3071224864932,74241500031,79.20000457763672,653.0,1248544.371907513,Arkansas River
-92.55152732919133,35.10834307279028,74241500030181,212.21255514781555,74241500031,79.20000457763672,636.0,1248756.5844626606,Arkansas River
-92.55316587463479,35.109701701139656,74241500030191,204.1942207975485,74241500031,79.20000457763672,720.0,1248960.7786834582,Arkansas River
-92.55497069070694,35.11076335058067,74241500030201,210.75261598557114,74241500031,79.20000457763672,967.0,1249171.531299444,Arkansas River
-92.55710738781838,35.111339258432466,74241500030211,214.769063914439,74241500031,79.20000457763672,866.0,1249386.3003633583,Arkansas River
-92.55924571779515,35.11161756731731,74241500030221,181.85148558626292,74241500031,79.20000457763672,637.5,1249568.1518489446,Arkansas River
-92.56138580214385,35.111571226431735,74241500030231,212.45727896695757,74241500031,79.20000457763672,618.0,1249780.6091279115,Arkansas River
-92.56352674994534,35.11136254128449,74241500030241,180.6628689291215,74241500031,79.20000457763672,630.0,1249961.2719968406,Arkansas River
-92.56566768722692,35.11115381846202,74241500030251,214.2403897677845,74241500031,79.20000457763672,576.0,1250175.5123866084,Arkansas River
-92.56781004213514,35.11067454693706,74241500030261,192.22228373221944,74241500031,79.20000457763672,641.0,1250367.7346703405,Arkansas River
-92.56978905497279,35.10995119381745,74241500030271,204.64281122603393,74241500031,79.20000457763672,730.5,1250572.3774815667,Arkansas River
-92.5717693067335,35.10898434833618,74241500030281,207.31858867510934,74241500031,79.20000457763672,746.5,1250779.6960702417,Arkansas River
-92.57358393316687,35.10820624894082,74241500030291,175.75390485316598,74241500031,79.20000457763672,669.0,1250955.449975095,Arkansas River
-92.57539964737929,35.1072117130053,74241500030301,213.4287416334616,74241500031,79.20000457763672,596.5,1251168.8787167284,Arkansas River
-92.57721531795767,35.10621714962649,74241500030311,192.74192979922293,74241500031,79.20000457763672,572.0,1251361.6206465275,Arkansas River
-92.57886705301736,35.10508673123882,74241500030321,192.16710985191037,74241500031,79.20000457763672,509.0,1251553.7877563795,Arkansas River
-92.58051929689542,35.103848085280625,74241500030331,204.19471338419135,74241500031,79.20000457763672,466.0,1251757.9824697636,Arkansas River
-92.58190940263628,35.1023650480116,74241500030341,227.16624324969206,74241500031,79.20000457763672,472.0,1251985.1487130134,Arkansas River
-92.58349695252082,35.100882672856095,74241500030351,208.20396045855614,74241500031,79.20000457763672,424.0,1252193.352673472,Arkansas River
-92.58488626838538,35.09953485591044,74241500030361,181.86416367334007,74241500031,79.20000457763672,426.0,1252375.2168371454,Arkansas River
-92.58594707593927,35.09805064292702,74241500030371,201.96734303956362,74241500031,79.20000457763672,366.0,1252577.184180185,Arkansas River
-92.586811043484,35.09643049128471,74241500030381,199.2916122143374,74241500031,79.20000457763672,324.0,1252776.4757923991,Arkansas River
-92.58780662967618,35.094810780445115,74241500030391,204.64312192901102,74241500031,79.20000457763672,324.0,1252981.1189143283,Arkansas River
-92.58899897345499,35.09332698632466,74241500030401,188.73292428626638,74241500031,79.20000457763672,291.0,1253169.8518386146,Arkansas River
-92.59032224568503,35.0919788807659,74241500030411,192.16729383828593,74241500031,79.20000457763672,339.0,1253362.0191324528,Arkansas River
-92.5917771207232,35.090631203439,74241500030421,208.20410498866994,74241500031,79.20000457763672,339.0,1253570.2232374414,Arkansas River
-92.59359356693267,35.089365875521715,74241500030431,223.7321183588646,74241500031,79.20000457763672,329.5,1253793.9553558002,Arkansas River
-92.59540942306158,35.08820872499445,74241500030441,204.19497041190732,74241500031,79.20000457763672,466.0,1253998.1503262122,Arkansas River
-92.59689639181593,35.086996350383586,74241500030451,169.7707132316578,74241500031,79.20000457763672,466.0,1254167.921039444,Arkansas River
-92.59838331710787,35.08578395723085,74241500030461,212.21341741250188,74241500031,79.20000457763672,530.0,1254380.1344568564,Arkansas River
-92.60003487622376,35.084545036729395,74241500030471,196.17664877001295,74241500031,79.20000457763672,466.0,1254576.3111056264,Arkansas River
-92.60185027160654,35.083441889863465,74241500030481,216.8635660825883,74241500031,79.20000457763672,450.0,1254793.174671709,Arkansas River
-92.60382950611472,35.08247450959378,74241500030491,209.99489620915466,74241500031,79.20000457763672,493.5,1255003.1695679182,Arkansas River
-92.60580817358829,35.081615301830126,74241500030501,201.96767955173053,74241500031,79.20000457763672,436.5,1255205.1372474697,Arkansas River
-92.60778654085519,35.08081016404291,74241500030511,204.6434622313192,74241500031,79.20000457763672,523.5,1255409.7807097011,Arkansas River
-92.60960071917232,35.079923310156595,74241500030521,172.32007691531098,74241500031,79.20000457763672,537.0,1255582.1007866166,Arkansas River
-92.61157875234683,35.079172212459014,74241500030531,227.2221571874304,74241500031,79.20000457763672,474.0,1255809.3229438039,Arkansas River
-92.61372077337217,35.07852981166177,74241500030541,192.2230188230942,74241500031,79.20000457763672,421.5,1256001.545962627,Arkansas River
-92.61569708674102,35.07813031389285,74241500030551,185.35291818628457,74241500031,79.20000457763672,365.0,1256186.8988808133,Arkansas River
-92.61783791379321,35.077731302458716,74241500030561,214.24131883788186,74241500031,79.20000457763672,346.0,1256401.1401996512,Arkansas River
-92.6201433775706,35.07730571702556,74241500030571,215.3645444202642,74241500031,79.20000457763672,327.0,1256616.5047440715,Arkansas River
-92.62228366336471,35.07701483211526,74241500030581,183.0411333569505,74241500031,79.20000457763672,263.0,1256799.5458774283,Arkansas River
-92.62442393441384,35.07672390954733,74241500030591,213.0527355472003,74241500031,79.20000457763672,263.0,1257012.5986129756,Arkansas River
-92.62656394400145,35.07648705168858,74241500030601,183.04119345660243,74241500031,79.20000457763672,305.5,1257195.6398064322,Arkansas River
-92.62870345148721,35.076358361863335,74241500030611,214.17599342892998,74241500031,79.20000457763672,351.0,1257409.8157998612,Arkansas River
-92.63084441454487,35.07590601722195,74241500030621,184.16444095800182,74241500031,79.20000457763672,402.0,1257593.980240819,Arkansas River
-92.63298341627683,35.075884457192274,74241500030631,210.08114102069743,74241500031,79.20000457763672,435.0,1257804.06138184,Arkansas River
-92.63528682609983,35.075891405900286,74241500030641,210.08117719736885,74241500031,79.20000457763672,420.0,1258014.142559037,Arkansas River
-92.6374263056205,35.07576256177448,74241500030651,183.04134301990084,74241500031,79.20000457763672,514.0,1258197.1839020571,Arkansas River
-92.63956625468255,35.07552547428457,74241500030661,213.0529782312132,74241500031,79.20000457763672,512.0,1258410.2368802882,Arkansas River
-92.64170512750414,35.075531811847014,74241500030671,188.19400921228203,74241500031,79.20000457763672,488.0,1258598.4308895005,Arkansas River
-92.64384235512924,35.075916832387136,74241500030681,213.0530449325974,74241500031,79.20000457763672,447.0,1258811.4839344332,Arkansas River
-92.64614460073307,35.07619408954201,74241500030691,211.27003894880352,74241500031,79.20000457763672,435.0,1259022.753973382,Arkansas River
-92.64828337639153,35.07622736266711,74241500030701,181.85279362603478,74241500031,79.20000457763672,511.0,1259204.606767008,Arkansas River
-92.65042030795419,35.07669342196013,74241500030711,217.08256753314532,74241500031,79.20000457763672,412.0,1259421.689334541,Arkansas River
-92.65255909902879,35.07672661976517,74241500030721,186.47661911535454,74241500031,79.20000457763672,415.5,1259608.1659536564,Arkansas River
-92.65469606854502,35.07719260389801,74241500030731,213.6475582389398,74241500031,79.20000457763672,417.0,1259821.8135118955,Arkansas River
-92.65683374236951,35.07749624130756,74241500030741,182.4472516030204,74241500031,79.20000457763672,424.0,1260004.2607634985,Arkansas River
-92.65897233271836,35.077583429356935,74241500030751,210.67588381407217,74241500031,79.20000457763672,420.0,1260214.9366473125,Arkansas River
-92.66127624392055,35.07748167872717,74241500030761,213.0533088013575,74241500031,79.20000457763672,420.0,1260427.989956114,Arkansas River
-92.6634157281313,35.0773523761531,74241500030771,181.85298722218369,74241500031,79.20000457763672,391.0,1260609.842943336,Arkansas River
-92.66555366037085,35.07760175725438,74241500030781,211.86467544786908,74241500031,79.70000457763672,403.0,1260821.707618784,Arkansas River
-92.66785668792983,35.07771358605551,74241500030791,212.45905682036317,74241500031,80.20000457763672,417.0,1261034.1666756044,Arkansas River
-92.66999758465025,35.07723520517193,74241500030801,192.22381094112203,74241500031,80.20000457763672,393.0,1261226.3904865454,Arkansas River
-92.67213824031305,35.07680995932109,74241500030811,211.86476974477029,74241500031,80.20000457763672,393.0,1261438.2552562903,Arkansas River
-92.67427747624032,35.076732790626814,74241500030821,182.44746917858083,74241500031,80.20000457763672,417.0,1261620.702725469,Arkansas River
-92.67641777662313,35.07638684627569,74241500030831,213.6478753681417,74241500031,80.20000457763672,417.0,1261834.350600837,Arkansas River
-92.67855763476275,35.07614907004326,74241500030841,184.7594098899881,74241500031,80.20000457763672,433.5,1262019.1100107268,Arkansas River
-92.68069874547486,35.07558663741919,74241500030851,219.39490622022964,74241500031,80.20000457763672,408.0,1262238.504916947,Arkansas River
-92.682839303545,35.07515942443038,74241500030861,187.07135102211518,74241500031,80.20000457763672,369.5,1262425.5762679693,Arkansas River
-92.68497963186319,35.07478627689996,74241500030871,217.6774260479808,74241500031,80.20000457763672,332.0,1262643.2536940172,Arkansas River
-92.68712004407253,35.07438561477072,74241500030881,183.04197076108048,74241500031,80.20000457763672,308.0,1262826.2956647782,Arkansas River
-92.68909611447333,35.073931239782986,74241500030891,192.2240512156008,74241500031,80.20000457763672,295.0,1263018.519715994,Arkansas River
-92.69123760578915,35.07323336220449,74241500030901,226.26522236896187,74241500031,80.20000457763672,306.0,1263244.784938363,Arkansas River
-92.69337835242472,35.07272480760436,74241500030911,183.63639227643952,74241500031,80.20000457763672,355.5,1263428.4213306394,Arkansas River
-92.69551826903923,35.07243262821401,74241500030921,213.64813714637467,74241500031,80.20000457763672,342.0,1263642.0694677858,Arkansas River
-92.6976576717644,35.07227484817863,74241500030931,180.66469504849965,74241500031,80.20000457763672,300.0,1263822.7341628342,Arkansas River
-92.69996109437616,35.07222565571149,74241500030941,242.471225779915,74241500031,80.20000457763672,277.5,1264065.2053886142,Arkansas River
-92.70243041382889,35.0718546425806,74241500040011,184.7596903485627,74241500041,80.20000457763672,284.0,1264249.9650789627,Arkansas River
-92.70456891177201,35.07194102595034,74241500040021,183.04216919345942,74241500041,80.20000457763672,312.5,1264433.0072481562,Arkansas River
-92.70670664010053,35.07224378503597,74241500040031,213.64828314454695,74241500041,80.20000457763672,346.0,1264646.6555313007,Arkansas River
-92.70884400037642,35.07265471288432,74241500040041,195.85828032457272,74241500041,80.20000457763672,507.0,1264842.5138116253,Arkansas River
-92.71081533031278,35.07349803751586,74241500040051,199.2933907732186,74241500041,80.20000457763672,393.0,1265041.8072023985,Arkansas River
-92.712787174966,35.07420607192296,74241500040061,199.29341422554668,74241500041,80.20000457763672,408.0,1265241.100616624,Arkansas River
-92.71475867731482,35.07502228096768,74241500040071,204.64497815455837,74241500041,80.20000457763672,387.0,1265445.7455947786,Arkansas River
-92.7165647530124,35.07610859029021,74241500040081,204.19671121808665,74241500041,80.20000457763672,360.0,1265649.9423059968,Arkansas River
-92.71813959990834,35.07746485402775,74241500040091,200.18749641461872,74241500041,80.20000457763672,339.0,1265850.1298024114,Arkansas River
-92.71938542582176,35.07882033627726,74241500040101,185.3002850580152,74241500041,80.20000457763672,361.0,1266035.4300874693,Arkansas River
-92.72030175279554,35.080310305298894,74241500040111,196.61772753250494,74241500041,80.20000457763672,459.0,1266232.0478150018,Arkansas River
-92.72138219556967,35.08193590351898,74241500040121,204.6450539190141,74241500041,80.20000457763672,439.5,1266436.692868921,Arkansas River
-92.72213312996486,35.08369599648966,74241500040131,222.83054898050406,74241500041,80.20000457763672,408.0,1266659.5234179015,Arkansas River
-92.7227853666042,35.08545585875005,74241500040141,186.47745242163847,74241500041,80.20000457763672,442.5,1266846.000870323,Arkansas River
-92.72343808771312,35.08708045900783,74241500040151,190.5068997152041,74241500041,80.20000457763672,410.5,1267036.5077700382,Arkansas River
-92.72409037876885,35.08884031354151,74241500040161,221.11302797670126,74241500041,80.20000457763672,346.0,1267257.620798015,Arkansas River
-92.72457813750319,35.09059979049513,74241500040171,183.6367306654578,74241500041,80.20000457763672,334.5,1267441.2575286804,Arkansas River
-92.72486844026818,35.09235881716537,74241500040181,214.77170139725294,74241500041,80.20000457763672,321.0,1267656.0292300778,Arkansas River
-92.7253557826927,35.094118290141196,74241500040191,183.04238840560419,74241500041,80.20000457763672,284.0,1267839.0716184832,Arkansas River
-92.72564475528318,35.09587746299381,74241500040201,213.64851532731603,74241500041,80.20000457763672,284.0,1268052.7201338105,Arkansas River
-92.72537690474336,35.09777032862845,74241500040211,211.86546222030404,74241500041,80.20000457763672,330.0,1268264.5855960308,Arkansas River
-92.72527226130401,35.09952845713051,74241500040221,182.4480380788431,74241500041,80.20000457763672,333.0,1268447.0336341097,Arkansas River
-92.72503594782606,35.10128628649215,74241500040231,210.67675733804472,74241500041,80.20000457763672,300.0,1268657.7103914479,Arkansas River
-92.72502958906833,35.10317989539796,74241500040241,210.67675722819575,74241500041,80.20000457763672,270.0,1268868.387148676,Arkansas River
-92.72495966578035,35.10493809665206,74241500040251,180.66498435062772,74241500041,80.20000457763672,345.0,1269049.0521330265,Arkansas River
-92.72495285012903,35.106696446727334,74241500040261,211.8654571783114,74241500041,80.20000457763672,480.0,1269260.9175902049,Arkansas River
-92.72474851839422,35.10845419849403,74241500040271,186.4774744350365,74241500041,80.20000457763672,406.5,1269447.3950646399,Arkansas River
-92.72540100490724,35.11021419016927,74241500040281,225.5063626887187,74241500041,80.20000457763672,389.0,1269672.9014273286,Arkansas River
-92.7258230747349,35.111973507462835,74241500040291,184.16558967778585,74241500041,80.20000457763672,364.5,1269857.0670170065,Arkansas River
-92.72654190663614,35.11359823403542,74241500040301,197.5760246516654,74241500041,80.20000457763672,297.5,1270054.6430416582,Arkansas River
-92.72716200084268,35.1152227338402,74241500040311,194.14094118186645,74241500041,80.20000457763672,338.0,1270248.78398284,Arkansas River
-92.72827595875849,35.11684833812633,74241500040321,200.25181613933367,74241500041,80.20000457763672,354.5,1270449.0357989792,Arkansas River
-92.72886274017024,35.118608012273455,74241500040331,219.39554306416997,74241500041,80.20000457763672,313.0,1270668.4313420434,Arkansas River
-92.72971293908617,35.120368270757055,74241500040341,194.90028668421456,74241500041,80.20000457763672,291.0,1270863.3316287277,Arkansas River
-92.7303989962405,35.12199289948052,74241500040351,197.57606773836628,74241500041,80.20000457763672,297.5,1271060.907696466,Arkansas River
-92.73128263242832,35.12361796218347,74241500040361,193.94207706524003,74241500041,80.20000457763672,283.0,1271254.8497735313,Arkansas River
-92.73200123040567,35.12537791160235,74241500040371,221.11312716636428,74241500041,80.20000457763672,270.0,1271475.9629006977,Arkansas River
-92.7325552253946,35.127137493196834,74241500040381,187.07190617520956,74241500041,80.20000457763672,308.5,1271663.034806873,Arkansas River
-92.73343895951473,35.12876253920484,74241500040391,204.64519413235928,74241500041,80.2750015258789,355.5,1271867.6800010053,Arkansas River
-92.7346195199678,35.13025297053269,74241500040401,185.3004444725801,74241500041,80.30000305175781,331.0,1272052.9804454779,Arkansas River
-92.73596476676617,35.13174374892528,74241500040411,227.16868647039928,74241500041,80.30000305175781,310.0,1272280.1491319481,Arkansas River
-92.73724420372676,35.1332343695491,74241500040421,185.30047122957518,74241500041,80.30000305175781,373.0,1272465.4496031778,Arkansas River
-92.73875462831975,35.13459021637057,74241500040431,212.21543976040905,74241500041,80.30000305175781,339.0,1272677.6650429382,Arkansas River
-92.74023260253205,35.13581071639481,74241500040441,169.7723652066027,74241500041,80.30000305175781,381.0,1272847.4374081448,Arkansas River
-92.7418753597413,35.13700449783026,74241500040451,219.5325319996565,74241500041,80.30000305175781,333.0,1273066.9699401446,Arkansas River
-92.74384840970693,35.137901387679044,74241500040461,211.51407912806368,74241500041,80.30000305175781,268.5,1273278.4840192725,Arkansas River
-92.7458217551864,35.13871709114255,74241500040471,199.2937807247523,74241500041,80.30000305175781,292.0,1273477.7777999972,Arkansas River
-92.74779572427987,35.13934340245616,74241500040481,190.50715530067254,74241500041,80.30000305175781,402.5,1273668.284955298,Arkansas River
-92.74993405276454,35.140078227444455,74241500040491,224.91231251917478,74241500041,80.30000305175781,396.0,1273893.197267817,Arkansas River
-92.75207414240295,35.14024493424586,74241500040501,180.6652497972076,74241500041,80.30000305175781,292.5,1274073.8625176144,Arkansas River
-92.75421456624792,35.14030339771593,74241500040511,210.67708898013015,74241500041,80.30000305175781,255.0,1274284.5396065945,Arkansas River
-92.75651933194844,35.14041691835593,74241500040521,214.7720664177054,74241500041,80.30000305175781,408.0,1274499.311673012,Arkansas River
-92.75866160155347,35.1399065612751,74241500040531,200.25213879497147,74241500041,80.30000305175781,345.5,1274699.5638118072,Arkansas River
-92.76063989598327,35.13909893627337,74241500040541,193.18305496564952,74241500041,80.30000305175781,372.0,1274892.7468667729,Arkansas River
-92.76261744456386,35.1385347419737,74241500040551,191.46552476458376,74241500041,80.30000305175781,350.0,1275084.2123915374,Arkansas River
-92.76459449878486,35.13813282411742,74241500040561,204.8090729521616,74241500041,80.30000305175781,360.0,1275289.0214644896,Arkansas River
-92.76640950557683,35.13681080622339,74241500040571,204.19725106484978,74241500041,80.30000305175781,339.0,1275493.2187155543,Arkansas River
-92.76805911198262,35.13573190898105,74241500040581,192.16953821901657,74241500041,80.30000305175781,352.0,1275685.3882537733,Arkansas River
-92.76984024202741,35.13470734208341,74241500040591,203.9644516337971,74241500041,80.80000305175781,349.5,1275889.3527054072,Arkansas River
-92.77102965712218,35.13330290924527,74241500040601,189.31003014381923,74241500041,81.30000305175781,369.0,1276078.6627355511,Arkansas River
-92.77281159896548,35.13195367975235,74241500040611,217.05498452537813,74241500041,81.30000305175781,317.0,1276295.7177200764,Arkansas River
-92.77432990663947,35.13065803638626,74241500040621,200.1880826408207,74241500041,82.0,275.0,1276495.9058027172,Arkansas River
-92.775979284624,35.12957902937353,74241500040631,185.30082860355373,74241500041,82.0999984741211,275.0,1276681.2066313208,Arkansas River
-92.77779259478638,35.1287437653149,74241500040641,204.64564886488978,74241500041,82.20000457763672,312.0,1276885.8522801856,Arkansas River
-92.77977072262868,35.1278276185905,74241500040651,213.431616968531,74241500041,82.20000457763672,306.0,1277099.2838971543,Arkansas River
-92.78174909495726,35.12680323303465,74241500040661,207.32146493007818,74241500041,82.20000457763672,333.0,1277306.6053620842,Arkansas River
-92.78389097787532,35.12618488213023,74241500040671,223.78947741755115,74241500041,82.5,365.0,1277530.394839502,Arkansas River
-92.78949628129375,35.12316495578364,74241500060011,146.86699614079183,74241500061,84.20000457763672,450.0,1278047.863676187,Arkansas River
-92.7913098639724,35.12211307482693,74241500060021,213.43172462020402,74241500061,84.20000457763672,387.0,1278261.2954008072,Arkansas River
-92.79328774929347,35.121169653786,74241500060031,207.3215687428971,74241500061,84.20000457763672,387.0,1278468.61696955,Arkansas River
-92.79526558900585,35.12022620016535,74241500060041,209.9973672947309,74241500061,84.20000457763672,418.5,1278678.6143368448,Arkansas River
-92.79724304825154,35.11941797208026,74241500060051,191.4658221678843,74241500061,84.20000457763672,420.5,1278870.0801590127,Arkansas River
-92.79921927375916,35.119096640786644,74241500060061,185.35495287171827,74241500061,84.20000457763672,386.0,1279055.4351118845,Arkansas River
-92.80136043009226,35.11864028903452,74241500060071,219.39630893432016,74241500061,84.20000457763672,375.0,1279274.8314208188,Arkansas River
-92.80350188732777,35.118048640934504,74241500060081,192.22519293761653,74241500061,84.20000457763672,337.5,1279467.0566137563,Arkansas River
-92.80547857005983,35.11751079419345,74241500060091,193.1834385338785,74241500061,84.20000457763672,454.0,1279660.2400522903,Arkansas River
-92.80762009567285,35.11686653343912,74241500060101,215.89575356798255,74241500061,84.20000457763672,545.0,1279876.1358058583,Arkansas River
-92.80976039273197,35.11673308894307,74241500060111,183.0431258377737,74241500061,84.80000305175781,646.0,1280059.178931696,Arkansas River
-92.81190018577688,35.11681758359046,74241500060121,213.0550371916795,74241500061,85.20000457763672,720.0,1280272.2339688877,Arkansas River
-92.81420465895147,35.11687372325309,74241500060131,211.27199786017752,74241500061,85.20000457763672,945.0,1280483.5059667479,Arkansas River
-92.81634409653056,35.117121967097916,74241500060141,198.5350867321328,74241500061,85.20000457763672,892.0,1280682.04105348,Arkansas River
-92.81815311434322,35.11790919536825,74241500060151,175.7565768048923,74241500061,85.20000457763672,802.0,1280857.797630285,Arkansas River
-92.81979677496948,35.11904782349592,74241500060161,208.20696393039373,74241500061,85.20000457763672,742.0,1281066.0045942152,Arkansas River
-92.8214400091292,35.120402842504944,74241500060171,212.21622842720728,74241500061,85.20000457763672,763.0,1281278.2208226426,Arkansas River
-92.82291896667469,35.12162234033374,74241500060181,169.77299189339683,74241500061,85.20000457763672,720.5,1281447.993814536,Arkansas River
-92.8242989017414,35.12297693528508,74241500060191,220.30079436034424,74241500061,85.45000457763672,678.0,1281668.2946088961,Arkansas River
-92.82538197256756,35.124601604188285,74241500060201,204.64604312201357,74241500061,86.20000457763672,555.5,1281872.9406520182,Arkansas River
-92.82659679285828,35.12622645155739,74241500060211,208.08044867412679,74241500061,86.20000457763672,540.0,1282081.0211006925,Arkansas River
-92.82728482496617,35.127850536894314,74241500060221,190.50781136600054,74241500061,86.20000457763672,492.0,1282271.5289120583,Arkansas River
-92.82813752392488,35.12947485151822,74241500060231,194.90115497568235,74241500061,86.20000457763672,466.5,1282466.430067034,Arkansas River
-92.82879268518626,35.13109888086992,74241500060241,192.2253749321257,74241500061,86.20000457763672,469.5,1282658.6554419661,Arkansas River
-92.82951373080155,35.132722998980114,74241500060251,194.90116480035113,74241500061,86.20000457763672,547.0,1282853.5566067665,Arkansas River
-92.83059703372791,35.13434761928802,74241500060261,207.32186560034026,74241500061,86.20000457763672,624.0,1283060.8784723668,Arkansas River
-92.83141665622986,35.13610712147865,74241500060271,219.39655561195082,74241500061,86.20000457763672,661.0,1283280.2750279787,Arkansas River
-92.83161061923587,35.13786574988622,74241500060281,180.66585967617215,74241500061,86.20000457763672,701.0,1283460.940887655,Arkansas River
-92.83160811250602,35.13962410309462,74241500060291,211.27213049072316,74241500061,86.20000457763672,550.0,1283672.2130181456,Arkansas River
-92.831931870297,35.14151817086152,74241500060301,212.46083870093042,74241500061,86.20000457763672,535.0,1283884.6738568465,Arkansas River
-92.8322249358011,35.14327693376502,74241500060311,183.04327557600135,74241500061,86.20000457763672,531.0,1284067.7171324226,Arkansas River
-92.83258388098969,35.14503578651753,74241500060321,214.24390293358348,74241500061,86.20000457763672,531.0,1284281.9610353562,Arkansas River
-92.83290907617913,35.14679459232257,74241500060331,181.2602206760982,74241500061,86.20000457763672,515.0,1284463.2212560324,Arkansas River
-92.83303777741216,35.14855312465171,74241500060341,213.05520017466324,74241500061,86.20000457763672,480.0,1284676.276456207,Arkansas River
-92.83333061273387,35.1503118829762,74241500060351,182.44892969087772,74241500061,86.22500228881836,481.0,1284858.7253858978,Arkansas River
-92.83388695663794,35.15207100165578,74241500060361,221.11412836846543,74241500061,86.30000305175781,483.0,1285079.8395142662,Arkansas River
-92.8345421377283,35.15383025228819,74241500060371,188.79030542446765,74241500061,86.30000305175781,488.0,1285268.6298196907,Arkansas River
-92.83526349633209,35.15545433096179,74241500060381,192.22541784167475,74241500061,86.30000305175781,516.0,1285460.8552375324,Arkansas River
-92.83601782260021,35.15707844954704,74241500060391,201.97033368960066,74241500061,86.30000305175781,535.0,1285662.825571222,Arkansas River
-92.83716745513294,35.15870309501823,74241500060401,201.9703408967444,74241500061,86.30000305175781,550.0,1285864.7959121189,Arkansas River
-92.83798772975112,35.16032728917827,74241500060411,201.97034699299005,74241500061,86.30000305175781,567.0,1286066.7662591117,Arkansas River
-92.83920359510982,35.16181674531877,74241500060421,185.3012895225572,74241500061,86.30000305175781,592.0,1286252.0675486343,Arkansas River
-92.84041950506631,35.1633061889265,74241500060431,210.7563333444245,74241500061,86.30000305175781,649.0,1286462.8238819789,Arkansas River
-92.84153637025665,35.1649307483175,74241500060441,216.86652649123826,74241500061,86.30000305175781,611.0,1286679.69040847,Arkansas River
-92.84308190085811,35.16636649225864,74241500060451,196.17936648035308,74241500061,86.30000305175781,614.0,1286875.8697749504,Arkansas River
-92.84489185507869,35.16736973023373,74241500060461,207.321964885738,74241500061,86.30000305175781,692.0,1287083.191739836,Arkansas River
-92.84686692676202,35.168183789224955,74241500060471,201.9704050676432,74241500061,86.30000305175781,771.0,1287285.1621449038,Arkansas River
-92.8486774686944,35.16891645604499,74241500060481,166.9707870613152,74241500061,86.30000305175781,771.0,1287452.1329319652,Arkansas River
-92.85065261567803,35.16973045329705,74241500060491,231.61848658139616,74241500061,86.30000305175781,797.0,1287683.7514185465,Arkansas River
-92.85279286599928,35.17035525818868,74241500060501,190.50797120226486,74241500061,86.30000305175781,760.0,1287874.2593897488,Arkansas River
-92.85493353344931,35.17076361371158,74241500060511,213.64970335520854,74241500061,86.30000305175781,782.0,1288087.9090931038,Arkansas River
-92.85707445917942,35.17103667382712,74241500060521,181.26036028133285,74241500061,86.30000305175781,792.5,1288269.1694533853,Arkansas River
-92.85921558586995,35.17114815145034,74241500060531,213.05537641629212,74241500061,86.30000305175781,826.0,1288482.2248298016,Arkansas River
-92.86135727237254,35.17104165123577,74241500060541,180.66602893972265,74241500061,86.30000305175781,787.5,1288662.8908587412,Arkansas River
-92.86349867935745,35.1710440832705,74241500060551,210.08363381295922,74241500061,86.30000305175781,780.0,1288872.9744925543,Arkansas River
-92.86580481024144,35.17104629452368,74241500060561,210.67800092986906,74241500061,87.30000305175781,780.0,1289083.652493484,Arkansas River
-92.86794661132991,35.170805907506406,74241500060571,182.4491230766037,74241500061,87.30000305175781,817.0,1289266.1016165607,Arkansas River
-92.87008805578283,35.17078081376653,74241500060581,210.0836714333841,74241500061,87.30000305175781,765.0,1289476.185287994,Arkansas River
-92.87239417984331,35.17078291748317,74241500060591,210.6780380053432,74241500061,87.30000305175781,725.0,1289686.8633259994,Arkansas River
-92.87453595493733,35.17054237804944,74241500060601,182.44915466359032,74241500061,87.30000305175781,702.0,1289869.312480663,Arkansas River
-92.87667747253566,35.17046308272758,74241500060611,211.86676889080147,74241500061,87.30000305175781,647.0,1290081.179249554,Arkansas River
-92.8788188656487,35.17041113978506,74241500060621,182.44917435816546,74241500061,87.30000305175781,608.0,1290263.628423912,Arkansas River
-92.88096057439311,35.170250630792566,74241500060631,212.46114526854106,74241500061,87.30000305175781,593.0,1290476.0895691805,Arkansas River
-92.88326707104947,35.16998331720885,74241500060641,211.86680304152998,74241500061,87.30000305175781,559.0,1290687.9563722222,Arkansas River
-92.8854084520778,35.16998472853038,74241500060651,181.26049524563467,74241500061,87.30000305175781,542.5,1290869.2168674676,Arkansas River
-92.88754968434587,35.17009494140106,74241500060661,213.05553240342454,74241500061,87.30000305175781,545.0,1291082.2723998711,Arkansas River
-92.88969088601777,35.170232167722446,74241500060671,182.44922118603606,74241500061,87.30000305175781,511.0,1291264.7216210573,Arkansas River
-92.8918322381762,35.17026115036907,74241500060681,210.08378239309684,74241500061,87.30000305175781,480.0,1291474.8054034503,Arkansas River
-92.8941383493604,35.17026231987493,74241500060691,213.58441225592006,74241500061,87.30000305175781,535.0,1291688.3898157063,Arkansas River
-92.89644473515142,35.1700487687627,74241500060701,215.96183940332435,74241500061,87.30000305175781,580.0,1291904.3516551096,Arkansas River
-91.29499973655575,34.58379506311073,74252100130011,180.6119254692337,74252100131,44.0,135.0,1136930.8687868605,White River
-91.29526451689804,34.58204052009918,74252100130021,182.9886442154145,74252100131,44.0,123.0,1137113.857431076,White River
-91.2957226968127,34.580423926809345,74252100130031,198.640215130446,74252100131,44.0,131.0,1137312.4976462063,White River
-91.29695946720203,34.57911574931563,74252100130041,187.52450870268706,74252100131,44.0,127.0,1137500.022154909,White River
-91.29910889191372,34.57796009020714,74252100130051,207.53600865469286,74252100131,44.0,166.5,1137707.5581635637,White River
-91.30107167221057,34.57791967117933,74252100130061,211.20970276437075,74252100131,44.0,155.0,1137918.7678663281,White River
-91.30319297906149,34.57814764327404,74252100130071,185.30054066472744,74252100131,44.0,144.0,1138104.0684069928,White River
-91.30497526917493,34.578956863038954,74252100130081,188.6800664235817,74252100131,44.0,138.0,1138292.7484734163,White River
-91.3064850581882,34.580303274426456,74252100130091,211.45264597108627,74252100131,44.0,191.0,1138504.2011193875,White River
-91.30733219642867,34.58207327616443,74252100130101,223.12989686689662,74252100131,44.0,203.0,1138727.3310162544,White River
-91.30746003339135,34.583833296210855,74252100130111,182.39525703283536,74252100131,44.0,213.5,1138909.7262732873,White River
-91.30738071821237,34.58558968711918,74252100130121,211.80416227895387,74252100131,44.0,222.0,1139121.530435566,White River
-91.30706174973801,34.587344262435394,74252100130131,184.70646941919875,74252100131,44.0,215.5,1139306.2369049853,White River
-91.30673179652081,34.58909792876086,74252100130141,216.42658226002894,74252100131,44.0,161.0,1139522.6634872453,White River
-91.30594403036524,34.590845237380066,74252100130151,199.2358373293198,74252100131,44.0,150.0,1139721.8993245747,White River
-91.30496277421732,34.592454602356916,74252100130161,199.2357720252879,74252100131,44.0,122.0,1139921.1350966,White River
-91.30404688126987,34.594064867124715,74252100130171,193.12661279540762,74252100131,44.0,126.5,1140114.2617093953,White River
-91.30373057876866,34.595682854928384,74252100130181,189.09831370612318,74252100131,44.0,120.5,1140303.3600231016,White River
-91.3049320239164,34.59718790563768,74252100130191,204.1376585873979,74252100131,44.0,148.0,1140507.497681689,White River
-91.30641107384906,34.59845274253914,74252100130201,190.4006041900744,74252100131,44.0,191.0,1140697.898285879,White River
-91.30849637663879,34.59876580419367,74252100130211,213.5869955373965,74252100131,44.0,184.0,1140911.4852814164,White River
-91.31078558743334,34.598847064767284,74252100130221,211.80463128130117,74252100131,44.0,189.0,1141123.2899126976,White River
-91.31291238027308,34.59885837867307,74252100130231,180.61325157314988,74252100131,44.0,195.0,1141303.9031642708,White River
-91.31503480332528,34.59905905974573,74252100130241,215.8332287514909,74252100131,44.0,210.0,1141519.7363930224,White River
-91.31715287314273,34.599466995911065,74252100130251,188.73557827234202,74252100131,44.0,242.0,1141708.4719712946,White River
-91.31910526738332,34.59998081266294,74252100130261,189.85858128302974,74252100131,44.0,203.0,1141898.3305525777,White River
-91.32105333222569,34.600710938445886,74252100130271,203.6283749815428,74252100131,44.0,203.0,1142101.9589275592,White River
-91.3227092690674,34.601328817457464,74252100130281,182.00161236705588,74252100131,44.0,177.5,1142283.9605399263,White River
-91.32461165709636,34.60270745794513,74252100130291,230.5377549337579,74252100131,44.0,185.0,1142514.4982948601,White River
-91.3263887133908,34.60381385052886,74252100130301,175.70626735442642,74252100131,44.0,155.0,1142690.2045622144,White River
-91.3281739495138,34.60451458017796,74252100130311,208.7793561196352,74252100131,44.0,150.0,1142898.9839183341,White River
-91.33001271418432,34.60581111638815,74252100130321,218.14850669179555,74252100131,44.0,191.0,1143117.132425026,White River
-91.33109278965124,34.60742184698266,74252100130331,192.89803167676405,74252100131,44.0,237.0,1143310.0304567027,White River
-91.33155092526707,34.60905111235405,74252100130341,198.47853035764675,74252100131,44.0,171.5,1143508.5089870603,White River
-91.33227344589056,34.610548741394524,74252100130351,162.5309917776688,74252100131,44.0,169.0,1143671.039978838,White River
-91.33348607970277,34.61208011372464,74252100130361,209.7208508612735,74252100131,44.0,154.5,1143880.7608296992,White River
-91.3349647520215,34.61339870667768,74252100130371,213.67077051951625,74252100131,44.0,169.0,1144094.4316002189,White River
-91.33691327476804,34.61412859065741,74252100130381,199.89399852888263,74252100131,44.0,161.0,1144294.3255987477,White River
-91.3385358131479,34.61479990362626,74252100130391,192.18934474956097,74252100131,44.0,138.0,1144486.5149434973,White River
-91.34007303444835,34.61647088329738,74252100130401,208.78012547388667,74252100131,44.0,246.0,1144695.295068971,White River
-91.34055064063133,34.61823666757925,74252100130411,214.7120967016392,74252100131,44.0,234.0,1144910.0071656727,White River
-91.33978050425107,34.61965879725376,74252100130421,192.21349488227358,74252100131,44.0,325.0,1145102.220660555,White River
-91.33827774890851,34.62118017831575,74252100130431,200.94522123697612,74252100131,44.0,180.0,1145303.165881792,White River
-91.3370077046331,34.622515363316296,74252100130441,188.6821864572213,74252100131,44.0,169.0,1145491.8480682492,White River
-91.33557135239948,34.623983514038045,74252100130451,214.88829059382115,74252100131,44.0,175.5,1145706.736358843,White River
-91.33485195226123,34.62559668816355,74252100130461,188.73662542935017,74252100131,44.0,175.0,1145895.4729842725,White River
-91.33440803448705,34.62734819756081,74252100130471,212.40040344922483,74252100131,44.0,184.0,1146107.8733877216,White River
-91.33435639872141,34.6291064078614,74252100130481,181.80283825987723,74252100131,44.0,196.5,1146289.6762259814,White River
-91.33423392347736,34.63086283006496,74252100130491,211.80621167357964,74252100131,44.0,225.0,1146501.482437655,White River
-91.33408981381162,34.63261925145948,74252100130501,183.58538084589915,74252100131,44.0,186.5,1146685.067818501,White River
-91.33349846790377,34.63436941273479,74252100130511,222.0873308031101,74252100131,44.0,189.0,1146907.155149304,White River
-91.33228545344251,34.636111068952935,74252100130521,218.49876037528628,74252100131,44.0,169.0,1147125.6539096795,White River
-91.33035908198833,34.63751834743696,74252100140011,180.0524651345289,74252100141,44.0,175.5,1147305.706374814,White River
-91.32847513336276,34.638439278750354,74252100140021,187.64968170623547,74252100141,44.0,175.0,1147493.3560565202,White River
-91.32665984217033,34.639198823793244,74252100140031,208.81814507875123,74252100141,44.0,151.0,1147702.174201599,White River
-91.32436515332257,34.63938370768721,74252100140041,211.8057145419353,74252100141,44.0,136.0,1147913.979916141,White River
-91.32223568623527,34.63948742075378,74252100140051,181.80227041380402,74252100141,44.0,143.5,1148095.7821865547,White River
-91.32010512449361,34.63958207171396,74252100140061,212.92827750009667,74252100141,44.0,156.0,1148308.710464055,White River
-91.31797455592726,34.639809658835446,74252100140071,193.4915366943794,74252100141,44.0,153.0,1148502.2020007493,White River
-91.31600156255912,34.64026931980592,74252100140081,188.505157222752,74252100141,44.0,152.0,1148690.707157972,White River
-91.31418065085066,34.64129909617935,74252100140091,225.65721488497766,74252100141,44.0,183.0,1148916.364372857,White River
-91.31280955823536,34.64260515247784,74252100140101,189.0989790931761,74252100141,44.0,198.5,1149105.46335195,White River
-91.31252313692602,34.64422360547012,74252100140111,187.01813205252688,74252100141,44.0,202.5,1149292.4814840027,White River
-91.31303830172888,34.64598994867134,74252100140121,222.7666761864577,74252100141,44.0,170.0,1149515.248160189,White River
-91.31388618980648,34.64775991008783,74252100140131,204.58648985715058,74252100141,44.0,150.0,1149719.8346500462,White River
-91.31496590974578,34.64939782179196,74252100140141,198.47743875647208,74252100141,44.0,158.0,1149918.3120888027,White River
-91.31534753155734,34.65102623019125,74252100140151,182.9245391714359,74252100141,44.0,161.0,1150101.236627974,White River
-91.31522746899806,34.652647402216445,74252100140161,188.5049643125783,74252100141,44.0,153.5,1150289.7415922869,White River
-91.31392110045486,34.65411707378716,74252100140171,204.13840042921984,74252100141,44.0,148.0,1150493.879992716,White River
-91.31225964155752,34.65533836734242,74252100140181,216.64257725205505,74252100141,44.0,169.0,1150710.5225699681,White River
-91.3099699763002,34.65525254522196,74252100140191,213.5872164602849,74252100141,44.0,128.0,1150924.1097864283,White River
-91.3078499901482,34.65489398728903,74252100140201,184.7067869672652,74252100141,44.0,93.0,1151108.8165733956,White River
-91.30590931205356,34.65533142806382,74252100140211,194.61356930911637,74252100141,45.0,122.0,1151303.4301427046,White River
-91.30558395892837,34.65684168610473,74252100140221,213.35975805823415,74252100141,45.0,152.5,1151516.789900763,White River
-91.3073514261215,34.65846217100479,74252100140231,198.11584620109338,74252100141,45.0,187.0,1151714.905746964,White River
-91.30898334966682,34.65870121847627,74252100140241,195.62279094837498,74252100141,45.0,166.0,1151910.5285379123,White River
-91.31119668003818,34.65932699621027,74252100140251,212.9931107885548,74252100141,45.0,151.0,1152123.521648701,White River
-91.31331844098963,34.65962687093193,74252100140261,190.8162316239647,74252100141,45.0,149.0,1152314.337880325,White River
-91.3151740223671,34.66013942753404,74252100140271,210.95470399717485,74252100141,45.0,175.0,1152525.2925843222,White River
-91.31664774630596,34.661728670328266,74252100140281,185.247493049833,74252100141,45.25,204.0,1152710.540077372,White River
-91.31741134270074,34.663362946760216,74252100140291,219.10251659442932,74252100141,45.5,218.0,1152929.6425939663,White River
-91.31729667012812,34.66525408784413,74252100140301,211.21083441293575,74252100141,45.5,184.0,1153140.8534283794,White River
-91.31690109269888,34.6670068537404,74252100140311,187.01844633327983,74252100141,45.5,189.0,1153327.8718747126,White River
-91.31624638915275,34.66862078985497,74252100140321,188.1412848361064,74252100141,45.5,189.0,1153516.0131595486,White River
-91.31555619011233,34.67036947926567,74252100140331,218.73862134242495,74252100141,45.5,189.0,1153734.751780891,White River
-91.31512507690626,34.67225699409696,74252100140341,213.52193004177616,74252100141,45.5,189.0,1153948.2737109328,White River
-91.31463176461604,34.67398134872437,74252100140351,195.25783859172716,74252100141,45.95000076293945,175.0,1154143.5315495245,White River
-91.31430374085524,34.67562683819592,74252100140361,183.58417586591008,74252100141,46.400001525878906,189.0,1154327.1157253906,White River
-91.31409348232765,34.677381399804034,74252100140371,211.80479908038373,74252100141,46.400001525878906,184.0,1154538.920524471,White River
-91.31405784923528,34.67913913049951,74252100140381,182.92449703026978,74252100141,46.400001525878906,186.5,1154721.8450215012,White River
-91.31428957902655,34.680900483773954,74252100140391,215.30441801233778,74252100141,46.400001525878906,203.0,1154937.1494395135,White River
-91.3143386047551,34.68279432934835,74252100140401,214.11606394300023,74252100141,46.400001525878906,184.0,1155151.2655034566,White River
-91.31471210203122,34.684558851157725,74252100140411,187.0183256515134,74252100141,46.400001525878906,142.0,1155338.283829108,White River
-91.31509657973345,34.68632246599732,74252100140421,214.71030600184397,74252100141,46.400001525878906,147.0,1155552.99413511,White River
-91.31542107721006,34.688085174360396,74252100140431,183.51877450837262,74252100141,46.400001525878906,170.0,1155736.5129096182,White River
-91.31557107055848,34.68984516633544,74252100140441,212.92780449813887,74252100141,46.400001525878906,156.0,1155949.4407141164,White River
-91.31581367040334,34.69160696810975,74252100140451,189.69342413536395,74252100141,46.400001525878906,161.0,1156139.1341382517,White River
-91.31650107942862,34.6932394410406,74252100140461,189.69346893899024,74252100141,46.400001525878906,189.0,1156328.8276071907,White River
-91.31741770031023,34.69487507575354,74252100140471,210.69522832675517,74252100141,46.400001525878906,192.0,1156539.5228355175,White River
-91.31863176514167,34.696379561248,74252100140481,196.6972736089097,74252100141,46.400001525878906,233.0,1156736.2201091263,White River
-91.31997957508635,34.697750631588804,74252100140491,196.12267818787862,74252100141,46.400001525878906,190.0,1156932.3427873142,White River
-91.32142292599875,34.699258251494,74252100140501,223.67078190314055,74252100141,46.400001525878906,154.5,1157156.0135692174,White River
-91.32296455858256,34.7007672076517,74252100140511,226.63435176350958,74252100141,46.400001525878906,103.0,1157382.6479209808,White River
-91.32424429559897,34.70227254271981,74252200010011,175.32221091167563,74252200011,46.400001525878906,87.0,1157557.9701318927,Cache River
-91.3251611634297,34.70390812412992,74252200010021,194.84524094969146,74252200011,46.400001525878906,180.0,1157752.8153728424,Cache River
-91.32581610478847,34.705540099334485,74252200010031,203.6287559827016,74252200011,46.400001525878906,195.0,1157956.444128825,Cache River
-91.3268640208703,34.70717746909614,74252200010041,194.84536023878343,74252200011,46.400001525878906,83.5,1158151.289489064,Cache River
-91.3273580088741,34.70894239823123,74252200010051,215.83413639042428,74252200011,46.400001525878906,106.0,1158367.1236254543,Cache River
-91.32754640103835,34.71070327932932,74252200010061,187.97715597414273,74252200011,46.400001525878906,135.0,1158555.1007814284,Cache River
-91.32774024469984,34.71246415987435,74252200010071,212.92873879815102,74252200011,46.400001525878906,94.0,1158768.0295202266,Cache River
-91.32688613821472,34.71421064973892,74252200010081,204.58751778003634,74252200011,46.400001525878906,71.0,1158972.6170380067,Cache River
-91.32583876960058,34.71579217943539,74252200010091,201.23153523639093,74252200011,47.29999923706055,87.0,1159173.848573243,Cache River
-91.3242471635689,34.716744074578976,74252200010101,171.30561151120116,74252200011,47.29999923706055,84.0,1159345.1541847542,Cache River
-91.3226189476807,34.71788479020052,74252200010111,219.19287047977258,74252200011,47.29999923706055,105.0,1159564.347055234,Cache River
-91.32079527868626,34.71896868996833,74252200010121,188.68130925693265,74252200011,47.29999923706055,148.0,1159753.028364491,Cache River
-91.31913476910773,34.72008186265196,74252200010131,196.1226990106009,74252200011,47.29999923706055,84.0,1159949.1510635016,Cache River
-91.31747037935807,34.721384304201734,74252200010141,227.10394401691076,74252200011,47.44999885559082,105.0,1160176.2550075185,Cache River
-91.31613016527112,34.72285350104611,74252200010151,181.8141435691535,74252200011,47.900001525878906,75.0,1160358.0691510877,Cache River
-91.31524843686773,34.72432902520818,74252200010161,196.5616633199748,74252200011,47.900001525878906,87.0,1160554.6308144075,Cache River
-91.31416466719033,34.72607223967228,74252200010171,234.22604728410352,74252200011,47.900001525878906,129.0,1160788.8568616917,Cache River
-91.31317911196936,34.727816803708535,74252200010181,195.8024257345576,74252200011,48.0,67.0,1160984.6592874262,Cache River
-91.3122290176862,34.729426603216375,74252200010191,197.88319593514598,74252200011,48.0,80.0,1161182.5424833614,Cache River
-91.31177021088749,34.73104320615607,74252200010201,192.5331360042674,74252200011,48.0,104.5,1161375.0756193656,Cache River
-91.31075453896413,34.73265208329587,74252200010211,201.9113860113211,74252200011,48.0,87.0,1161576.987005377,Cache River
-91.30961055572635,34.73412392319466,74252200010221,188.68055140606754,74252200011,48.0,84.0,1161765.667556783,Cache River
-91.30784911511381,34.73534372859234,74252200010231,230.53663159663293,74252200011,48.0,84.0,1161996.2041883797,Cache River
-91.30641077945108,34.73678439647814,74252200010241,182.57193607143088,74252200011,48.0,84.0,1162178.776124451,Cache River
-91.30572250861907,34.73839778077803,74252200010251,215.30386409599427,74252200011,48.0,108.0,1162394.0799885471,Cache River
-91.30529627738139,34.74014955983366,74252200010261,186.42360916492268,74252200011,48.0,135.5,1162580.5035977121,Cache River
-91.30569967579027,34.741914102962866,74252200010271,216.42673771697562,74252200011,48.0,92.0,1162796.930335429,Cache River
-91.30587690656445,34.74367454248103,74252200010281,186.42365130713392,74252200011,48.0,86.0,1162983.3539867362,Cache River
-91.30623413923176,34.74543771610808,74252200010291,212.39850151634937,74252200011,48.0,94.0,1163195.7524882525,Cache River
-91.30662414709906,34.747201344246136,74252200010301,189.6928882156383,74252200011,48.0,101.5,1163385.4453764681,Cache River
-91.30721074179044,34.74896770444136,74252200010311,221.04933539067247,74252200011,48.0,80.0,1163606.494711859,Cache River
-91.30786288564,34.750734972741334,74252200010321,185.30091333865101,74252200011,48.0,80.0,1163791.7956251975,Cache River
-91.30805636773385,34.75249586415044,74252200010331,215.23857212357927,74252200011,48.0,105.0,1164007.034197321,Cache River
-91.30773114881131,34.75424946914335,74252200010341,188.50461622251936,74252200011,48.0,144.5,1164195.5388135435,Cache River
-91.30837230588618,34.75601673474529,74252200010351,214.70990713870094,74252200011,48.0,80.0,1164410.2487206822,Cache River
-91.30841025364165,34.75777580346876,74252200010361,182.39554456350209,74252200011,48.0,90.5,1164592.6442652456,Cache River
-91.3084971838255,34.759535782323525,74252200010371,214.11574425737982,74252200011,48.0,90.0,1164806.7600095032,Cache River
-91.30884073744205,34.76143324471754,74252200010381,215.23864135053958,74252200011,48.0,90.0,1165021.9986508538,Cache River
-91.30889523998827,34.763192312113105,74252200010391,182.98976325107014,74252200011,48.0,76.0,1165204.9884141048,Cache River
-91.30898218253948,34.7649513790739,74252200010401,212.3987353746013,74252200011,48.0,80.0,1165417.3871494792,Cache River
-91.30930126962909,34.76671408708711,74252200010411,182.3956107916084,74252200011,48.0,93.0,1165599.7827602709,Cache River
-91.30897600481075,34.768467690685874,74252200010421,224.84738395985084,74252200011,48.0,123.0,1165824.6301442308,Cache River
-91.30802257066014,34.77021263883916,74252200010431,192.1691726932872,74252200011,48.0,87.0,1166016.799316924,Cache River
-91.30723571234236,34.771824649342676,74252200010441,199.2361867910499,74252200011,48.0,90.5,1166216.035503715,Cache River
-91.30641605077041,34.773436197523495,74252200010451,191.40996445180832,74252200011,48.0,89.0,1166407.4454681668,Cache River
-91.30549803917411,34.77504637001681,74252200010461,197.51902244657674,74252200011,48.0,83.5,1166604.9644906134,Cache River
-91.30451444502813,34.776655621038806,74252200010471,202.86896545192658,74252200011,48.0,111.0,1166807.8334560655,Cache River
-91.30405242095189,34.77840737809003,74252200010481,220.81872478177482,74252200011,48.0,92.0,1167028.6521808472,Cache River
-91.30309876141146,34.78015227860785,74252200010491,190.45180519357086,74252200011,48.0,67.0,1167219.1039860407,Cache River
-91.30260390995856,34.7819035707348,74252200010501,217.0207488259767,74252200011,48.0,80.0,1167436.1247348667,Cache River
-91.30197793341081,34.78365303053074,74252200010511,186.42345174633095,74252200011,48.0,97.5,1167622.548186613,Cache River
-91.3013874778529,34.78526773656408,74252200010521,191.40964830563556,74252200011,48.0,72.5,1167813.9578349188,Cache River
-91.30079422442819,34.7870176453801,74252200010531,223.12972286376595,74252200011,48.0,92.0,1168037.0875577824,Cache River
-91.30003705616102,34.78876526067435,74252200010541,188.73456065484464,74252200011,48.0,80.0,1168225.8221184374,Cache River
-91.29960763786025,34.79051745068538,74252200010551,214.70930203983596,74252200011,48.0,80.0,1168440.5314204772,Cache River
-91.3247708911029,34.700521564149426,74252300010011,154.84129844376213,74252300011,46.400001525878906,150.0,1157537.4892194248,White River
-91.32531113200514,34.69890624260709,74252300010021,223.13148034903818,74252300011,46.400001525878906,134.0,1157760.6206997738,White River
-91.32447887056244,34.6971363529054,74252300010031,190.4531125732917,74252300011,46.400001525878906,139.0,1157951.0738123471,White River
-91.3244788393664,34.69551337806587,74252300010041,193.49189868600524,74252300011,46.400001525878906,107.5,1158144.565711033,White River
-91.32604599909828,34.69412834139191,74252300010051,210.40962910391488,74252300011,46.400001525878906,147.0,1158354.975340137,White River
-91.32801914664994,34.69372488724264,74252300010061,182.39686452331466,74252300011,46.400001525878906,137.0,1158537.3722046604,White River
-91.32998358285604,34.69369504925015,74252300010071,203.14771745770975,74252300011,46.400001525878906,158.0,1158740.5199221182,White River
-91.33193590270596,34.69274844160675,74252300010081,183.05990477973052,74252300011,46.400001525878906,171.0,1158923.5798268977,White River
-91.33333756341709,34.691442191297874,74252300010091,225.434795484509,74252300011,46.400001525878906,176.0,1159149.0146223824,White River
-91.33353650002203,34.68968668568753,74252300010101,187.54825532688733,74252300011,46.400001525878906,150.0,1159336.5628777093,White River
-91.33255142096394,34.688185478569835,74252300010111,197.27291559757688,74252300011,46.400001525878906,138.0,1159533.8357933068,White River
-91.33113807041019,34.68681364703389,74252300010121,188.68189680934387,74252300011,46.400001525878906,127.0,1159722.517690116,White River
-91.33026485596271,34.68517765966208,74252300010131,222.5369570534875,74252300011,46.400001525878906,136.0,1159945.0546471695,White River
-91.33045297554622,34.683423056006504,74252300010141,187.54804486033348,74252300011,46.400001525878906,147.0,1160132.60269203,White River
-91.33143109646694,34.68200282126644,74252300010151,177.05063068073298,74252300011,46.400001525878906,127.0,1160309.6533227107,White River
-91.33302519463045,34.680888552096846,74252300010161,196.1235633741329,74252300011,46.400001525878906,148.0,1160505.7768860848,White River
-91.3350066585818,34.68005005134566,74252300010171,222.00947617955148,74252300011,46.400001525878906,125.0,1160727.7863622643,White River
-91.33714094436056,34.67975906346022,74252300010181,183.52030042866363,74252300011,46.400001525878906,122.0,1160911.306662693,White River
-91.33926873614323,34.67982431051797,74252300010191,211.21265262087016,74252300011,46.400001525878906,120.0,1161122.519315314,White River
-91.3413965309784,34.679821501436365,74252300010201,181.8035001365846,74252300011,46.400001525878906,120.0,1161304.3228154504,White River
-91.3435254061232,34.679837084132465,74252300010211,212.4013310787276,74252300011,46.400001525878906,120.0,1161516.7241465293,White River
-91.3456494399725,34.680005651237224,74252300010221,182.99213784179938,74252300011,46.400001525878906,123.0,1161699.716284371,White River
-91.34777133725451,34.68033198633591,74252300010231,221.41626756145627,74252300011,46.400001525878906,123.0,1161921.1325519325,White River
-91.34972045061507,34.68111579069876,74252300010241,166.92425739055545,74252300011,46.400001525878906,108.0,1162088.0568093231,White River
-91.35150163155572,34.68211369064342,74252300010251,231.11469979227599,74252300011,46.400001525878906,127.0,1162319.1715091153,White River
-91.35301131944492,34.68359479185162,74252300010261,185.2498365613387,74252300011,46.400001525878906,96.0,1162504.4213456765,White River
-91.35360922738793,34.685091420897365,74252300010271,184.74577235702785,74252300011,46.400001525878906,94.0,1162689.1671180336,White River
-91.35191978275517,34.685793685420954,74252300010281,216.95900843179066,74252300011,46.400001525878906,135.0,1162906.1261264654,White River
-91.34980094797855,34.68530959191225,74252300010291,194.84701612155192,74252300011,46.400001525878906,124.5,1163100.973142587,White River
-91.34768321397905,34.68476694922946,74252300010301,213.59003756224274,74252300011,46.400001525878906,127.0,1163314.5631801493,White River
-91.34555205701706,34.684900330705034,74252300010311,188.7375549606728,74252300011,46.400001525878906,129.5,1163503.30073511,White River
-91.34373965017588,34.68547080334009,74252300010321,177.99848405982064,74252300011,46.400001525878906,138.0,1163681.2992191697,White River
-91.34240265094382,34.68683215785431,74252300010331,201.9135340573971,74252300011,46.400001525878906,146.0,1163883.2127532272,White River
-91.34190926139937,34.688583675092076,74252300010341,212.99522662673309,74252300011,46.400001525878906,151.0,1164096.207979854,White River
-91.34174594141385,34.69047485707674,74252300010351,211.21265859219343,74252300011,46.400001525878906,136.0,1164307.420638446,White River
-91.34189113441703,34.69223528232932,74252300010361,181.2091995833172,74252300011,46.400001525878906,137.5,1164488.6298380294,White River
-91.34199782258182,34.69399481600962,74252300010371,211.80686850841823,74252300011,46.400001525878906,137.0,1164700.4367065378,White River
-91.3418645332363,34.69575123025904,74252300010381,184.70883742853883,74252300011,46.400001525878906,129.0,1164885.1455439664,White River
-91.3420296941523,34.69732235796903,74252300010391,185.91989946556453,74252300011,46.400001525878906,327.0,1165071.065443432,White River
-91.34361641282689,34.69658654991737,74252300010401,211.81932704662427,74252300011,46.400001525878906,197.5,1165282.8847704786,White River
-91.34505554984301,34.69503722572031,74252300010411,206.46939262242762,74252300011,46.400001525878906,155.0,1165489.354163101,White River
-91.34699858690963,34.69449555940084,74252300010421,187.02056778063107,74252300011,46.400001525878906,154.0,1165676.3747308815,White River
-91.34896198612682,34.69457628073532,74252300010431,189.86065612786408,74252300011,46.400001525878906,115.5,1165866.2353870096,White River
-91.35108265891351,34.69498369565028,74252300010441,209.57426169876578,74252300011,46.400001525878906,106.5,1166075.8096487082,White River
-91.35230056561652,34.69624536639042,74252300010451,158.05044748393198,74252300011,46.400001525878906,206.5,1166233.8600961922,White River
-91.35109824651846,34.69749952889862,74252300010461,247.71222114966693,74252300011,46.400001525878906,169.0,1166481.5723173418,White River
-91.34982181603291,34.69910522832853,74252300010471,192.5356299336503,74252300011,46.400001525878906,165.5,1166674.1079472755,White River
-91.35005422998937,34.70059610869916,74252300010481,181.596467123232,74252300011,46.400001525878906,142.0,1166855.7044143986,White River
-91.3515991038105,34.701969505583314,74252300010491,200.70767470395666,74252300011,46.400001525878906,169.0,1167056.4120891027,White River
-91.35355304165329,34.7025369218531,74252300010501,219.1054716529285,74252300011,46.400001525878906,136.0,1167275.5175607556,White River
-91.35566270371989,34.70351215443023,74252300010511,220.81469661368016,74252300011,46.400001525878906,123.0,1167496.3322573693,White River
-91.35632092302397,34.705280078730574,74252300020011,182.3984881244149,74252300021,46.400001525878906,150.0,1167678.7307454937,White River
-91.3555630548221,34.70689202045033,74252300020021,175.70808219162558,74252300021,46.400001525878906,129.0,1167854.4388276853,White River
-91.35481050622727,34.70850483990968,74252300020031,214.71328281821525,74252300021,46.400001525878906,142.0,1168069.1521105035,White River
-91.35450835662081,34.710258617122385,74252300020041,182.99257433207134,74252300021,46.400001525878906,150.5,1168252.1446848356,White River
-91.35500286438857,34.7120238940243,74252300020051,229.24301113524936,74252300021,46.400001525878906,189.0,1168481.387695971,White River
-91.35661673535802,34.713235863012585,74252300020061,175.7082198722366,74252300021,46.400001525878906,138.0,1168657.095915843,White River
-91.35856990382962,34.713798792683335,74252300020071,215.30792272100783,74252300021,46.400001525878906,142.0,1168872.4038385642,White River
-91.36051864472796,34.713044995810705,74252300020081,202.5004522945833,74252300021,46.400001525878906,132.5,1169074.9042908587,White River
-91.36136670581324,34.711568674516094,74252300020091,176.46683208673386,74252300021,46.400001525878906,129.0,1169251.3711229453,White River
-91.36321872168055,34.71078645423226,74252300020101,233.63518559707944,74252300021,46.400001525878906,156.0,1169485.0063085426,White River
-91.36496368499998,34.711887505577046,74252300020111,180.77245168104605,74252300021,46.400001525878906,181.0,1169665.7787602236,White River
-91.36601512199863,34.7133893479977,74252300020121,213.37382485428574,74252300021,46.400001525878906,150.0,1169879.1525850778,White River
-91.36756049735936,34.71476255368307,74252300020131,208.38767270754897,74252300021,46.400001525878906,139.5,1170087.5402577855,White River
-91.36934313873299,34.715733171350244,74252300020141,173.03392033961416,74252300021,46.400001525878906,169.0,1170260.574178125,White River
-91.37113271785623,34.71635220962972,74252300020151,197.52349849031464,74252300021,46.400001525878906,164.5,1170458.0976766152,White River
-91.37307760053139,34.71740609206819,74252300020161,223.67481502698487,74252300021,46.400001525878906,165.5,1170681.7724916423,White River
-91.37495279735367,34.71867541213756,74252300020171,209.90495983612203,74252300021,46.400001525878906,164.0,1170891.6774514786,White River
-91.37547570923692,34.72027835664246,74252300020181,186.95677235184925,74252300021,46.400001525878906,149.0,1171078.6342238302,White River
-91.37588663055575,34.722043118300434,74252300020191,214.71482479556119,74252300021,46.400001525878906,142.0,1171293.349048626,White River
-91.37547772300977,34.7236595625236,74252300020201,160.89461219718612,74252300021,46.400001525878906,146.0,1171454.243660823,White River
-91.37404179839105,34.72504698544108,74252300020211,221.69134014049666,74252300021,46.400001525878906,123.0,1171675.9350009635,White River
-91.37241566261434,34.726107252498174,74252300020221,178.3842448841686,74252300021,46.400001525878906,129.0,1171854.3192458476,White River
-91.37082383195906,34.72708680682888,74252300020231,178.6779342086174,74252300021,46.400001525878906,154.5,1172032.9971800563,White River
-91.36926259399937,34.7281749479595,74252300020241,251.48966023833526,74252300021,46.400001525878906,154.5,1172284.4868402947,White River
-91.36802142457191,34.72964605296292,74252300020251,208.02387717940877,74252300021,46.400001525878906,129.0,1172492.5107174742,White River
-91.36726623082487,34.73139415724353,74252300020261,214.12002690108255,74252300021,46.400001525878906,151.0,1172706.630744375,White River
-91.36702979117206,34.73314884520455,74252300020271,182.3991859542556,74252300021,46.400001525878906,169.5,1172889.0299303294,White River
-91.36700052643141,34.73490704629815,74252300020281,214.71419852311772,74252300021,46.400001525878906,165.0,1173103.7441288526,White River
-91.36640904941197,34.73665733814177,74252300020291,186.42752073734033,74252300021,46.400001525878906,158.5,1173290.17164959,White River
-91.36677553606323,34.7379100785881,74252300020301,168.2365504236668,74252300021,46.400001525878906,315.0,1173458.4082000135,White River
-91.36876391636243,34.736878253400164,74252300020311,240.90038166222024,74252300021,46.400001525878906,173.0,1173699.3085816756,White River
-91.37074268663888,34.736228503713335,74252300020321,198.48146444433257,74252300021,46.5,137.5,1173897.79004612,White River
-91.37271347325955,34.735961693829765,74252300020331,184.1167771598618,74252300021,46.60000228881836,135.5,1174081.90682328,White River
-91.37446757365348,34.7367651773458,74252300020341,205.71308075309688,74252300021,46.60000228881836,166.5,1174287.6199040331,White River
-91.3755797064739,34.738538245351805,74252300020351,225.81042919989966,74252300021,46.60000228881836,170.0,1174513.430333233,White River
-91.37547977546475,34.740295138990575,74252300020361,186.42809349749746,74252300021,46.60000228881836,163.5,1174699.8584267304,White River
-91.37492119317812,34.74204591172282,74252300020371,215.9031727456294,74252300021,46.60000228881836,189.0,1174915.761599476,White River
-91.3746246745101,34.74380017958764,74252300020381,181.2112754392428,74252300021,46.60000228881836,201.5,1175096.9728749152,White River
-91.3744697865673,34.74555619551333,74252300020391,211.21508412951894,74252300021,46.60000228881836,180.0,1175308.1879590447,White River
-91.37465673150862,34.747317021942756,74252300020401,188.14514541296674,74252300021,46.60000228881836,144.0,1175496.3331044577,White River
-91.3752775521225,34.74894831951606,74252300020411,207.04623295495347,74252300021,46.60000228881836,104.5,1175703.3793374128,White River
-91.37702453916015,34.75010770290136,74252300020421,192.90136405528634,74252300021,46.60000228881836,165.0,1175896.280701468,White River
-91.37890157978921,34.74964581660703,74252300020431,197.64802551060473,74252300021,46.60000228881836,189.5,1176093.9287269786,White River
-91.38020840020538,34.74817548000244,74252300020441,182.9483276247871,74252300021,46.60000228881836,159.0,1176276.8770546033,White River
-91.38138465279076,34.746676343349804,74252300020451,232.1583173203305,74252300021,46.60000228881836,150.0,1176509.0353719238,White River
-91.3824002165308,34.745012761545794,74252300020461,204.48765753086963,74252300021,46.60000228881836,150.0,1176713.5230294545,White River
-91.38402608389883,34.743979413638,74252300020471,196.75762484312617,74252300021,46.60000228881836,136.0,1176910.2806542977,White River
-91.38599860344627,34.74367662916378,74252300020481,181.80631324598366,74252300021,46.60000228881836,155.5,1177092.0869675437,White River
-91.38791522725263,34.74451786103465,74252300020491,227.6841268893457,74252300021,46.60000228881836,152.5,1177319.771094433,White River
-91.38919156122228,34.746292982139956,74252300020501,225.81146764792547,74252300021,46.60000228881836,163.0,1177545.582562081,White River
-91.38905913901948,34.748049459015476,74252300030011,170.27320827248,74252300031,46.60000228881836,150.0,1177715.8557703535,White River
-91.38759601537562,34.749139127862264,74252300030021,171.7600771687844,74252300031,46.60000228881836,154.5,1177887.6158475224,White River
-91.38592679803446,34.750712939996944,74252300030031,235.93968843743062,74252300031,46.60000228881836,123.0,1178123.5555359598,White River
-91.38501215640832,34.75224264045729,74252300030041,194.47967254088556,74252300031,46.60000228881836,151.0,1178318.0352085007,White River
-91.38475489054824,34.753942414980074,74252300030051,185.30578632638802,74252300031,46.60000228881836,138.5,1178503.340994827,White River
-91.38540347204604,34.75571018324843,74252300030061,228.88161896994333,74252300031,46.60000228881836,190.0,1178732.222613797,White River
-91.38655253044159,34.75729429524562,74252300030071,184.20732961739645,74252300031,46.60000228881836,212.0,1178916.4299434144,White River
-91.38850276226592,34.75813161518693,74252300030081,220.82521610589816,74252300031,46.60000228881836,189.0,1179137.2551595203,White River
-91.3906273687638,34.75843021685566,74252300030091,187.02339302663884,74252300031,46.60000228881836,189.0,1179324.2785525469,White River
-91.39275304015476,34.758661714431916,74252300030101,214.12205766847737,74252300031,46.60000228881836,151.0,1179538.4006102153,White River
-91.39486166289956,34.75810742473682,74252300030111,195.52235135128754,74252300031,46.60000228881836,171.0,1179733.9229615666,White River
-91.39587397151398,34.7566059866299,74252300030121,199.66909645969986,74252300031,46.60000228881836,189.0,1179933.5920580265,White River
-91.39603799030454,34.75490401831365,74252300030131,185.8351923193627,74252300031,47.29999923706055,173.0,1180119.4272503457,White River
-91.39555820724799,34.7531393294322,74252300030141,215.31047960740312,74252300031,47.29999923706055,142.0,1180334.7377299531,White River
-91.39603783540169,34.751522805920715,74252300030151,198.63905705153627,74252300031,47.29999923706055,150.0,1180533.3767870048,White River
-91.39782383508053,34.75068073153502,74252300030161,202.19301532004764,74252300031,47.29999923706055,169.0,1180735.5698023248,White River
-91.39994933520859,34.750925080816685,74252300030171,194.16940194810041,74252300031,47.29999923706055,257.5,1180929.7392042729,White River
-91.40136542541606,34.75226911884339,74252300030181,208.39000866770073,74252300031,47.29999923706055,234.0,1181138.1292129406,White River
-91.4026801397732,34.75377410899804,74252300030191,200.13645442949908,74252300031,47.29999923706055,233.0,1181338.26566737,White River
-91.40429239817011,34.75514773695116,74252300030201,212.16120651133738,74252300031,47.29999923706055,212.0,1181550.4268738814,White River
-91.40590782903,34.756359087256065,74252300030211,188.68676075858468,74252300031,47.29999923706055,169.0,1181739.11363464,White River
-91.40786136249719,34.757033844329634,74252300030221,205.72955729328964,74252300031,47.29999923706055,188.0,1181944.8431919331,White River
-91.40981285439106,34.757816742658754,74252300030231,205.65650597683313,74252300031,47.29999923706055,169.0,1182150.4996979102,White River
-91.41159743832381,34.7587597307771,74252300030241,196.25102951036382,74252300031,47.29999923706055,162.0,1182346.7507274204,White River
-91.41291761755113,34.75999418693313,74252300030251,195.39473219609118,74252300031,47.29999923706055,150.0,1182542.1454596166,White River
-91.41439392147552,34.76163640858061,74252300030261,224.62701316795662,74252300031,47.29999923706055,164.0,1182766.7724727844,White River
-91.41462504443462,34.76326240268546,74252300030271,181.80790506838036,74252300031,47.29999923706055,184.0,1182948.5803778528,White River
-91.41419818765323,34.76501507474738,74252300030281,209.2386875914499,74252300031,47.29999923706055,170.0,1183157.8190654444,White River
-91.41335046725783,34.76649176248297,74252300030291,179.03691331642298,74252300031,47.29999923706055,185.0,1183336.8559787606,White River
-91.41191697847982,34.7677444051903,74252300030301,192.1206668116958,74252300031,47.29999923706055,179.5,1183528.9766455723,White River
-91.4100907055261,34.768956287776675,74252300030311,219.1130227401695,74252300031,47.29999923706055,173.0,1183748.0896683126,White River
-91.40795743616079,34.769103551816784,74252300030321,212.40605875025648,74252300031,47.29999923706055,136.0,1183960.495727063,White River
-91.40566030316216,34.76923578960696,74252300030331,214.12300472613154,74252300031,47.29999923706055,120.0,1184174.618731789,White River
-91.40371531916523,34.769801098365335,74252300030341,162.21895965900214,74252300031,47.29999923706055,138.0,1184336.837691448,White River
-91.40234404724177,34.77121673884354,74252300030351,221.93243111007556,74252300031,47.29999923706055,129.5,1184558.770122558,White River
-91.40212134444187,34.772836725103986,74252300030361,197.52479124733787,74252300031,47.29999923706055,116.5,1184756.2949138053,White River
-91.40376307350525,34.77412966758712,74252300030371,201.91719457359315,74252300031,47.29999923706055,171.0,1184958.212108379,White River
-91.40589023410485,34.77431984369887,74252300030381,214.7172046135791,74252300031,47.29999923706055,189.0,1185172.9293129926,White River
-91.40780253783662,34.77374978194344,74252300030391,200.8405681144787,74252300031,47.29999923706055,170.0,1185373.7698811071,White River
-91.40959669724084,34.77250190432366,74252300030401,192.80905733506245,74252300031,47.29999923706055,156.0,1185566.578938442,White River
-91.41135440194995,34.77144287123769,74252300030411,208.39078299560785,74252300031,47.29999923706055,198.0,1185774.9697214377,White River
-91.41333991470431,34.770467930798546,74252300030421,205.3520425923651,74252300031,47.29999923706055,219.0,1185980.32176403,White River
-91.41532072821485,34.76973634330682,74252300030431,196.56846638418892,74252300031,47.29999923706055,240.0,1186176.8902304142,White River
-91.41745813797033,34.769389715439566,74252300030441,212.40669593169574,74252300031,47.29999923706055,248.0,1186389.296926346,White River
-91.41958470256711,34.76957113299157,74252300030451,182.4025518157256,74252300031,47.29999923706055,214.0,1186571.6994781618,White River
-91.42171333964457,34.769665611437084,74252300030461,212.40699061681548,74252300031,47.29999923706055,184.0,1186784.1064687786,White River
-91.42384044106716,34.76990106100247,74252300030471,184.71412403762815,74252300031,47.29999923706055,125.5,1186968.8205928162,White River
-91.42563469368935,34.77035707729995,74252300030481,178.7618491287695,74252300031,47.29999923706055,148.0,1187147.5824419449,White River
-91.42731114960392,34.77183943593119,74252300030491,224.62116579974284,74252300031,47.29999923706055,150.0,1187372.2036077445,White River
-91.42779498914962,34.7737126087579,74252300030501,244.7229245091681,74252300031,47.349998474121094,221.0,1187616.9265322539,White River
-91.42749944312293,34.77573703173854,74252300040011,180.9523676647549,74252300041,47.70000076293945,189.0,1187797.8788999186,White River
-91.42674759703525,34.777350299521025,74252300040021,193.88817207361762,74252300041,47.79999923706055,189.0,1187991.7670719922,White River
-91.4258948243,34.779097505130665,74252300040031,205.83245487995137,74252300041,47.79999923706055,142.0,1188197.5995268722,White River
-91.425339573195,34.780713305064836,74252300040041,183.59117288645206,74252300041,47.79999923706055,123.0,1188381.1906997587,White River
-91.42527595633193,34.78233546404046,74252300040051,197.52629866738982,74252300041,47.79999923706055,147.0,1188578.716998426,White River
-91.42685481993426,34.78378951696982,74252300040061,222.6341339896016,74252300041,47.79999923706055,180.5,1188801.3511324157,White River
-91.4288055846315,34.78465325847407,74252300040071,188.5124625138539,74252300041,47.79999923706055,238.5,1188989.8635949295,White River
-91.43093257713302,34.78487004840809,74252300040081,213.00184824520198,74252300041,47.79999923706055,240.0,1189202.8654431747,White River
-91.43306725532543,34.78468115417648,74252300040091,184.1204861225111,74252300041,47.79999923706055,216.0,1189386.9859292973,White River
-91.43514556417043,34.7840046025168,74252300040101,212.2307366664879,74252300041,47.79999923706055,214.0,1189599.2166659636,White River
-91.43686226492515,34.7833774702267,74252300040111,182.19604768239324,74252300041,47.79999923706055,155.0,1189781.412713646,White River
-91.43871922411103,34.782265217030485,74252300040121,223.86010839918904,74252300041,47.79999923706055,138.0,1190005.2728220453,White River
-91.44066886577048,34.78145166949853,74252300040131,187.02646899888887,74252300041,47.79999923706055,144.5,1190192.2992910442,White River
-91.44263752194811,34.78136867763852,74252300040141,205.3338120357076,74252300041,47.79999923706055,140.5,1190397.6331030799,White River
-91.44428426768637,34.782715178170285,74252300040151,192.69736842988328,74252300041,47.79999923706055,169.0,1190590.3304715098,White River
-91.44510095442445,34.78434866688051,74252300040161,218.51784184849564,74252300041,47.79999923706055,229.0,1190808.8483133581,White River
-91.44504025625515,34.78610606193912,74252300040171,183.5268552427789,74252300041,47.79999923706055,227.0,1190992.375168601,White River
-91.44484335946935,34.787861780905466,74252300040181,213.00264466550323,74252300041,47.79999923706055,184.0,1191205.3778132666,White River
-91.44467923303256,34.78961791777296,74252300040191,188.14951909998865,74252300041,48.125,150.0,1191393.5273323664,White River
-91.44391487796327,34.7913656716261,74252300040201,219.70618907748639,74252300041,49.10000228881836,142.0,1191613.233521444,White River
-91.44362721680253,34.79325618312053,74252300040211,211.81415587393084,74252300041,49.10000228881836,121.0,1191825.0476773179,White River
-91.44359926211683,34.795013573879515,74252300040221,181.8096487749901,74252300041,49.10000228881836,129.0,1192006.857326093,White River
-91.44369328807643,34.796719393551825,74252300040231,217.13116752749988,74252300041,49.10000228881836,233.0,1192223.9884936204,White River
-91.44524047283211,34.79814575804668,74252300040241,180.77732635740026,74252300041,49.10000228881836,223.0,1192404.7658199777,White River
-91.44612796467845,34.79978007823618,74252300040251,222.01768944735343,74252300041,49.10000228881836,170.0,1192626.7835094251,White River
-91.44645560795864,34.80154249368181,74252300040261,182.99823859913243,74252300041,49.10000228881836,172.5,1192809.7817480243,White River
-91.44678326367291,34.80330490813039,74252300040271,215.3141402289954,74252300041,49.10000228881836,170.0,1193025.0958882533,White River
-91.44747411922353,34.80493670797289,74252300040281,169.60482479709532,74252300041,49.10000228881836,204.0,1193194.7007130503,White River
-91.4486290887337,34.80630392564843,74252300040291,196.13122726591115,74252300041,49.10000228881836,190.0,1193390.8319403164,White River
-91.45034199075079,34.8076511905367,74252300040301,224.25531145202234,74252300041,49.10000228881836,225.0,1193615.0872517682,White River
-91.45229154510983,34.80862274669563,74252300040311,200.20398537651693,74252300041,49.10000228881836,190.0,1193815.2912371447,White River
-91.45441670345195,34.80892443794933,74252300040321,213.0034814084617,74252300041,49.10000228881836,150.0,1194028.2947185533,White River
-91.45654591609376,34.80910958906527,74252300040331,170.61481830276438,74252300041,49.10000228881836,151.0,1194198.909536856,White River
-91.45789026829752,34.81061485143765,74252300040341,227.81173763431136,74252300041,49.10000228881836,191.5,1194426.7212744905,White River
-91.45734043966127,34.812230384668204,74252300040351,208.03006795083218,74252300041,49.10000228881836,150.0,1194634.7513424412,White River
-91.45612974762601,34.8138380093296,74252300040361,197.89279967413503,74252300041,49.10000228881836,140.0,1194832.6441421153,White River
-91.45613478702674,34.81559624001656,74252300040371,204.5081133186278,74252300041,49.10000228881836,189.0,1195037.152255434,White River
-91.4570226682333,34.81696005383193,74252300040381,170.26849783749321,74252300041,49.10000228881836,190.0,1195207.4207532716,White River
-91.4586723568444,34.81819820342233,74252300040391,223.6812049101699,74252300041,49.10000228881836,192.0,1195431.1019581817,White River
-91.4606247738039,34.819034416846584,74252300040401,193.13711593715567,74252300041,49.10000228881836,186.0,1195624.239074119,White River
-91.46241075524867,34.82000374439055,74252300040411,197.28154817682153,74252300041,49.10000228881836,129.0,1195821.5206222956,White River
-91.46356115515498,34.82164126262875,74252300040421,227.36923963944864,74252300041,49.10000228881836,151.0,1196048.889861935,White River
-91.46284435543909,34.8231428445705,74252300040431,182.78124133084262,74252300041,49.10000228881836,190.0,1196231.6711032658,White River
-91.46071275510637,34.82312833265703,74252300040441,214.72108373440372,74252300041,49.10000228881836,156.0,1196446.3921870003,White River
-91.4585756142553,34.82339051805788,74252300040451,182.58474842013172,74252300041,49.10000228881836,149.0,1196628.9769354204,White River
-91.45691826303053,34.82431624322065,74252300040461,184.82156577784303,74252300041,49.10000228881836,169.0,1196813.7985011982,White River
-91.45541727326386,34.825649675736074,74252300040471,212.49295987202328,74252300041,49.10000228881836,161.0,1197026.2914610703,White River
-91.45454338740608,34.827206519159525,74252300040481,222.68618912381936,74252300041,49.10000228881836,212.0,1197248.9776501942,White River
-91.45468154520466,34.82910287816245,74252300040491,211.814948602651,74252300041,49.10000228881836,170.0,1197460.7925987968,White River
-91.4548581127859,34.83099840317101,74252300040501,216.4376589925034,74252300041,49.10000228881836,152.0,1197677.2302577894,White River
-91.45522641634244,34.832897260284376,74252300050011,183.52750447461273,74252300051,49.10000228881836,210.0,1197860.757762264,White River
-91.45518852489079,34.834654652009846,74252300050021,182.40457627877842,74252300051,49.10000228881836,216.5,1198043.1623385428,White River
-91.45516073543456,34.83641204314413,74252300050031,217.39569140709165,74252300051,49.10000228881836,199.0,1198260.55802995,White River
-91.45564257954291,34.83817651560376,74252300050041,184.71595586416095,74252300051,49.10000228881836,182.0,1198445.273985814,White River
-91.4559478484283,34.83993848760774,74252300050051,220.83003172487042,74252300051,49.10000228881836,155.0,1198666.104017539,White River
-91.45695707361087,34.84157440113531,74252300050061,178.38922475194317,74252300051,49.10000228881836,190.0,1198844.4932422908,White River
-91.45837611366983,34.84289077886047,74252300050071,200.14018408608018,74252300051,49.10000228881836,190.0,1199044.6334263769,White River
-91.46015954955438,34.84402240771546,74252300050081,209.74679728414878,74252300051,49.10000228881836,158.5,1199254.380223661,White River
-91.46228514765086,34.84440094921234,74252300050091,214.7211974953587,74252300051,49.10000228881836,137.0,1199469.1014211564,White River
-91.46441076680888,34.844779453819655,74252300050101,182.40525523377974,74252300051,49.10000228881836,129.5,1199651.5066763903,White River
-91.46653339625311,34.84532018174888,74252300050111,222.18426065344374,74252300051,49.10000228881836,134.0,1199873.6909370436,White River
-91.46858894577556,34.84594117693718,74252300050121,197.89366742582655,74252300051,49.10000228881836,143.5,1200071.5846044694,White River
-91.46964190129769,34.847550360844195,74252300050131,196.93566964373287,74252300051,49.10000228881836,115.5,1200268.5202741132,White River
-91.46992737960707,34.849312304925014,74252300050141,207.14800823733694,74252300051,49.10000228881836,156.0,1200475.6682823505,White River
-91.46931686059008,34.850927472297975,74252300050151,201.3413411556661,74252300051,49.10000228881836,199.0,1200677.009623506,White River
-91.46820622301537,34.85242826414707,74252300050161,195.8909258003043,74252300051,49.10000228881836,189.0,1200872.9005493065,White River
-91.46638485227251,34.85332499202844,74252300050171,200.71543664049915,74252300051,49.10000228881836,190.0,1201073.615985947,White River
-91.46488597768541,34.85452330906236,74252300050181,169.7323981248864,74252300051,49.10000228881836,190.0,1201243.3483840718,White River
-91.463223025963,34.85571953325494,74252300050191,214.54919531598404,74252300051,49.10000228881836,169.0,1201457.8975793878,White River
-91.46243827295953,34.8573325858783,74252300050201,214.3067342681088,74252300051,49.10000228881836,171.0,1201672.204313656,White River
-91.46162068001628,34.85894521699278,74252300050211,203.38558873156637,74252300051,49.10000228881836,189.0,1201875.5899023875,White River
-91.46129266587356,34.86069887118383,74252300050221,182.40495909939227,74252300051,49.10000228881836,189.5,1202057.9948614868,White River
-91.4618833007957,34.86246497971552,74252300050231,229.84546638082452,74252300051,49.10000228881836,189.0,1202287.8403278678,White River
-91.46290300836327,34.86410084790667,74252300050241,172.28086094822086,74252300051,49.10000228881836,171.0,1202460.121188816,White River
-91.46379151226388,34.86573504986037,74252300050251,224.09996016174725,74252300051,49.10000228881836,171.0,1202684.2211489778,White River
-91.46407938522805,34.86763138823996,74252300050261,213.59826167660336,74252300051,49.10000228881836,152.0,1202897.8194106543,White River
-91.4641223753892,34.869391266515464,74252300050271,181.81092041296432,74252300051,49.10000228881836,155.5,1203079.6303310674,White River
-91.46352934661121,34.871006392256426,74252300050281,201.9218246977478,74252300051,49.10000228881836,191.0,1203281.552155765,White River
-91.46215531056856,34.872530839259504,74252300050291,171.20327010713285,74252300051,49.10000228881836,203.0,1203452.7554258723,White River
-91.46081857481335,34.87381229676024,74252300050301,218.04801672750108,74252300051,49.10000228881836,180.0,1203670.8034425997,White River
-91.45934852084189,34.87520024692873,74252300050311,205.7492722019992,74252300051,49.10000228881836,190.0,1203876.5527148016,White River
-91.45826916716989,34.876755431036635,74252300050321,223.50541981954024,74252300051,49.10000228881836,200.0,1204100.0581346212,White River
-91.45661071849187,34.87768111587981,74252300050331,176.29979100471837,74252300051,49.10000228881836,165.0,1204276.357925626,White River
-91.45475128918446,34.87882061827659,74252300050341,204.08000206476697,74252300051,49.10000228881836,127.0,1204480.4379276908,White River
-91.45308921322113,34.87993555356438,74252300050351,196.70633681674232,74252300051,49.10000228881836,127.0,1204677.1442645073,White River
-91.45213993156608,34.88154643377091,74252300050361,219.11267604115432,74252300051,49.10000228881836,170.0,1204896.2569405485,White River
-91.45227105483514,34.88330631490056,74252300050371,186.79675470847098,74252300051,49.10000228881836,150.0,1205083.053695257,White River
-91.45398657932842,34.88459946988061,74252300050381,202.4826605320919,74252300051,49.10000228881836,142.0,1205285.5363557893,White River
-91.45594757333488,34.88505718797252,74252300050391,214.72081739598616,74252300051,49.10000228881836,120.0,1205500.2571731852,White River
-91.4580752094664,34.88538174162812,74252300050401,208.7685172873367,74252300051,49.10000228881836,122.0,1205709.0256904725,White River
-91.45972321290635,34.886782158123694,74252300050411,192.6984372371963,74252300051,49.10000228881836,148.0,1205901.7241277096,White River
-91.46034427614224,34.888413887887694,74252300050421,215.84390024848713,74252300051,49.10000228881836,152.0,1206117.5680279583,White River
-91.46044275976283,34.890172515884245,74252300050431,183.52787138006772,74252300051,49.10000228881836,129.5,1206301.0958993381,White River
-91.46047560313626,34.89193114344751,74252300050441,211.22120691066286,74252300051,49.10000228881836,135.0,1206512.3171062488,White River
-91.45999086734933,34.89354790209231,74252300050451,197.80733602037526,74252300051,49.10000228881836,151.0,1206710.1244422693,White River
-91.45877897171138,34.895155502237515,74252300050461,197.91945748417209,74252300051,49.10000228881836,148.0,1206908.0438997534,White River
-91.45689494464294,34.895776623307555,74252300050471,188.15051373764769,74252300051,49.900001525878906,136.5,1207096.194413491,White River
-91.45510286732292,34.89510882651563,74252300050481,200.71477499029663,74252300051,49.900001525878906,138.0,1207296.9091884813,White River
-91.45348709850308,34.89373580759012,74252300050491,204.14822188664647,74252300051,49.900001525878906,169.0,1207501.057410368,White River
-91.4522703105808,34.892097355662855,74252300050501,245.69606529048747,74252300051,49.900001525878906,150.0,1207746.7534756586,White River
-91.45085664772466,34.890456382493866,74252300060011,153.69856120818943,74252300061,49.900001525878906,127.0,1207900.4520368667,White River
-91.44897238145671,34.88940447446534,74252300060021,227.53265946848268,74252300061,49.900001525878906,189.0,1208127.9846963352,White River
-91.4468421393014,34.889223360388215,74252300060031,181.81009886344296,74252300061,49.900001525878906,180.0,1208309.7947951986,White River
-91.44470375299592,34.88945812156928,74252300060041,202.31152784757737,74252300061,49.900001525878906,156.0,1208512.1063230464,White River
-91.44272333100119,34.89003625639153,74252300060051,214.75609966893435,74252300061,49.900001525878906,208.0,1208726.8624227152,White River
-91.44112650828424,34.89114344796302,74252300060061,174.95482932205965,74252300061,49.900001525878906,192.0,1208901.8172520373,White River
-91.43952452793604,34.89252945354834,74252300060071,236.7465023585136,74252300061,49.900001525878906,190.0,1209138.5637543958,White River
-91.43857329548956,34.89422134185942,74252300060081,195.81086557590325,74252300061,49.900001525878906,189.5,1209334.3746199717,White River
-91.43795178300678,34.89583631243414,74252300060091,187.02631448411316,74252300061,49.900001525878906,163.0,1209521.400934456,White River
-91.43752462199683,34.89758902451137,74252300060101,217.0307514392501,74252300061,49.900001525878906,152.0,1209738.431685895,White River
-91.43673638025166,34.89933708988503,74252300060111,192.17763377880937,74252300061,50.275001525878906,108.0,1209930.6093196739,White River
-91.43594810396235,34.90108514878886,74252300060121,218.15357751220074,74252300061,50.400001525878906,94.0,1210148.762897186,White River
-91.43585168433046,34.90270686294042,74252300060131,161.9420062087006,74252300061,50.400001525878906,92.0,1210310.7049033947,White River
-91.43753502098761,34.90397278486125,74252300060141,237.05452716594817,74252300061,50.400001525878906,114.0,1210547.7594305607,White River
-91.439670220057,34.90391907326824,74252300060151,182.99808994003456,74252300061,50.400001525878906,199.0,1210730.7575205008,White River
-91.44145915663086,34.90307645475853,74252300060161,210.83783528752014,74252300061,50.400001525878906,185.5,1210941.5953557882,White River
-91.44302542927498,34.90185226636597,74252300060171,178.75438434445437,74252300061,50.400001525878906,122.0,1211120.3497401327,White River
-91.44488707507728,34.90063183730554,74252300060181,233.12132313332216,74252300061,50.400001525878906,138.0,1211353.471063266,White River
-91.44664051822393,34.899923932525134,74252300060191,187.6573415812295,74252300061,50.400001525878906,146.0,1211541.1284048473,White River
-91.44878425847757,34.899468605270094,74252300060201,215.84327029337524,74252300061,50.400001525878906,120.0,1211756.9716751406,White River
-91.45091476896106,34.899599803148725,74252300060211,192.9061980993027,74252300061,50.400001525878906,143.0,1211949.87787324,White River
-91.45253212688911,34.900891728357735,74252300060221,212.33538894967484,74252300061,50.400001525878906,150.0,1212162.2132621896,White River
-91.45334499717649,34.90252558384979,74252300060231,187.55595682648809,74252300061,50.400001525878906,174.0,1212349.7692190162,White River
-91.45289797439902,34.904142305860816,74252300060241,190.46149562472448,74252300061,50.400001525878906,151.5,1212540.2307146408,White River
-91.45255195576493,34.90589591152941,74252300060251,215.8433935075334,74252300061,50.400001525878906,136.0,1212756.0741081485,White River
-91.45355675517091,34.90753185609183,74252300060261,196.70637367624153,74252300061,50.400001525878906,150.0,1212952.7804818247,White River
-91.45544047483837,34.908637788145676,74252300060271,213.57231053316877,74252300061,50.400001525878906,183.0,1213166.3527923578,White River
-91.45729900697327,34.9093376318101,74252300060281,185.839181072614,74252300061,50.400001525878906,161.0,1213352.1919734303,White River
-91.45925959377408,34.90984939635563,74252300060291,193.1371383766139,74252300061,50.400001525878906,152.0,1213545.329111807,White River
-91.46137980661477,34.91060659507401,74252300060301,222.0552032130568,74252300061,50.400001525878906,161.0,1213767.3843150202,White River
-91.46273339742962,34.91197619483049,74252300060311,185.2567808653557,74252300061,50.400001525878906,180.0,1213952.6410958855,White River
-91.46411734380231,34.913481410159264,74252300060321,220.24808371467813,74252300061,50.400001525878906,207.0,1214172.8891796002,White River
-91.4652386967948,34.91498329332536,74252300060331,193.2735308942112,74252300061,50.400001525878906,212.0,1214366.1627104944,White River
-91.46685507015944,34.91635616727637,74252300060341,208.15739559777404,74252300061,50.400001525878906,148.0,1214574.3201060921,White River
-91.46864319100732,34.91732544491249,74252300060351,188.2883381112983,74252300061,50.400001525878906,175.0,1214762.6084442034,White River
-91.47042934706685,34.918402869467585,74252300060361,213.0122775219943,74252300061,50.400001525878906,169.0,1214975.6207217253,White River
-91.47204787970486,34.919667505440536,74252300060371,200.71583456264372,74252300061,50.400001525878906,138.0,1215176.336556288,White River
-91.47300529526093,34.92116725651377,74252300060381,193.13787296530853,74252300061,50.400001525878906,175.0,1215369.4744292533,White River
-91.47324541576077,34.92292918051228,74252300060391,212.4105234846924,74252300061,50.400001525878906,204.0,1215581.884952738,White River
-91.47284165225079,34.924681612498716,74252300060401,191.42072232046607,74252300061,50.400001525878906,220.5,1215773.3056750584,White River
-91.47143652489025,34.92607050482553,74252300060411,201.91320739231864,74252300061,50.400001525878906,222.5,1215975.2188824508,White River
-91.46930276006378,34.92612062246351,74252300060421,218.156082454564,74252300061,50.400001525878906,222.0,1216193.3749649054,White River
-91.46732462250057,34.926424435785776,74252300060431,152.4007471878547,74252300061,50.400001525878906,187.0,1216345.7757120933,White River
-91.46514492225134,34.92707314766216,74252300060441,232.70558733143267,74252300061,50.400001525878906,184.0,1216578.4812994248,White River
-91.46319806338484,34.92756247016413,74252300060451,198.28812547036267,74252300061,50.400001525878906,151.0,1216776.769424895,White River
-91.46121481170482,34.92824064494694,74252300060461,204.3967101786905,74252300061,50.400001525878906,150.5,1216981.1661350736,White River
-91.45925425035114,34.9294600595429,74252300060471,211.54143609972306,74252300061,50.400001525878906,106.5,1217192.7075711736,White River
-91.45853585443987,34.9309927521568,74252300060481,182.40487820016432,74252300061,50.400001525878906,125.5,1217375.1124493736,White River
-91.45903089277914,34.93262198700107,74252300060491,202.5072686707627,74252300061,50.400001525878906,197.0,1217577.6197180443,White River
-91.46120826419357,34.9338668051751,74252300060501,243.6284443586626,74252300061,50.400001525878906,175.5,1217821.248162403,White River
-91.46328970960533,34.93497512515917,74252300070011,175.58790291347694,74252300071,50.400001525878906,171.0,1217996.8360653166,White River
-91.46467907722968,34.936209910225486,74252300070021,169.73245576411566,74252300071,50.400001525878906,169.0,1218166.5685210805,White River
-91.4658664129758,34.937712620731794,74252300070031,237.67173061630982,74252300071,50.400001525878906,202.0,1218404.240251697,White River
-91.46678603719539,34.93948243300699,74252300070041,194.85466324364447,74252300071,50.400001525878906,242.5,1218599.0949149407,White River
-91.46738232318896,34.94111288088776,74252300070051,189.86819586236507,74252300071,50.400001525878906,256.0,1218788.963110803,White River
-91.46777906574195,34.94274084032557,74252300070061,184.71678189153496,74252300071,50.400001525878906,235.0,1218973.6798926943,White River
-91.46863309781105,34.944374596674365,74252300070071,207.27253653658,74252300071,50.400001525878906,232.5,1219180.952429231,White River
-91.46991914772994,34.945878512741956,74252300070081,204.14932383596653,74252300071,50.400001525878906,235.0,1219385.101753067,White River
-91.4715361881899,34.94725133539492,74252300070091,212.16604100622976,74252300071,50.400001525878906,254.0,1219597.2677940733,White River
-91.47308759469252,34.94862331174982,74252300070101,200.14121725796494,74252300071,50.400001525878906,254.0,1219797.4090113312,White River
-91.47437629690236,34.94999196877765,74252300070111,192.12468037762318,74252300071,50.400001525878906,212.0,1219989.533691709,White River
-91.47549330478978,34.95149376616334,74252300070121,196.34122539945187,74252300071,50.400001525878906,218.0,1220185.8749171083,White River
-91.47563499722943,34.953254442971925,74252300070131,212.41072046229357,74252300071,50.400001525878906,189.0,1220398.2856375705,White River
-91.47517043369217,34.95500604761008,74252300070141,203.63910395771364,74252300071,50.400001525878906,196.0,1220601.9247415282,White River
-91.47379615051453,34.95647648949103,74252300070151,185.25748524983743,74252300071,50.400001525878906,223.0,1220787.182226778,White River
-91.47268459851679,34.95795021952732,74252300070161,202.8805225309884,74252300071,50.400001525878906,213.0,1220990.062749309,White River
-91.47249024690993,34.959570725743305,74252300070171,197.5294882949022,74252300071,50.400001525878906,175.5,1221187.592237604,White River
-91.474071734586,34.96110536359644,74252300070181,217.18974085920215,74252300071,50.400001525878906,180.0,1221404.7819784633,White River
-91.47603966565737,34.961292372954944,74252300070191,184.12319239224178,74252300071,50.400001525878906,203.0,1221588.9051708553,White River
-91.47818435464612,34.96080533614913,74252300070201,217.6279864910268,74252300071,50.400001525878906,189.0,1221806.5331573465,White River
-91.48032702205381,34.96042643236921,74252300070211,184.71764945818063,74252300071,50.400001525878906,189.0,1221991.2508068047,White River
-91.48246468468864,34.96031792032557,74252300070221,213.53427272244193,74252300071,50.400001525878906,195.0,1222204.7850795272,White River
-91.48458989425339,34.960885445543994,74252300070231,203.63979745993987,74252300071,51.75,195.0,1222408.424876987,White River
-91.48631000017663,34.962042967828936,74252300070241,192.1254209523772,74252300071,51.79999923706055,169.0,1222600.5502979395,White River
-91.48766482939578,34.96341231092009,74252300070251,200.1421466826112,74252300071,51.79999923706055,127.0,1222800.692444622,White River
-91.488655863323,34.96491235768664,74252300070261,189.70455106401766,74252300071,51.79999923706055,115.5,1222990.396995686,White River
-91.4885907248087,34.96666974623557,74252300070271,213.38197869095563,74252300071,51.79999923706055,211.0,1223203.778974377,White River
-91.48722343411379,34.96776173626661,74252300070281,188.1946683957343,74252300071,51.79999923706055,197.0,1223391.9736427728,White River
-91.48542703732949,34.968956554878275,74252300070291,199.24756385768836,74252300071,51.79999923706055,220.5,1223591.2212066303,White River
-91.48328267074417,34.96941667193299,74252300070301,217.6283656135834,74252300071,51.79999923706055,189.0,1223808.849572244,White River
-91.48098001058302,34.96955018024943,74252300070311,210.62862904235857,74252300071,51.79999923706055,180.0,1224019.4782012864,White River
-91.47885060693744,34.96919893049517,74252300070321,186.43474474014286,74252300071,51.79999923706055,165.5,1224205.9129460265,White River
-91.47690732061521,34.96944506005123,74252300070331,193.58022628681059,74252300071,51.79999923706055,125.5,1224399.4931723133,White River
-91.47664881265624,34.97098361853512,74252300070341,205.35567052644674,74252300071,51.79999923706055,158.5,1224604.8488428397,White River
-91.478464567522,34.97230474636197,74252300070351,214.14046613788625,74252300071,51.79999923706055,216.0,1224818.9893089777,White River
-91.48042228780918,34.97305959230772,74252300070361,190.46333407551472,74252300071,51.79999923706055,233.0,1225009.4526430531,White River
-91.48255379400081,34.973302645299036,74252300070371,211.222929158059,74252300071,51.79999923706055,189.0,1225220.6755722112,White River
-91.484682823506,34.97368087572481,74252300070381,191.42159526916984,74252300071,51.79999923706055,169.0,1225412.0971674805,White River
-91.4866436222691,34.97427336566596,74252300070391,192.18085818573718,74252300071,51.79999923706055,181.0,1225604.278025666,White River
-91.48860047506435,34.97508216856986,74252300070401,214.141148166209,74252300071,51.79999923706055,182.0,1225818.4191738323,White River
-91.49025174376396,34.976428124375055,74252300070411,196.13399015601775,74252300071,51.900001525878906,169.0,1226014.5531639883,White River
-91.49133658048459,34.97792978534712,74252300070421,196.93644343248835,74252300071,51.900001525878906,221.0,1226211.4896074207,White River
-91.49117786950505,34.97968553955938,74252300070431,213.00599885623936,74252300071,51.900001525878906,219.0,1226424.4956062771,White River
-91.49095343734251,34.98144088430692,74252300070441,180.62413312694295,74252300071,51.900001525878906,182.0,1226605.119739404,White River
-91.49110840251136,34.98320112948727,74252300070451,215.84610130597983,74252300071,51.900001525878906,204.0,1226820.96584071,White River
-91.49193791464276,34.98483432511804,74252300070461,179.14976904308176,74252300071,51.900001525878906,213.0,1227000.1156097532,White River
-91.49270669282973,34.986466699537345,74252300070471,219.115601633844,74252300071,51.900001525878906,205.0,1227219.2312113869,White River
-91.49328889158687,34.988232245273295,74252300070481,192.18115956269173,74252300071,51.900001525878906,156.0,1227411.4123709495,White River
-91.49381530817779,34.98999697279413,74252300070491,213.60040023672846,74252300071,51.900001525878906,152.0,1227625.0127711864,White River
-91.49417496185535,34.991894874817014,74252300070501,220.46907566628903,74252300071,51.900001525878906,137.0,1227845.4818468527,White River
-91.4946660796577,34.993794405930046,74252300080011,181.21857107303015,74252300081,51.900001525878906,155.0,1228026.7004179258,White River
-91.49469961239222,34.995553015046504,74252300080021,180.6243559343383,74252300081,51.900001525878906,175.0,1228207.3247738602,White River
-91.4946016904211,34.997309993323334,74252300080031,210.03515851239098,74252300081,51.900001525878906,150.0,1228417.3599323723,White River
-91.49467303839359,34.99906900908782,74252300080041,185.84133789289632,74252300081,51.900001525878906,196.0,1228603.2012702653,White River
-91.49569004398944,35.0007046265169,74252300080051,210.70796332787455,74252300081,51.900001525878906,246.0,1228813.9092335931,White River
-91.49667670316799,35.00247504378953,74252300080061,224.86159094412884,74252300081,51.900001525878906,246.0,1229038.7708245374,White River
-91.49664454246441,35.00423283683783,74252300080071,188.59482598486068,74252300081,51.900001525878906,247.0,1229227.3656505223,White River
-91.49494804270662,35.005320822264224,74252300080081,200.9653497702024,74252300081,51.900001525878906,215.0,1229428.3310002924,White River
-91.49296958204116,35.0055979024072,74252300080091,185.31265678593493,74252300081,51.900001525878906,218.0,1229613.6436570783,White River
-91.49101047720865,35.00492028873244,74252300080101,207.2741565002591,74252300081,51.900001525878906,225.0,1229820.9178135786,White River
-91.48905538628,35.00397629544435,74252300080111,207.2740303654317,74252300081,51.900001525878906,204.0,1230028.1918439441,White River
-91.48710133689416,35.00297818595132,74252300080121,204.59874255607417,74252300081,51.900001525878906,193.5,1230232.7905865002,White River
-91.48497154064388,35.002599980018054,74252300080131,210.62893056826073,74252300081,51.900001525878906,180.0,1230443.4195170684,White River
-91.48283527450872,35.00257740145321,74252300080141,180.6238508149877,74252300081,51.900001525878906,157.5,1230624.0433678834,White River
-91.4806920108818,35.00292516823788,74252300080151,221.06253304798736,74252300081,51.900001525878906,189.0,1230845.1059009314,White River
-91.47896246963955,35.004012514286195,74252300080161,197.53066487458665,74252300081,51.900001525878906,192.0,1231042.6365658059,White River
-91.47801216212227,35.005623541058824,74252300080171,204.59806830190323,74252300081,51.900001525878906,171.0,1231247.234634108,White River
-91.4772918881935,35.007237446046275,74252300080181,184.71740426629182,74252300081,51.900001525878906,186.5,1231431.952038374,White River
-91.47729217540508,35.00899563441016,74252300080191,217.39743032943522,74252300081,51.900001525878906,208.0,1231649.3494687036,White River
-91.4778866051646,35.01076124465939,74252300080201,187.5575313727142,74252300081,51.900001525878906,228.5,1231836.9070000763,White River
-91.47841030891982,35.01252602790216,74252300080211,224.86033383679214,74252300081,51.900001525878906,231.0,1232061.7673339131,White River
-91.47883041596984,35.01428998486497,74252300080221,183.0003442818856,74252300081,51.900001525878906,214.5,1232244.767678195,White River
-91.4790583237316,35.016052292288705,74252300080231,217.0337631995996,74252300081,51.900001525878906,184.0,1232461.8014413945,White River
-91.4787728130574,35.017805122570046,74252300080241,194.09634074252108,74252300081,51.900001525878906,210.5,1232655.8977821372,White River
-91.47743137470741,35.019221892341385,74252300080251,188.69138499439572,74252300081,51.900001525878906,216.0,1232844.5891671316,White River
-91.47544398277007,35.020008406265674,74252300080261,220.83177637991832,74252300081,51.900001525878906,223.0,1233065.4209435114,White River
-91.47330677068189,35.02000858299917,74252300080271,181.8117582382486,74252300081,52.150001525878906,216.0,1233247.2327017495,White River
-91.47117560156099,35.01968421136873,74252300080281,213.59910654552928,74252300081,52.400001525878906,218.0,1233460.831808295,White River
-91.46887857748492,35.01943885636097,74252300080291,211.22210650083716,74252300081,52.400001525878906,184.0,1233672.053914796,White River
-91.46674390916175,35.01931201099532,74252300080301,183.52852645075504,74252300081,52.400001525878906,192.0,1233855.5824412468,White River
-91.46459913671698,35.01970936677166,74252300080311,219.3443003207216,74252300081,52.400001525878906,189.0,1234074.9267415674,White River
-91.4624184339707,35.02027682798448,74252300080321,168.3188677174688,74252300081,52.400001525878906,181.0,1234243.2456092848,White River
-91.46062507583427,35.0212278485486,74252300080331,219.75876150301676,74252300081,52.400001525878906,150.0,1234463.0043707879,White River
-91.45934648301457,35.02278045419492,74252300080341,201.04129574813965,74252300081,52.400001525878906,153.0,1234664.045666536,White River
-91.45897105417839,35.02445207368031,74252300080351,212.40969728328716,74252300081,52.400001525878906,155.0,1234876.4553638194,White River
-91.45924966804395,35.026187379894395,74252300080361,191.3538442828654,74252300081,52.400001525878906,212.5,1235067.8092081023,White River
-91.46100107615439,35.027480904397116,74252300080371,217.572934512782,74252300081,52.400001525878906,219.5,1235285.382142615,White River
-91.46296245273294,35.0281008431552,74252300080381,187.02807346166293,74252300081,52.400001525878906,189.0,1235472.4102160768,White River
-91.46508874466589,35.028695788289326,74252300080391,218.75011520139955,74252300081,52.400001525878906,189.0,1235691.160331278,White River
-91.46722264296403,35.028885059377004,74252300080401,183.52854748394535,74252300081,52.400001525878906,196.0,1235874.688878762,White River
-91.46918259085545,35.029586027006054,74252300080411,204.59761034783145,74252300081,52.400001525878906,182.0,1236079.28648911,White River
-91.47100351105834,35.03069094445665,74252300080421,205.26934571890737,74252300081,52.400001525878906,178.5,1236284.5558348289,White River
-91.47088120323545,35.03196069998732,74252300080431,187.69194557750404,74252300081,52.400001525878906,286.0,1236472.2477804064,White River
-91.46878572591172,35.033232615269824,74252300080441,209.0261995489046,74252300081,52.400001525878906,213.0,1236681.2739799551,White River
-91.46664665828332,35.03336372238136,74252300080451,212.4103972912102,74252300081,52.400001525878906,180.0,1236893.6843772463,White River
-91.46434421138524,35.03333876797997,74252300080461,211.81603450024588,74252300081,52.400001525878906,199.0,1237105.5004117466,White River
-91.46221121959633,35.033095358529216,74252300080471,181.8111407227731,74252300081,52.400001525878906,197.0,1237287.3115524694,White River
-91.46007012384075,35.03328459014974,74252300080481,207.4762083342811,74252300081,52.400001525878906,208.5,1237494.7877608037,White River
-91.45988087122834,35.034607579478276,74252300080491,178.6168696205863,74252300081,52.400001525878906,522.0,1237673.4046304242,White River
-91.46146401506643,35.03611535249132,74252300080501,256.1884295503819,74252300081,52.400001525878906,279.0,1237929.5930599747,White River
-91.46169409546494,35.037876442803245,74252300090011,162.90217692606063,74252300091,52.400001525878906,214.5,1238092.4952369009,White River
-91.46012085323821,35.03934416620873,74252300090021,218.3313350356986,74252300091,52.400001525878906,245.5,1238310.8265719365,White River
-91.45813586047058,35.03996812314739,74252300090031,192.1792351907342,74252300091,52.400001525878906,243.0,1238503.005807127,White River
-91.45615185607355,35.040537962157345,74252300090041,194.85425158339032,74252300091,52.400001525878906,222.0,1238697.8600587107,White River
-91.45416527777489,35.04124297926976,74252300090051,199.24640239570647,74252300091,52.400001525878906,181.0,1238897.1064611063,White River
-91.4523400105158,35.042112314111584,74252300090061,204.0800341369703,74252300091,52.400001525878906,171.0,1239101.1864952433,White River
-91.45050908702319,35.043279084430985,74252300090071,166.16639483922688,74252300091,52.400001525878906,159.0,1239267.3528900824,White River
-91.4492658964286,35.04466973144696,74252300090081,229.95626577040613,74252300091,52.400001525878906,151.5,1239497.309155853,White River
-91.44782434462381,35.04611192386468,74252300090091,187.06456611431835,74252300091,52.400001525878906,148.0,1239684.3737219672,White River
-91.44648395186579,35.04742015051161,74252300090101,212.40172728874813,74252300091,52.400001525878906,192.0,1239896.775449256,White River
-91.44481878265344,35.04850780809741,74252300090111,205.35450381692613,74252300091,52.400001525878906,162.0,1240102.1299530729,White River
-91.44291876278969,35.04983586559856,74252300090121,209.6270088827131,74252300091,52.400001525878906,175.5,1240311.7569619557,White River
-91.44145440073171,35.05073671245607,74252300090131,198.33440738892088,74252300091,52.400001525878906,150.0,1240510.0913693446,White River
-91.43984200764497,35.05250119380974,74252300090141,202.25793598186885,74252300091,52.400001525878906,170.0,1240712.3493053264,White River
-91.43931837259643,35.05409032688088,74252300090151,209.32894813710348,74252300091,52.400001525878906,158.5,1240921.6782534635,White River
-91.43882708759415,35.05570692209439,74252300090161,185.3094180395585,74252300091,52.400001525878906,158.5,1241106.987671503,White River
-91.43830032021432,35.05745830087518,74252300090171,215.90809677316767,74252300091,52.400001525878906,161.0,1241322.8957682762,White River
-91.4377406412971,35.05920925263078,74252300090181,185.24387041954617,74252300091,52.400001525878906,175.0,1241508.1396386959,White River
-91.43869688878817,35.06081743523017,74252300090191,218.75246557698787,74252300091,52.400001525878906,254.0,1241726.8921042727,White River
-91.44047748462482,35.06059690833564,74252300090201,196.4835994994814,74252300091,52.400001525878906,223.0,1241923.3757037723,White River
-91.44169075505856,35.0590707326046,74252300090211,210.51263334662409,74252300091,52.400001525878906,171.0,1242133.8883371188,White River
-91.44257151427242,35.05772961466363,74252300090221,183.8578126431966,74252300091,52.400001525878906,170.0,1242317.746149762,White River
-91.44434018113648,35.05639988193842,74252300090231,203.25333570851723,74252300091,52.400001525878906,166.0,1242520.9994854706,White River
-91.44648703104464,35.05594052463657,74252300090241,219.34307079813428,74252300091,52.400001525878906,170.0,1242740.3425562687,White River
-91.44863385805596,35.055481128429676,74252300090251,191.419520276742,74252300091,52.400001525878906,190.5,1242931.7620765455,White River
-91.45062440619063,35.05458691862322,74252300090261,214.7243153054808,74252300091,52.400001525878906,194.0,1243146.486391851,White River
-91.45245507647124,35.05344719730888,74252300090271,188.4893913632537,74252300091,52.400001525878906,179.0,1243334.9757832142,White River
-91.45427346438018,35.05295645992834,74252300090281,191.41985833214352,74252300091,52.400001525878906,163.0,1243526.3956415465,White River
-91.45608826822915,35.05265499051236,74252300090291,159.63264776133852,74252300091,52.400001525878906,170.0,1243686.0282893076,White River
-91.45814443991897,35.05176149014817,74252300090301,236.90243489023007,74252300091,52.400001525878906,170.0,1243922.930724198,White River
-91.46038670791981,35.051469562837426,74252300090311,212.938700023163,74252300091,52.400001525878906,240.0,1244135.869424221,White River
-91.46268864850742,35.05149458743893,74252300090321,201.60339849184385,74252300091,52.400001525878906,189.0,1244337.472822713,White River
-91.46448466166396,35.05219355711771,74252300090331,184.30245643587875,74252300091,52.400001525878906,188.5,1244521.7752791487,White River
-91.46624428074215,35.053081381805384,74252300090341,205.71961916590078,74252300091,52.400001525878906,183.0,1244727.4948983146,White River
-91.4677282195714,35.05464191773658,74252300090351,223.68214450894834,74252300091,52.400001525878906,196.0,1244951.1770428238,White River
-91.46968776966051,35.05539697507523,74252300090361,187.0284969742143,74252300091,52.400001525878906,195.5,1245138.205539798,White River
-91.47181985430869,35.05572139493976,74252300090371,211.81653581038083,74252300091,52.400001525878906,219.0,1245350.0220756081,White River
-91.4739584992378,35.055698363167025,74252300090381,181.2176018957988,74252300091,52.400001525878906,210.0,1245531.239677504,White River
-91.47592165379102,35.056259886973216,74252300090391,218.90714952482733,74252300091,52.400001525878906,177.5,1245750.1468270288,White River
-91.47770433527397,35.0576888131992,74252300090401,200.7163516653523,74252300091,52.400001525878906,169.0,1245950.8631786942,White River
-91.47856470448423,35.0591872930226,74252300090411,189.10984379547187,74252300091,52.400001525878906,190.5,1246139.9730224898,White River
-91.47863075472458,35.06094629272103,74252300090421,210.034194116633,74252300091,52.70000076293945,180.0,1246350.0072166063,White River
-91.47843368934178,35.06270199099042,74252300090431,186.43468054203595,74252300091,52.80000305175781,189.5,1246536.4418971483,White River
-91.47754842838745,35.0643138066727,74252300090441,202.50860620533,74252300091,52.900001525878906,190.0,1246738.9505033537,White River
-91.4759141831388,35.0655104729507,74252300090451,192.124937560111,74252300091,52.900001525878906,148.0,1246931.075440914,White River
-91.4744094415604,35.0668169404383,74252300090461,208.61721333107812,74252300091,52.900001525878906,180.5,1247139.6926542448,White River
-91.47226093038383,35.06734962610797,74252300090471,213.5337482047267,74252300091,52.900001525878906,151.0,1247353.2264024497,White River
-91.47012753346002,35.06708758081071,74252300090481,201.3276634913889,74252300091,52.900001525878906,152.5,1247554.554065941,White River
-91.4681702300521,35.06619731301836,74252300090491,200.20531743635763,74252300091,52.900001525878906,152.5,1247754.7593833774,White River
-91.46621853575587,35.06500954916824,74252300090501,234.55754251090562,74252300091,52.900001525878906,148.0,1247989.3169258882,White River
-91.46426689835646,35.063821755126824,74252300100011,169.60607479211572,74252300101,53.60000228881836,193.5,1248158.9230006803,White River
-91.46214072612895,35.063172691189656,74252300100021,217.62705059040886,74252300101,53.60000228881836,175.0,1248376.5500512708,White River
-91.46000798557611,35.06287513973166,74252300100031,181.21683677654053,74252300101,53.60000228881836,150.5,1248557.7668880473,White River
-91.45786814063212,35.06295614240418,74252300100041,212.40984832234372,74252300101,53.60000228881836,156.0,1248770.1767363695,White River
-91.45568572496273,35.0635504897397,74252300100051,201.11188176244124,74252300101,53.60000228881836,170.0,1248971.288618132,White River
-91.45373452798846,35.0640936484273,74252300100061,192.17899590225582,74252300101,53.60000228881836,152.0,1249163.4676140342,White River
-91.45174888405462,35.06471748151694,74252300100071,192.17887631420325,74252300101,53.60000228881836,152.0,1249355.6464903485,White River
-91.44959875986154,35.065339178957004,74252300100081,226.21186027593245,74252300101,53.60000228881836,181.0,1249581.8583506243,White River
-91.44745014065666,35.065881815915105,74252300100091,176.81474372334813,74252300101,53.60000228881836,189.0,1249758.6730943478,White River
-91.4455882797551,35.0669107556919,74252300100101,220.66852246568004,74252300101,53.60000228881836,181.0,1249979.3416168136,White River
-91.44585456002753,35.06848298815906,74252300100111,200.78946554731553,74252300101,54.20000076293945,203.0,1250180.1310823609,White River
-91.4477119609204,35.06942643197342,74252300100121,196.57088186379912,74252300101,54.400001525878906,216.0,1250376.7019642245,White River
-91.44950566694197,35.070260839005805,74252300100131,185.25622553446365,74252300101,54.400001525878906,216.0,1250561.958189759,White River
-91.45112881491445,35.07141762473536,74252300100141,204.1482785216706,74252300101,54.400001525878906,190.0,1250766.1064682808,White River
-91.45271247874373,35.07292551733485,74252300100151,224.25578472763578,74252300101,54.400001525878906,154.5,1250990.3622530084,White River
-91.4538356849102,35.074427519088935,74252300100161,178.38929469631324,74252300101,54.400001525878906,150.0,1251168.7515477047,White River
-91.45482735364058,35.075927834373054,74252300100171,200.2043686152027,74252300101,54.400001525878906,152.5,1251368.9559163197,White River
-91.4555862430536,35.07756041997719,74252300100181,201.921565538556,74252300101,54.400001525878906,155.0,1251570.8774818585,White River
-91.45684114663771,35.07906407179851,74252300100191,217.5398344068234,74252300101,54.400001525878906,143.0,1251788.4173162652,White River
-91.45853036428974,35.08022160137629,74252300100201,206.19450693194386,74252300101,54.400001525878906,150.0,1251994.6118231972,White River
-91.46047670683926,35.081706956440705,74252300100211,202.9491982666602,74252300101,54.400001525878906,159.0,1252197.561021464,White River
-91.46228147332917,35.08199616656067,74252300100221,181.81117800546988,74252300101,54.400001525878906,155.0,1252379.3721994692,White River
-91.46441928003851,35.08202327384754,74252300100231,209.2425945728061,74252300101,54.400001525878906,184.0,1252588.6147940422,White River
-91.46624684079092,35.082834984265375,74252300100241,175.58821275606147,74252300101,54.400001525878906,165.5,1252764.2030067982,White River
-91.46753744896091,35.08420373621598,74252300100251,212.79780298087172,74252300101,54.400001525878906,192.0,1252977.0008097792,White River
-91.46770246357241,35.08593693438469,74252300100261,219.47021258086406,74252300101,54.400001525878906,237.5,1253196.47102236,White River
-91.46609496510217,35.08743132966315,74252300100271,187.0656754711037,74252300101,54.400001525878906,233.0,1253383.536697831,White River
-91.4648523478192,35.088768031781896,74252300100281,213.38121066677843,74252300101,54.400001525878906,202.5,1253596.9179084979,White River
-91.46350591520545,35.09037389054596,74252300100291,214.13955699691894,74252300101,54.400001525878906,255.0,1253811.0574654946,White River
-91.46281745189448,35.09198807823316,74252300100301,182.40530037209842,74252300101,54.400001525878906,233.0,1253993.462765867,White River
-91.46276170858712,35.09374540046,74252300100311,213.59846271405627,74252300101,54.400001525878906,225.0,1254207.0612285808,White River
-91.46320702163385,35.09550939714614,74252300100321,185.8396125393523,74252300101,54.400001525878906,182.0,1254392.9008411202,White River
-91.46341957922348,35.09727172397937,74252300100331,218.7499494141972,74252300101,54.400001525878906,228.0,1254611.6507905344,White River
-91.46284997824336,35.099021119145156,74252300100341,190.46231795055758,74252300101,54.400001525878906,224.5,1254802.113108485,White River
-91.46199689974449,35.100633211205746,74252300100351,211.4643116017996,74252300101,54.400001525878906,181.5,1255013.5774200868,White River
-91.46026806116083,35.101508055909946,74252300100361,190.9042283230917,74252300101,54.400001525878906,275.5,1255204.48164841,White River
-91.45974937776799,35.09992916665915,74252300100371,212.40984534960126,74252300101,54.400001525878906,155.0,1255416.8914937594,White River
-91.46023291999957,35.09817644757311,74252300100381,189.70300814265372,74252300101,54.400001525878906,144.5,1255606.5945019021,White River
-91.46051394457167,35.096422054700255,74252300100391,212.40988904324777,74252300101,54.400001525878906,161.0,1255819.0043909454,White River
-91.46010161270493,35.09465846738973,74252300100401,186.43364800092917,74252300101,54.400001525878906,194.0,1256005.4380389464,White River
-91.45967150196118,35.09303008906423,74252300100411,192.54305532533118,74252300101,54.400001525878906,190.0,1256197.9810942716,White River
-91.45871499355141,35.09139501761224,74252300100421,208.03051185578664,74252300101,54.400001525878906,197.0,1256406.0116061275,White River
-91.45736117364312,35.089890126501324,74252300100431,204.14870668442177,74252300101,54.400001525878906,190.0,1256610.1603128118,White River
-91.45574063750585,35.08857116340386,74252300100441,190.5980636659399,74252300101,54.400001525878906,171.0,1256800.7583764778,White River
-91.45377482723336,35.088113329958745,74252300100451,213.5980252519745,74252300101,54.400001525878906,161.0,1257014.3564017299,White River
-91.4514759578745,35.0878675995754,74252300100461,211.81524411487916,74252300101,54.400001525878906,121.0,1257226.1716458446,White River
-91.4493339204273,35.088029559884134,74252300100471,188.955675052569,74252300101,54.400001525878906,146.0,1257415.1273208973,White River
-91.4484909476088,35.08937071499817,74252300100481,186.43295447028402,74252300101,54.400001525878906,184.0,1257601.5602753675,White River
-91.44937630320837,35.09100544114595,74252300100491,217.57215657309564,74252300101,54.400001525878906,202.0,1257819.1324319406,White River
-91.45089193873281,35.092647730074205,74252300100501,234.55639062377588,74252300101,54.400001525878906,190.0,1258053.6888225644,White River
-91.45234438578517,35.094153951211744,74252300110011,154.2735331165765,74252300111,54.400001525878906,213.0,1258207.962355681,White River
-91.45297177001024,35.09578487118572,74252300110021,213.53231497180437,74252300111,54.400001525878906,219.0,1258421.4946706528,White River
-91.45267277910786,35.09767445162213,74252300110031,213.00357883993595,74252300111,54.400001525878906,208.0,1258634.4982494928,White River
-91.45257375239923,35.09943134092796,74252300110041,181.21629396468464,74252300111,54.400001525878906,152.0,1258815.7145434574,White River
-91.45168807639251,35.10101589286833,74252300110051,209.66048406758165,74252300111,54.400001525878906,202.0,1259025.375027525,White River
-91.4495688686537,35.101592313734685,74252300110061,215.90910108135688,74252300111,54.400001525878906,263.0,1259241.2841286063,White River
-91.44744031283065,35.101123850722956,74252300110071,191.58445194592676,74252300111,54.400001525878906,284.5,1259432.8685805523,White River
-91.44546758009047,35.10101953097809,74252300110081,172.78619721410317,74252300111,54.400001525878906,208.0,1259605.6547777664,White River
-91.44363778435526,35.10204883106389,74252300110091,217.11273339251989,74252300111,54.400001525878906,171.0,1259822.767511159,White River
-91.44282029076416,35.103498948151696,74252300110101,222.54660452772498,74252300111,54.400001525878906,295.0,1260045.3141156866,White River
-91.44387275710238,35.10527061397308,74252300110111,202.87884269200984,74252300111,54.400001525878906,198.0,1260248.1929583787,White River
-91.44427483918915,35.10689903870706,74252300110121,182.4042432885463,74252300111,54.400001525878906,238.0,1260430.5972016673,White River
-91.44377815409396,35.108515212290065,74252300110131,192.17831252472763,74252300111,54.400001525878906,257.5,1260622.775514192,White River
-91.44262842578752,35.110123349903674,74252300110141,223.680416201938,74252300111,54.400001525878906,249.0,1260846.455930394,White River
-91.44128377469134,35.111593726940335,74252300110151,178.38863327857595,74252300111,54.650001525878906,268.0,1261024.8445636726,White River
-91.44013652990483,35.113066628840116,74252300110161,216.81312709335148,74252300111,54.900001525878906,257.0,1261241.6576907658,White River
-91.43892084436752,35.11467387950041,74252300110171,201.92054542936387,74252300111,54.900001525878906,258.0,1261443.5782361953,White River
-91.43809745548124,35.11642141535829,74252300110181,215.84267590168403,74252300111,54.900001525878906,189.0,1261659.4209120967,White River
-91.43836010230564,35.118182944366936,74252300110191,201.32559453360727,74252300111,54.900001525878906,224.0,1261860.7465066304,White River
-91.43968110049394,35.119687620372005,74252300110201,200.13931374048923,74252300111,54.900001525878906,275.0,1262060.8858203709,White River
-91.44113895026888,35.120923558913915,74252300110211,169.7313781801531,74252300111,54.900001525878906,264.5,1262230.617198551,White River
-91.44259684351582,35.12215948102491,74252300110221,208.15604658912153,74252300111,54.900001525878906,254.0,1262438.7732451402,White River
-91.44395346861243,35.12352932736377,74252300110231,196.1313123221949,74252300111,54.900001525878906,212.0,1262634.9045574623,White River
-91.44537596705152,35.124900003946635,74252300110241,196.13140044142554,74252300111,54.900001525878906,190.0,1262831.0359579038,White River
-91.44696051924078,35.126407982992944,74252300110251,235.70557091337562,74252300111,54.900001525878906,213.0,1263066.7415288172,White River
-91.44785134077182,35.128042299475496,74252300110261,193.13658218804395,74252300111,54.900001525878906,190.0,1263259.8781110053,White River
-91.4484788683547,35.12967323836914,74252300110271,188.7443467323081,74252300111,54.900001525878906,151.5,1263448.6224577376,White River
-91.44933427317292,35.13144233223866,74252300110281,227.1697813623003,74252300111,54.900001525878906,169.0,1263675.7922391,White River
-91.45009352407199,35.13307494833292,74252300110291,173.03887257152917,74252300111,55.0,150.0,1263848.8311116714,White River
-91.45105031301789,35.1347100851549,74252300110301,222.77762839117915,74252300111,55.29999923706055,143.0,1264071.6087400627,White River
-91.451222210563,35.136605536412624,74252300110311,211.22089968447202,74252300111,55.54999923706055,121.0,1264282.829639747,White River
-91.4510469889521,35.1383615698591,74252300110321,188.15029931480393,74252300111,55.875,129.5,1264470.979939062,White River
-91.44996433736688,35.13988947868781,74252300110331,208.61567083282063,74252300111,55.900001525878906,149.0,1264679.5956098947,White River
-91.44800767211301,35.14061334647423,74252300110341,185.24471140336428,74252300111,55.900001525878906,121.0,1264864.840321298,White River
-91.4458688714333,35.14054026887538,74252300110351,218.51853811236907,74252300111,55.900001525878906,120.0,1265083.3588594105,White River
-91.44391012032087,35.13964958089693,74252300110361,185.25599203111858,74252300111,55.900001525878906,42.0,1265268.6148514415,White River
-91.44235366139138,35.138385358163845,74252300110371,200.13952383915603,74252300111,55.900001525878906,84.0,1265468.7543752806,White River
-91.44119434031947,35.13701803275142,74252300110381,185.25577707685375,74252300111,55.900001525878906,117.0,1265654.0101523576,White River
-91.43970587420503,35.13564645821896,74252300110391,233.6155899854862,74252300111,55.900001525878906,127.0,1265887.625742343,White River
-91.43774627595529,35.13480126734359,74252300110401,202.1961352019476,74252300111,55.900001525878906,150.0,1266089.821877545,White River
-91.43560660960642,35.13478640003166,74252300110411,180.62130806742726,74252300111,55.900001525878906,172.5,1266270.4431856123,White River
-91.43345969284373,35.13513308712714,74252300110421,221.05941534015798,74252300111,55.900001525878906,228.0,1266491.5026009525,White River
-91.43130860854089,35.13570031762798,74252300110431,187.55505095611528,74252300111,55.900001525878906,225.5,1266679.0576519086,White River
-91.42932572403393,35.1360803523849,74252300110441,208.0280013889464,74252300111,55.900001525878906,171.5,1266887.0856532976,White River
-91.42811259038612,35.13752351674469,74252300110451,208.02782923075137,74252300111,55.900001525878906,223.0,1267095.1134825284,White River
-91.42943785010576,35.1388136794177,74252300110461,179.14646040072276,74252300111,55.900001525878906,237.0,1267274.259942929,White River
-91.43123233468496,35.139675424059526,74252300110471,216.8126050621571,74252300111,55.900001525878906,195.0,1267491.0725479913,White River
-91.43301856384096,35.14096980799026,74252300110481,204.14717893938092,74252300111,55.900001525878906,233.0,1267695.2197269306,White River
-91.43440565574036,35.142475394660295,74252300110491,214.1376327630262,74252300111,55.900001525878906,240.0,1267909.3573596936,White River
-91.43519503183103,35.14424372943335,74252300110501,217.03091580237177,74252300111,55.900001525878906,184.0,1268126.388275496,White River
-91.4351943023251,35.146001855931075,74252300120011,154.1163987840377,74252300121,55.900001525878906,176.0,1268280.50467428,White River
-91.4342100222711,35.147530887527545,74252300120021,202.63741594411704,74252300121,55.900001525878906,171.0,1268483.1420902242,White River
-91.43378488811449,35.1493646041509,74252300120031,214.125288880088,74252300121,55.900001525878906,199.0,1268697.2673791042,White River
-91.4337789413646,35.15112230272017,74252300120041,183.52660593781297,74252300121,55.900001525878906,214.5,1268880.793985042,White River
-91.43470267123588,35.152757560893505,74252300120051,215.768074330051,74252300121,55.900001525878906,249.0,1269096.562059372,White River
-91.43673109740597,35.15345996064022,74252300120061,214.71985469058484,74252300121,55.900001525878906,251.0,1269311.2819140626,White River
-91.43886608716245,35.15373093418012,74252300120071,182.4041165543098,74252300121,55.900001525878906,218.0,1269493.686030617,White River
-91.44101450876455,35.153352874172775,74252300120081,217.03148205566015,74252300121,55.900001525878906,208.0,1269710.7175126725,White River
-91.44332135508961,35.15327434810274,74252300120091,210.03213729484543,74252300121,55.900001525878906,180.0,1269920.7496499675,White River
-91.44545791202731,35.15349112347898,74252300120101,183.59291394375217,74252300121,55.900001525878906,187.0,1270104.342563911,White River
-91.44759139892545,35.153870111740595,74252300120111,214.19187817707325,74252300121,55.900001525878906,170.0,1270318.5344420883,White River
-91.44972490711757,35.15424906268703,74252300120121,183.5931627585467,74252300121,55.900001525878906,161.0,1270502.1276048468,White River
-91.45186151064227,35.15446572637493,74252300120131,210.62691513070837,74252300121,55.900001525878906,150.0,1270712.7545199776,White River
-91.45416633944441,35.15449516128146,74252300120141,210.03285924241155,74252300121,55.900001525878906,150.0,1270922.78737922,White River
-91.45630705146641,35.15449121516951,74252300120151,181.81091470696342,74252300121,55.900001525878906,158.0,1271104.598293927,White River
-91.45844776503529,35.154495626214164,74252300120161,220.46696398600457,74252300121,55.900001525878906,180.0,1271325.065257913,White River
-91.46040703333635,35.15538609024398,74252300120171,193.27354207921942,74252300121,55.900001525878906,169.0,1271518.338799992,White River
-91.46189620359476,35.15675742430116,74252300120181,186.59014620862837,74252300121,55.900001525878906,159.0,1271704.9289462008,White River
-91.462590068714,35.15838913173396,74252300120191,216.43860919597256,74252300121,55.900001525878906,152.0,1271921.3675553969,White River
-91.4624582027916,35.16014559775982,74252300120201,186.43385517091895,74252300121,55.900001525878906,152.0,1272107.8014105677,White River
-91.46153602783014,35.16189202738018,74252300120211,226.57650365819433,74252300121,55.900001525878906,157.0,1272334.377914226,White River
-91.46058750789851,35.16328648651701,74252300120221,171.20777859201587,74252300121,55.900001525878906,155.0,1272505.5856928178,White River
-91.4597650666366,35.16498007183503,74252300120231,199.24679312013185,74252300121,55.900001525878906,191.0,1272704.832485938,White River
-91.45871360331708,35.166589591628465,74252300120241,210.70574815411456,74252300121,55.900001525878906,192.0,1272915.538234092,White River
-91.45703894974042,35.16805592231011,74252300120251,210.75183418950076,74252300121,55.900001525878906,197.0,1273126.2900682816,White River
-91.45521236360555,35.168844085246285,74252300120261,209.68853724074992,74252300121,55.900001525878906,171.0,1273335.9786055223,White River
-91.45306307994585,35.169245222171455,74252300120271,182.99918167708518,74252300121,55.900001525878906,139.5,1273518.9777871994,White River
-91.45109177217063,35.169007842268016,74252300120281,192.54274819211267,74252300121,55.900001525878906,200.0,1273711.5205353915,White River
-91.44912920879065,35.168279473432264,74252300120291,197.5291064854561,74252300121,55.900001525878906,244.5,1273909.049641877,White River
-91.44717336576328,35.16719953264577,74252300120301,215.47177914757248,74252300121,55.900001525878906,241.5,1274124.5214210246,White River
-91.44521448632149,35.16628181098001,74252300120311,210.7049409346822,74252300121,55.900001525878906,216.0,1274335.2263619592,White River
-91.44325307439065,35.165499266483664,74252300120321,194.8536079716796,74252300121,55.900001525878906,202.5,1274530.079969931,White River
-91.44112498612856,35.16482273832665,74252300120331,219.34286945421508,74252300121,55.900001525878906,189.0,1274749.4228393852,White River
-91.43898969890438,35.164570347629294,74252300120341,181.8099488069294,74252300121,55.900001525878906,201.0,1274931.232788192,White River
-91.4368420076763,35.164875729831245,74252300120351,213.8635668346804,74252300121,55.900001525878906,186.5,1275145.0963550268,White River
-91.4348166911837,35.16571511447359,74252300120361,194.0972472872225,74252300121,55.900001525878906,171.0,1275339.193602314,White River
-91.43318339097515,35.166721826251944,74252300120371,210.18758446897522,74252300121,55.900001525878906,150.0,1275549.381186783,White River
-91.43216535854916,35.16827744404011,74252300120381,202.21225793259012,74252300121,55.900001525878906,223.0,1275751.5934447155,White River
-91.43137417407229,35.17002532763793,74252300120391,191.41849144229104,74252300121,55.900001525878906,199.5,1275943.011936158,White River
-91.43084901477562,35.171641411691944,74252300120401,190.46046223884727,74252300121,55.900001525878906,182.0,1276133.4723983968,White River
-91.42986276685025,35.17325151555448,74252300120411,210.70382476792838,74252300121,55.900001525878906,171.0,1276344.1762231647,White River
-91.42841904759486,35.17466633797121,74252300120421,192.12217461662448,74252300121,55.900001525878906,190.0,1276536.2983977813,White River
-91.42659257242286,35.1754270156852,74252300120431,180.08300476490038,74252300121,55.900001525878906,175.0,1276716.381402546,White River
-91.42443671979596,35.1761833806004,74252300120441,240.73264743090562,74252300121,55.900001525878906,170.0,1276957.1140499772,White River
-91.42229232542161,35.17634479827022,74252300120451,181.80899049380184,74252300121,55.900001525878906,150.5,1277138.9230404708,White River
-91.42047203709582,35.17678088639637,74252300120461,197.98287448466547,74252300121,55.900001525878906,200.0,1277336.9059149555,White River
-91.42093362696649,35.17846388505602,74252300120471,202.5911788506565,74252300121,55.900001525878906,205.0,1277539.4970938063,White River
-91.42306292979977,35.17907810955419,74252300120481,215.84186597522412,74252300121,55.900001525878906,165.0,1277755.3389597815,White River
-91.42537050826603,35.17900852507409,74252300120491,210.03096742759067,74252300121,55.900001525878906,105.0,1277965.369927209,White River
-91.42767079200115,35.179308895070015,74252300120501,222.07353487880647,74252300121,55.900001525878906,336.0,1278187.4434620878,White River
-91.42980121321034,35.17987749977464,74252400010011,151.2107509115728,74252400011,55.900001525878906,67.0,1278338.6542129994,Little Red River
-91.43176958177196,35.18030872843585,74252400010021,190.46064792817555,74252400011,55.900001525878906,298.5,1278529.1148609275,Little Red River
-91.43373330227243,35.18098329801823,74252400010031,190.82455453149123,74252400011,55.900001525878906,370.0,1278719.939415459,Little Red River
-91.43587469492792,35.18099243572914,74252400010041,211.22008635687214,74252400011,55.900001525878906,270.0,1278931.159501816,Little Red River
-91.43801091447845,35.18125493591213,74252400010051,185.30963957615597,74252400011,55.900001525878906,67.0,1279116.469141392,Little Red River
-91.44014508240943,35.1815386301559,74252400010061,213.59720095363647,74252400011,55.900001525878906,60.0,1279330.0663423457,Little Red River
-91.44228649668034,35.18163458933421,74252400010071,181.2159323564045,74252400011,55.900001525878906,77.5,1279511.282274702,Little Red River
-91.44442791230715,35.18163506931501,74252400010081,221.1936036531321,74252400011,55.900001525878906,92.0,1279732.4758783553,Little Red River
-91.44601247719945,35.182926743149494,74252400010091,191.86136786579922,74252400011,55.900001525878906,63.0,1279924.337246221,Little Red River
-91.44601967125612,35.18454965733916,74252400010101,180.02759410987278,74252400011,55.900001525878906,60.0,1280104.3648403308,Little Red River
-91.44618383533228,35.18630989221837,74252400010111,215.31459937819812,74252400011,55.900001525878906,67.0,1280319.679439709,Little Red River
-91.44680915912527,35.188076042900335,74252400010121,194.85372570968266,74252400011,55.900001525878906,67.0,1280514.5331654188,Little Red River
-91.4476347226018,35.18970951711097,74252400010131,192.17863836635215,74252400011,55.900001525878906,70.0,1280706.711803785,Little Red River
-91.44836149539924,35.19134171970465,74252400010141,199.24610256711554,74252400011,55.900001525878906,83.5,1280905.9579063521,Little Red River
-91.4494202814884,35.19284292988232,74252400010151,185.25631363706856,74252400011,55.900001525878906,96.0,1281091.2142199893,Little Red River
-91.45070970137351,35.19434708233181,74252400010161,215.76922725920818,74252400011,55.900001525878906,85.5,1281306.9834472486,Little Red River
-91.45254625686857,35.19480333936453,74252400010171,193.57899467018566,74252400011,55.900001525878906,63.0,1281500.5624419188,Little Red River
-91.45349991204493,35.19316558909446,74252400010181,215.90931380466264,74252400011,55.900001525878906,54.0,1281716.4717557235,Little Red River
-91.45367011665084,35.19140956911386,74252400010191,181.21646011470972,74252400011,55.900001525878906,69.0,1281897.688215838,Little Red River
-91.45383006312677,35.18965354823655,74252400010201,211.22114027454114,74252400011,55.900001525878906,60.0,1282108.9093561126,Little Red River
-91.45432196103886,35.188036939847464,74252400010211,201.3184873684271,74252400011,56.25,60.5,1282310.227843481,Little Red River
-91.45602746677355,35.18670629126679,74252400010221,194.17342103580802,74252400011,57.400001525878906,54.0,1282504.4012645169,Little Red River
-91.45817362311219,35.18645896190099,74252400010231,211.2215838079626,74252400011,57.5,36.0,1282715.6228483247,Little Red River
-91.46031976787384,35.1862199833392,74252400010241,187.02809169075576,74252400011,57.900001525878906,48.0,1282902.6509400157,Little Red River
-91.46227743890933,35.18548751112549,74252400010251,208.61654816712155,74252400011,57.900001525878906,58.5,1283111.2674881828,Little Red River
-91.46342383244816,35.18409555765002,74252400010261,196.84988708827052,74252400011,57.900001525878906,87.0,1283308.117375271,Little Red River
-91.46499176481443,35.183118821979136,74252400010271,180.95509414300713,74252400011,57.900001525878906,132.5,1283489.072469414,Little Red River
-91.46662138409297,35.184000850058425,74252400010281,202.36368789512073,74252400011,57.900001525878906,218.0,1283691.436157309,Little Red River
-91.46824495075907,35.18521569875578,74252400010291,197.52957382122145,74252400011,57.900001525878906,238.0,1283888.9657311302,Little Red River
-91.47038850653966,35.185157472898226,74252400010301,211.22238945844845,74252400011,57.900001525878906,229.0,1284100.1881205887,Little Red River
-91.47253104585216,35.185103374214975,74252400010311,189.10974589708758,74252400011,57.900001525878906,92.0,1284289.2978664858,Little Red River
-91.47451950435132,35.184510473534665,74252400010321,188.15185408644487,74252400011,57.900001525878906,75.0,1284477.4497205722,Little Red River
-91.4760869229925,35.18520393883836,74252400010331,196.93578164914888,74252400011,57.900001525878906,98.0,1284674.3855022215,Little Red River
-91.47481048240033,35.18653861567093,74252400010341,214.71523261499996,74252400011,57.900001525878906,112.5,1284889.1007348364,Little Red River
-91.47281843280737,35.187352002811544,74252400010351,208.0316354764411,74252400011,57.900001525878906,42.0,1285097.132370313,Little Red River
-91.47124544538019,35.18865751627595,74252400010361,197.44365031213778,74252400011,57.900001525878906,48.0,1285294.576020625,Little Red River
-91.47091858024999,35.19027628187618,74252400010371,181.21744046576586,74252400011,57.900001525878906,63.0,1285475.793461091,Little Red River
-91.47085776685326,35.19203358340979,74252400010381,216.8030233939073,74252400011,57.900001525878906,67.0,1285692.5964844846,Little Red River
-91.47237816868176,35.19327000898318,74252400010391,188.51552479922074,74252400011,57.900001525878906,61.5,1285881.1120092839,Little Red River
-91.47435975032616,35.19302451238638,74252400010401,197.53067584919697,74252400011,57.900001525878906,58.5,1286078.642685133,Little Red River
-91.4763514212317,35.19223814562275,74252400010411,199.2479455969695,74252400011,57.900001525878906,63.0,1286277.89063073,Little Red River
-91.47834204606566,35.191505828817434,74252400010421,204.59838476327232,74252400011,57.900001525878906,63.0,1286482.4890154933,Little Red River
-91.48033112539567,35.19093572897447,74252400010431,192.54451451692995,74252400011,57.900001525878906,63.0,1286675.0335300104,Little Red River
-91.48178932888919,35.19217121346169,74252400010441,223.65111802738252,74252400011,57.900001525878906,63.0,1286898.6846480377,Little Red River
-91.48208101446556,35.19393306979846,74252400010451,181.21807308632668,74252400011,57.900001525878906,61.5,1287079.902721124,Little Red River
-91.48231688741434,35.19569409934999,74252400010461,213.59989367216812,74252400011,57.900001525878906,67.0,1287293.5026147962,Little Red River
-91.48261362556241,35.197455954015126,74252400010471,182.4065380230446,74252400011,57.900001525878906,65.0,1287475.9091528193,Little Red River
-91.48264681812951,35.19921450487244,74252400010481,210.03462571277123,74252400011,57.900001525878906,60.0,1287685.9437785319,Little Red River
-91.4826141200198,35.20097222942468,74252400010491,180.0296791991552,74252400011,57.900001525878906,60.0,1287865.973457731,Little Red River
-91.48311157366462,35.20257430801791,74252400010501,197.44442224235715,74252400011,57.900001525878906,71.0,1288063.4178799735,Little Red River
-91.48509134765992,35.20243680878917,74252400010511,223.58592665064563,74252400011,57.900001525878906,63.0,1288287.003806624,Little Red River
-91.4861113481436,35.200745529725296,74252400010521,199.24846577801083,74252400011,57.900001525878906,67.0,1288486.2522724022,Little Red River
-91.48719569015222,35.1991361898377,74252400010531,201.92369744241353,74252400011,57.900001525878906,48.0,1288688.1759698445,Little Red River
-91.4879505482842,35.1975227247935,74252400010541,188.74675179011683,74252400011,57.900001525878906,63.0,1288876.9227216346,Little Red River
-91.48880420562793,35.19591048746341,74252400010551,201.9237954738035,74252400011,57.900001525878906,48.0,1289078.8465171084,Little Red River
-91.48985298223131,35.1944359185771,74252400010561,178.39142739828185,74252400011,57.900001525878906,67.0,1289257.2379445068,Little Red River
-91.4910005466521,35.192962570963395,74252400010571,200.20676384722356,74252400011,57.900001525878906,67.0,1289457.444708354,Little Red River
-91.49162600199682,35.191212225511535,74252400010581,215.31766208597128,74252400011,57.900001525878906,63.0,1289672.76237044,Little Red River
-91.49238069434207,35.18959872674948,74252400010591,186.59196246036709,74252400011,57.900001525878906,63.0,1289859.3543329004,Little Red River
-91.49420741470283,35.188864091647204,74252400010601,190.8281743720858,74252400011,57.900001525878906,67.0,1290050.1825072723,Little Red River
-91.49617039642177,35.189564708821436,74252400010611,204.599509484039,74252400011,57.900001525878906,84.0,1290254.7820167565,Little Red River
-91.49829513534037,35.19048367421532,74252400010621,242.26648593643358,74252400011,57.900001525878906,63.0,1290497.048502693,Little Red River
-91.50028219202653,35.191725477312886,74252400020011,174.67206832698724,74252400021,57.900001525878906,65.0,1290671.72057102,Little Red River
-91.50064767834802,35.193352903504596,74252400020021,185.24766030261833,74252400021,57.900001525878906,61.5,1290856.9682313225,Little Red River
-91.49966499453784,35.1948283879377,74252400020031,185.25921985447442,74252400021,57.900001525878906,42.0,1291042.227451177,Little Red River
-91.49819060820198,35.19616252388108,74252400020041,200.14307809703715,74252400021,57.900001525878906,42.0,1291242.370529274,Little Red River
-91.49704063270889,35.19777115154531,74252400020051,223.1447154270886,74252400021,57.900001525878906,67.0,1291465.5152447012,Little Red River
-91.49707413637617,35.19952970616772,74252400020061,184.71873922415665,74252400021,57.900001525878906,67.0,1291650.2339839253,Little Red River
-91.49773609862962,35.20116081891916,74252400020071,206.31599727469666,74252400021,57.900001525878906,67.0,1291856.5499812,Little Red River
-91.49905950051101,35.20266488903006,74252400020081,196.13478481372155,74252400021,57.900001525878906,63.0,1292052.6847660136,Little Red River
-91.50085414910647,35.203633815720636,74252400020091,194.09797433506898,74252400021,57.900001525878906,63.0,1292246.7827403487,Little Red River
-91.50273955784674,35.2032514244714,74252400020101,212.67946615269932,74252400021,57.900001525878906,60.0,1292459.4622065015,Little Red River
-91.50333190456134,35.201500609590354,74252400020111,185.31331253014378,74252400021,57.900001525878906,57.0,1292644.7755190316,Little Red River
-91.50438049868269,35.200025911335366,74252400020121,196.70981481803796,74252400021,57.900001525878906,54.0,1292841.4853338497,Little Red River
-91.50552541111465,35.19841802501345,74252400020131,225.22624715684714,74252400021,57.900001525878906,63.0,1293066.7115810066,Little Red River
-91.50503298601464,35.196788171530336,74252400020141,169.60827148640774,74252400021,57.900001525878906,67.0,1293236.319852493,Little Red River
-91.50400605308177,35.19528782877941,74252400020151,201.92475367807054,74252400021,57.900001525878906,48.0,1293438.244606171,Little Red River
-91.50350624096907,35.1935235717563,74252400020161,213.6012875383497,74252400021,57.900001525878906,60.0,1293651.8458937095,Little Red River
-91.50322146177783,35.19162654522052,74252400020171,211.8186077807311,74252400021,57.900001525878906,60.0,1293863.66450149,Little Red River
-91.50377332364765,35.19001052647136,74252400020181,176.47544554804068,74252400021,57.900001525878906,67.0,1294040.1399470381,Little Red River
-91.50524651558648,35.18873040066469,74252400020191,192.70152230064386,74252400021,57.900001525878906,84.0,1294232.8414693389,Little Red River
-91.50723681185323,35.187997599653464,74252400020201,218.75316229577973,74252400021,57.900001525878906,75.0,1294451.5946316347,Little Red River
-91.50937794379699,35.1880239769951,74252400020211,196.34365322345283,74252400021,57.900001525878906,63.0,1294647.938284858,Little Red River
-91.51096933116254,35.189287783327856,74252400020221,183.15937957233962,74252400021,57.900001525878906,67.0,1294831.0976644303,Little Red River
-91.51179867309733,35.190785640568976,74252400020231,201.9252163710703,74252400021,57.900001525878906,67.0,1295033.0228808015,Little Red River
-91.51308923644669,35.19228915711796,74252400020241,200.1439742626566,74252400021,57.900001525878906,84.0,1295233.166855064,Little Red River
-91.51488137447421,35.19339308760476,74252400020251,208.03431161169817,74252400021,57.900001525878906,63.0,1295441.2011666757,Little Red River
-91.51701380757086,35.193856045954995,74252400020261,215.91369732347567,74252400021,57.900001525878906,48.0,1295657.1148639992,Little Red River
-91.5191629569888,35.19349962611207,74252400020271,188.74865812478146,74252400021,57.900001525878906,54.0,1295845.863522124,Little Red River
-91.52114639254216,35.19314519059153,74252400020281,183.53175883196533,74252400021,57.900001525878906,67.0,1296029.395280956,Little Red River
-91.52328865178144,35.1931592680162,74252400020291,211.82004260863638,74252400021,57.900001525878906,75.0,1296241.2153235646,Little Red River
-91.52543139962735,35.193062210058116,74252400020301,183.0032642819688,74252400021,57.900001525878906,61.0,1296424.2185878465,Little Red River
-91.52732329420238,35.19230083135875,74252400020311,211.29590913191333,74252400021,57.900001525878906,65.0,1296635.5144969786,Little Red River
-91.52857093987754,35.190720141528615,74252400020321,207.2766434524213,74252400021,57.900001525878906,67.0,1296842.7911404308,Little Red River
-91.52968482264569,35.18924600751378,74252400020331,185.8356234854645,74252400021,57.900001525878906,67.0,1297028.6267639163,Little Red River
-91.53128936849055,35.1879671541682,74252400020341,196.7114232944382,74252400021,57.900001525878906,63.0,1297225.3381872107,Little Red River
-91.53327651135115,35.18745424912815,74252400020351,215.32052090819323,74252400021,57.900001525878906,80.0,1297440.658708119,Little Red River
-91.53540940200136,35.18788181545305,74252400020361,186.43816867053096,74252400021,57.900001525878906,65.0,1297627.0968767896,Little Red River
-91.53738488409041,35.18795581035103,74252400020371,187.9250367553612,74252400021,57.900001525878906,75.0,1297815.021913545,Little Red River
-91.53954007896468,35.18721331282208,74252400020381,222.91725247639133,74252400021,57.900001525878906,67.0,1298037.9391660213,Little Red River
-91.54164054834752,35.187659489960865,74252400020391,201.84032461326956,74252400021,57.900001525878906,75.0,1298239.7794906346,Little Red River
-91.54266616230348,35.18926770069358,74252400020401,196.5766561148165,74252400021,57.900001525878906,80.5,1298436.3561467493,Little Red River
-91.54308871708085,35.19089581272479,74252400020411,181.22143004855477,74252400021,57.900001525878906,63.0,1298617.577576798,Little Red River
-91.5428034450051,35.1926504165204,74252400020421,220.83637938643705,74252400021,57.900001525878906,54.0,1298838.4139561844,Little Red River
-91.54122998859391,35.19403799113232,74252400020431,169.67943723059963,74252400021,57.900001525878906,63.0,1299008.093393415,Little Red River
-91.53940454659354,35.19477334151389,74252400020441,229.85150230954582,74252400021,57.900001525878906,84.0,1299237.9448957245,Little Red River
-91.53741629180881,35.19539850321092,74252400020451,176.47731140299098,74252400021,57.900001525878906,63.0,1299414.4222071276,Little Red River
-91.53574677065035,35.196622553011935,74252400020461,208.16213604109302,74252400021,57.900001525878906,84.0,1299622.5843431687,Little Red River
-91.53463288995229,35.19809674132348,74252400020471,192.3826734909344,74252400021,57.900001525878906,82.0,1299814.9670166594,Little Red River
-91.53445116081525,35.199852513888956,74252400020481,213.00906963695965,74252400021,57.900001525878906,67.0,1300027.9760862966,Little Red River
-91.53483330476837,35.20161546393567,74252400020491,187.03226617637145,74252400021,57.900001525878906,67.0,1300215.008352473,Little Red River
-91.53546309800956,35.20324599006818,74252400020501,188.74948455248267,74252400021,57.900001525878906,65.0,1300403.7578370254,Little Red River
-91.53626008067964,35.20474329229987,74252400020511,190.60285126253208,74252400021,57.900001525878906,75.0,1300594.360688288,Little Red River
-91.53788322319588,35.20611532813162,74252400020521,204.1538794268013,74252400021,57.900001525878906,84.0,1300798.5145677147,Little Red River
-91.53967746005421,35.20713777694729,74252400020531,203.64348294370058,74252400021,57.900001525878906,84.0,1301002.1580506584,Little Red River
-91.54180897046439,35.20773148794951,74252400020541,216.44405138264915,74252400021,57.900001525878906,60.0,1301218.602102041,Little Red River
-91.54411539843736,35.207759248100515,74252400020551,212.41560239707457,74252400021,57.900001525878906,60.0,1301431.0177044382,Little Red River
-91.5462614231595,35.207537643889665,74252400020561,182.41018938510194,74252400021,57.900001525878906,60.0,1301613.4278938232,Little Red River
-91.54840840060636,35.207269832361234,74252400020571,215.3215125188701,74252400021,57.900001525878906,63.0,1301828.7494063422,Little Red River
-91.5505587294991,35.20680872504377,74252400020581,187.03325123657783,74252400021,57.900001525878906,67.0,1302015.7826575786,Little Red River
-91.5525418928269,35.20648082309115,74252400020591,185.31617115139784,74252400021,58.650001525878906,65.0,1302201.0988287302,Little Red River
-91.5546926594087,35.205992598670605,74252400020601,216.44487245110412,74252400021,59.400001525878906,67.0,1302417.5437011812,Little Red River
-91.55683574458888,35.205933090769875,74252400020611,181.81652910371764,74252400021,59.400001525878906,63.5,1302599.360230285,Little Red River
-91.55898169534096,35.20571914644904,74252400020621,216.44514692089066,74252400021,59.400001525878906,60.0,1302815.8053772058,Little Red River
-91.56097196056622,35.20498546221802,74252400020631,174.67527781383714,74252400021,59.400001525878906,63.0,1302990.4806550196,Little Red River
-91.56208451853152,35.20356510963295,74252400020641,207.27872201451828,74252400021,59.400001525878906,57.5,1303197.7593770341,Little Red River
-91.56349641807378,35.20198600693638,74252400020651,223.68881069683727,74252400021,60.400001525878906,65.0,1303421.448187731,Little Red River
-91.5654865532198,35.20125224488605,74252400020661,186.43983616672173,74252400021,60.400001525878906,65.0,1303607.8880238978,Little Red River
-91.56762998803916,35.20116942910554,74252400020671,213.01129459097112,74252400021,60.400001525878906,60.0,1303820.8993184888,Little Red River
-91.56976393621596,35.20162743448072,74252400020681,193.1439328718459,74252400021,60.400001525878906,71.0,1304014.0432513605,Little Red River
-91.57172701772431,35.202435018421916,74252400020691,193.50784462246926,74252400021,60.400001525878906,80.5,1304207.551095983,Little Red River
-91.57341253084185,35.202157357222646,74252400020701,191.3524685595511,74252400021,60.400001525878906,65.0,1304398.9035645425,Little Red River
-91.57459545476448,35.20046722906211,74252400020711,211.47163714773774,74252400021,60.400001525878906,67.0,1304610.3752016902,Little Red River
-91.57606870460297,35.199132135092285,74252400020721,169.7384232685784,74252400021,60.400001525878906,63.0,1304780.1136249588,Little Red River
-91.57773675010588,35.19796160258319,74252400020731,218.91401332862097,74252400021,60.400001525878906,79.5,1304999.0276382875,Little Red River
-91.57972336998401,35.1974169022993,74252400020741,187.03483645779252,74252400021,60.400001525878906,63.0,1305186.0624747453,Little Red River
-91.58187327979903,35.19695522777209,74252400020751,225.46189971026985,74252400021,60.400001525878906,63.0,1305411.5243744554,Little Red River
-91.58402786006064,35.196223082600596,74252400020761,196.57913486786163,74252400021,60.400001525878906,58.5,1305608.1035093234,Little Red River
-91.58601533618412,35.19562419054898,74252400020771,187.03517419110943,74252400021,60.400001525878906,67.0,1305795.1386835144,Little Red River
-91.58795673429893,35.19578209090666,74252400020781,196.85638259138815,74252400021,60.400001525878906,76.0,1305991.9950661059,Little Red River
-91.58866093484737,35.19752284342093,74252400020791,215.91814064881004,74252400021,60.400001525878906,67.0,1306207.9132067547,Little Red River
-91.5884281677987,35.19927681117335,74252400020801,181.8180826456221,74252400021,60.400001525878906,65.0,1306389.7312894003,Little Red River
-91.58898845278051,35.20090631606425,74252400020811,213.18902948408214,74252400021,60.400001525878906,63.0,1306602.9203188843,Little Red River
-91.590679729719,35.20219730236849,74252400020821,192.13168197306845,74252400021,60.400001525878906,75.0,1306795.0520008574,Little Red River
-91.5924759715753,35.20313785309877,74252400020831,199.2548705637749,74252400021,60.400001525878906,60.0,1306994.3068714212,Little Red River
-91.59444258908891,35.20375577188619,74252400020841,190.47005897026546,74252400021,60.400001525878906,63.0,1307184.7769303916,Little Red River
-91.59657677124186,35.20420948975154,74252400020851,215.8532674287565,74252400021,60.400001525878906,67.0,1307400.6301978203,Little Red River
-91.5987235239663,35.203940641169325,74252400020861,184.72441567178345,74252400021,60.5,64.5,1307585.354613492,Little Red River
-91.60087211937574,35.20355976113734,74252400020871,215.9190221532538,74252400021,60.60000228881836,63.0,1307801.2736356454,Little Red River
-91.60301745353763,35.203368145710854,74252400020881,180.63048292541532,74252400021,60.60000228881836,61.5,1307981.9041185707,Little Red River
-91.60515630402813,35.20355509950834,74252400020891,215.32505187036514,74252400021,60.60000228881836,67.0,1308197.2291704412,Little Red River
-91.607123034676,35.204172814697316,74252400020901,173.0471629211287,74252400021,60.60000228881836,63.0,1308370.2763333623,Little Red River
-91.60891352086708,35.205464690873036,74252400020911,246.59310084560136,74252400021,60.60000228881836,84.0,1308616.869434208,Little Red River
-91.42731746920703,35.18054851796806,74252500010011,154.2724082539906,74252500011,55.900001525878906,296.0,1278341.7158703418,White River
-91.42567803827949,35.18185256952356,74252500010021,213.17840953148178,74252500011,55.900001525878906,129.5,1278554.8942798732,White River
-91.42522116567075,35.183603827210675,74252500010031,214.12474150331545,74252500011,55.900001525878906,136.0,1278769.0190213765,White River
-91.42590927939058,35.185236581409804,74252500010041,194.02985171082,74252500011,55.900001525878906,127.0,1278963.0488730874,White River
-91.42753117578262,35.186555960897735,74252500010051,200.13863380715364,74252500011,55.900001525878906,127.0,1279163.1875068946,White River
-91.42898894931446,35.187846141649736,74252500010061,208.3924592945895,74252500011,55.900001525878906,112.5,1279371.579966189,White River
-91.4303767277735,35.189351782237026,74252500010071,190.59657630685302,74252500011,55.900001525878906,117.0,1279562.176542496,White River
-91.43071046265288,35.19084375030843,74252500010081,184.12067381211398,74252500011,55.900001525878906,121.5,1279746.297216308,White River
-91.42955978023099,35.19242466436242,74252500010091,223.679625069345,74252500011,55.900001525878906,128.0,1279969.9768413773,White River
-91.42756976810557,35.19304800100649,74252500010101,184.714850202217,74252500011,55.900001525878906,128.0,1280154.6916915798,White River
-91.4254348473303,35.192749762710285,74252500010111,216.4362772450886,74252500011,55.900001525878906,147.0,1280371.1279688247,White River
-91.42330203666766,35.19228923884549,74252500010121,188.1488405810466,74252500011,55.900001525878906,132.5,1280559.2768094058,White River
-91.42116715839047,35.19193684289022,74252500010131,211.81333287648727,74252500011,55.900001525878906,121.0,1280771.0901422822,White River
-91.4188602609127,35.19196083481395,74252500010141,211.21897189973586,74252500011,55.900001525878906,120.0,1280982.309114182,White River
-91.41672016613337,35.19190150427784,74252500010151,181.80868274272606,74252500011,55.900001525878906,121.0,1281164.1177969247,White River
-91.41473742438744,35.1921774035006,74252500010161,190.45963584370315,74252500011,55.900001525878906,110.0,1281354.5774327684,White River
-91.41274309587345,35.19307090517911,74252500010171,227.6866696009317,74252500011,55.900001525878906,127.0,1281582.2641023693,White River
-91.41129556398596,35.1946477480578,74252500010181,202.67727258246572,74252500011,55.900001525878906,122.0,1281784.9413749517,White River
-91.41053923669985,35.19626069681722,74252500010191,188.74212794957737,74252500011,55.900001525878906,123.0,1281973.6835029013,White River
-91.41017555884522,35.198014036500986,74252500010201,211.2181981942929,74252500011,55.900001525878906,120.0,1282184.9017010957,White River
-91.41014130093214,35.199771700921296,74252500010211,181.21393953588142,74252500011,55.900001525878906,113.5,1282366.1156406316,White River
-91.4097775958342,35.2015250377663,74252500010221,213.00078245706496,74252500011,55.900001525878906,121.0,1282579.1164230886,White River
-91.40941123675243,35.20341357742019,74252500010231,211.8123567802867,74252500011,55.900001525878906,120.0,1282790.9287798689,White River
-91.40927811781616,35.20516994088154,74252500010241,182.40230106294973,74252500011,55.900001525878906,120.5,1282973.331080932,White River
-91.40901320542775,35.206924571585816,74252500010251,212.40653061064188,74252500011,55.900001525878906,123.0,1283185.7376115425,White River
-91.40855059630073,35.20867660211181,74252500010261,185.30778413588968,74252500011,55.900001525878906,123.0,1283371.0453956784,White River
-91.40789291806163,35.210290825316804,74252500010271,194.85131918867546,74252500011,55.900001525878906,119.0,1283565.896714867,White River
-91.40680952348683,35.2117642025176,74252500010281,185.25380919657528,74252500011,55.900001525878906,117.0,1283751.1505240637,White River
-91.40510058523094,35.213202280471755,74252500010291,239.13610411712688,74252500011,55.900001525878906,127.0,1283990.2866281809,White River
-91.40310722326501,35.21401448142268,74252500010301,190.4589455960301,74252500011,55.900001525878906,124.0,1284180.7455737768,White River
-91.4009607429917,35.21422957453328,74252500010311,219.70388437287443,74252500011,55.900001525878906,155.0,1284400.4494581497,White River
-91.39899546251948,35.213608544322575,74252500010321,166.16847927895734,74252500011,55.900001525878906,150.0,1284566.6179374286,White River
-91.39736926959216,35.212505112192815,74252500010331,200.13673648808805,74252500011,55.900001525878906,148.0,1284766.7546739168,White River
-91.39574684564278,35.21121237390949,74252500010341,219.19895800706072,74252500011,55.900001525878906,150.0,1284985.9536319238,White River
-91.39453208983028,35.209573330051654,74252500010351,202.67548123492926,74252500011,55.900001525878906,167.0,1285188.6291131587,White River
-91.39432808279079,35.20794782668975,74252500010361,187.02403476685393,74252500011,55.900001525878906,156.0,1285375.6531479256,White River
-91.39407682757701,35.206186244925085,74252500010371,212.99969669568134,74252500011,55.900001525878906,203.0,1285588.6528446213,White River
-91.39390578035884,35.20429076997518,74252500010381,217.5568119573104,74252500011,55.900001525878906,189.0,1285806.2096565785,White River
-91.3936768372283,35.20252962396967,74252500010391,180.61877121556682,74252500011,55.900001525878906,135.5,1285986.8284277942,White River
-91.39397500424127,35.200775471089855,74252500010401,212.99967919903796,74252500011,55.900001525878906,123.0,1286199.828106993,White River
-91.39433904326074,35.19902219050183,74252500010411,182.99560106588953,74252500011,55.900001525878906,125.5,1286382.823708059,White River
-91.39448944411461,35.19726628692877,74252500010421,211.8113143247019,74252500011,55.900001525878906,150.0,1286594.6350223839,White River
-91.3941776428527,35.19550382952599,74252500010431,188.74111905164534,74252500011,55.900001525878906,128.0,1286783.3761414355,White River
-91.3932872280671,35.193869144783285,74252500010441,201.91766950755468,74252500011,55.900001525878906,150.0,1286985.293810943,White River
-91.39233096703887,35.19223357928049,74252500010451,208.0261978559286,74252500011,55.900001525878906,150.0,1287193.320008799,White River
-91.39087798121999,35.190726645152914,74252500010461,204.14448568387593,74252500011,55.900001525878906,127.0,1287397.4644944828,White River
-91.38924914367885,35.18978535964034,74252500010471,181.81928386448908,74252500011,55.900001525878906,129.0,1287579.2837783473,White River
-91.38746045892243,35.18859849303462,74252500010481,223.6766025513684,74252500011,55.900001525878906,117.0,1287802.9603808986,White River
-91.38550552977387,35.187490527543346,74252500010491,208.02582654170726,74252500011,55.900001525878906,115.0,1288010.9862074403,White River
-91.38354262002207,35.186788142117045,74252500010501,192.17479487527217,74252500011,55.900001525878906,123.0,1288203.1610023156,White River
-91.38140808419811,35.186475921262385,74252500010511,211.8105824550129,74252500011,55.900001525878906,134.0,1288414.9715847706,White River
-91.37942107343818,35.18694943152789,74252500010521,175.71013149669758,74252500011,55.900001525878906,136.0,1288590.6817162673,White River
-91.37772026879702,35.18798152037742,74252500010531,210.7003006648589,74252500011,55.900001525878906,144.0,1288801.3820169321,White River
-91.37673277955798,35.18959115383102,74252500010541,199.24147786494004,74252500011,55.900001525878906,111.5,1289000.6234947972,White River
-91.37597313728472,35.1913390736655,74252500010551,215.90389508955616,74252500011,55.900001525878906,108.0,1289216.5273898868,White River
-91.3754111036527,35.19308963951949,74252500010561,190.4570445471198,74252500011,55.900001525878906,108.0,1289406.9844344337,White River
-91.3751233454369,35.19484373881396,74252500010571,214.12125350981663,74252500011,55.900001525878906,120.0,1289621.1056879435,White River
-91.37626724032016,35.19642800109962,74252500010581,190.01856021516872,74252500011,55.900001525878906,105.0,1289811.124248159,White River
-91.378066676001,35.197074220219804,74252500010591,188.14605247252626,74252500011,55.900001525878906,127.5,1289999.2703006314,White River
-91.38037423613693,35.197023969394735,74252500010601,244.71997582037517,74252500011,55.900001525878906,134.0,1290243.9902764517,White River
-91.38285133046337,35.19673690888595,74252500020011,182.92957411943834,74252500021,55.900001525878906,128.0,1290426.919850571,White River
-91.3849904239353,35.19686925419961,74252500020021,183.52389090393422,74252500021,55.900001525878906,146.5,1290610.443741475,White River
-91.38695679458779,35.197409377746666,74252500020031,212.03340833781104,74252500021,55.900001525878906,104.0,1290822.477149813,White River
-91.38844222872441,35.198943837967306,74252500020041,201.91662702461454,74252500021,55.900001525878906,158.5,1291024.3937768375,White River
-91.3889648745286,35.20057417242974,74252500020051,186.42949228291357,74252500021,55.900001525878906,156.0,1291210.8232691204,White River
-91.38867194237243,35.202327871778586,74252500020061,218.1506345433977,74252500021,55.900001525878906,137.0,1291428.9739036637,White River
-91.38768180749949,35.20407279533951,74252500020071,204.59239462759504,74252500021,55.900001525878906,150.0,1291633.5662982913,White River
-91.38670018867096,35.20538505886534,74252500020081,193.15157833933574,74252500021,55.900001525878906,144.0,1291826.7178766308,White River
-91.38528648991904,35.20688088533634,74252500020091,181.81900093974093,74252500021,55.900001525878906,129.0,1292008.5368775704,White River
-91.3841395281629,35.208217968591725,74252500020101,185.25243008422876,74252500021,55.900001525878906,127.0,1292193.7893076546,White River
-91.3824340346726,35.209466434452935,74252500020111,212.03312778829934,74252500021,55.900001525878906,129.5,1292405.822435443,White River
-91.38060958843931,35.2100641386381,74252500020121,187.1600892142792,74252500021,55.900001525878906,150.0,1292592.9825246574,White River
-91.3786404201896,35.21130902163874,74252500020131,225.34268370968712,74252500021,55.900001525878906,117.0,1292818.3252083668,White River
-91.37762077549087,35.21286412689295,74252500020141,190.22680005339518,74252500021,55.900001525878906,117.5,1293008.5520084205,White River
-91.37768787349256,35.214460840868625,74252500020151,219.70541273326606,74252500021,55.900001525878906,123.0,1293228.2574211536,White River
-91.37950614955575,35.215837583106484,74252500020161,181.81871264925405,74252500021,55.900001525878906,150.0,1293410.0761338028,White River
-91.38147132200679,35.216454520514795,74252500020171,215.83899621766528,74252500021,55.900001525878906,155.0,1293625.9151300206,White River
-91.38378318484943,35.21623253762006,74252500020181,213.5278646620846,74252500021,55.900001525878906,142.0,1293839.4429946826,White River
-91.38592653849402,35.21619823331916,74252500020191,181.80686900718052,74252500021,55.900001525878906,121.0,1294021.2498636898,White River
-91.38806668272599,35.21627646386495,74252500020201,213.52816772418734,74252500021,55.900001525878906,106.0,1294234.778031414,White River
-91.39020042614905,35.21671057747824,74252500020211,191.41610955564795,74252500021,55.900001525878906,124.0,1294426.1941409695,White River
-91.39186008398862,35.217787502107186,74252500020221,192.11992246047924,74252500021,55.900001525878906,105.0,1294618.31406343,White River
-91.3933465022899,35.21929486874605,74252500020231,222.3350209875187,74252500021,55.900001525878906,106.5,1294840.6490844176,White River
-91.39386937476128,35.2209251816401,74252500020241,185.83561909864284,74252500021,55.900001525878906,86.0,1295026.4847035164,White River
-91.39272500607248,35.22239710767451,74252500020251,212.04546396848457,74252500021,55.900001525878906,112.5,1295238.5301674847,White River
-91.39073503803579,35.22298838720698,74252500020261,192.9028584782876,74252500021,55.900001525878906,115.0,1295431.4330259631,White River
-91.38877123657363,35.22231748906211,74252500020271,195.80823254997486,74252500021,55.900001525878906,152.5,1295627.241258513,White River
-91.3869084671753,35.22150829258257,74252500020281,207.16176124854468,74252500021,55.900001525878906,147.0,1295834.4030197617,White River
-91.38501331970105,35.22067158795572,74252500020291,178.385577436165,74252500021,55.900001525878906,129.0,1296012.7885971977,White River
-91.38322028469534,35.219673931790226,74252500020301,224.25103806938074,74252500021,55.900001525878906,112.5,1296237.039635267,White River
-91.38126039121786,35.21878220890376,74252500020311,190.2271798358171,74252500021,55.900001525878906,153.5,1296427.266815103,White River
-91.37928441180998,35.2187060811046,74252500020321,185.2406862470803,74252500021,55.900001525878906,136.0,1296612.50750135,White River
-91.37728851903265,35.21962159641372,74252500020331,227.68405597862977,74252500021,55.900001525878906,132.0,1296840.1915573287,White River
-91.37603699843115,35.22122767088791,74252500020341,196.93018124745308,74252500021,55.95000076293945,128.0,1297037.121738576,White River
-91.37619969043293,35.22298795197873,74252500020351,214.19921578814225,74252500021,56.150001525878906,149.0,1297251.3209543643,White River
-91.37755678122181,35.22435853536292,74252500020361,187.84046437714065,74252500021,56.20000076293945,159.0,1297439.1614187413,White River
-91.37915212333326,35.225353627538794,74252500020371,196.93048762088242,74252500021,56.20000076293945,150.5,1297636.0919063622,White River
-91.3811148334836,35.226110184854605,74252500020381,196.56684265390908,74252500021,56.20000076293945,158.5,1297832.6587490162,White River
-91.3830802637827,35.22673150867827,74252500020391,192.53857593892477,74252500021,56.20000076293945,166.0,1298025.1973249551,White River
-91.38470653195031,35.22783513285073,74252500020401,209.94239851556478,74252500021,56.20000076293945,150.0,1298235.1397234707,White River
-91.38616003467288,35.22934214696049,74252500020411,204.71888481696095,74252500021,56.20000076293945,148.0,1298439.8586082875,White River
-91.38711925239727,35.23084255720994,74252500020421,199.24221272720425,74252500021,57.20000076293945,150.0,1298639.1008210147,White River
-91.38780414990806,35.23260985376556,74252500020431,216.20308871485054,74252500021,57.20000076293945,210.0,1298855.3039097297,White River
-91.38770880222982,35.2343666106949,74252500020441,180.02425623532827,74252500021,57.20000076293945,180.0,1299035.328165965,White River
-91.38741034923046,35.23612073185678,74252500020451,217.02768333635814,74252500021,57.20000076293945,170.0,1299252.3558493014,White River
-91.38678229433621,35.23787045790401,74252500020461,188.74071252650774,74252500021,57.20000076293945,137.0,1299441.096561828,White River
-91.38628604907237,35.239621937802646,74252500020471,215.31049982006897,74252500021,57.20000076293945,123.0,1299656.4070616479,White River
-91.385592019971,35.24137077616706,74252500020481,190.45774883405676,74252500021,57.20000076293945,188.5,1299846.864810482,White River
-91.38506544524381,35.24298660671728,74252500020491,185.30640108571583,74252500021,57.20000076293945,213.0,1300032.1712115677,White River
-91.38437404113836,35.24460023342947,74252500020501,200.20003106356032,74252500021,57.20000076293945,228.5,1300232.3712426312,White River
-91.38315521565242,35.24620680863664,74252500020511,208.38943975320475,74252500021,57.20000076293945,246.0,1300440.7606823845,White River
-91.38138565166747,35.24731914747551,74252500020521,211.82286473490606,74252500021,57.20000076293945,176.0,1300652.5835471193,White River
-91.37967873667374,35.24859458401217,74252500020531,205.71419386787048,74252500021,57.20000076293945,138.0,1300858.2977409873,White River
-91.37784799620916,35.249462622121634,74252500020541,176.46852512351663,74252500021,57.20000076293945,105.0,1301034.7662661108,White River
-91.37601667767228,35.2503576714153,74252500020551,217.5672902442405,74252500021,57.20000076293945,149.0,1301252.333556355,White River
-91.37418640002407,35.2511986114534,74252500020561,179.71808178177255,74252500021,57.20000076293945,148.0,1301432.0516381369,White River
-91.37260952833313,35.252556834844796,74252500020571,223.67553224095093,74252500021,57.20000076293945,133.5,1301655.7271703777,White River
-91.3711590529212,35.254187213497374,74252500020581,190.253741059918,74252500021,57.20000076293945,150.0,1301845.9809114377,White River
-91.37040188266354,35.255772819738624,74252500020591,214.4758044566429,74252500021,57.20000076293945,119.0,1302060.4567158944,White River
-91.36957549885507,35.25751977246843,74252500020601,222.77191930612022,74252500021,57.20000076293945,143.0,1302283.2286352005,White River
-91.36908145859046,35.25940547498397,74252500030011,182.99414958188316,74252500031,57.20000076293945,152.0,1302466.2227847825,White River
-91.36881004142526,35.26116086328104,74252500030021,187.3863040778188,74252500031,57.20000076293945,118.0,1302653.6090888602,White River
-91.36877752063563,35.26278327282513,74252500030031,185.83413121056816,74252500031,57.20000076293945,136.5,1302839.4432200708,White River
-91.36947031944072,35.26441546080558,74252500030041,202.87414183951523,74252500031,57.20000076293945,135.5,1303042.3173619104,White River
-91.37109225620297,35.265762638111525,74252500030051,210.1164370067284,74252500031,57.20000076293945,144.0,1303252.433798917,White River
-91.37305314214561,35.266654546613935,74252500030061,201.91579749056797,74252500031,57.20000076293945,125.5,1303454.3495964077,White River
-91.37502595304508,35.266915639261924,74252500030071,188.50973198588377,74252500031,57.20000076293945,114.0,1303642.8593283936,White River
-91.37718628378462,35.26611502206793,74252500030081,227.20023860615083,74252500031,57.20000076293945,159.0,1303870.0595669996,White River
-91.37833636648348,35.26466988098869,74252500030091,210.95397892468665,74252500031,57.20000076293945,214.0,1304081.0135459243,White River
-91.37817358117802,35.262909610947546,74252500030101,187.02310982992242,74252500031,57.20000076293945,210.5,1304268.0366557543,White River
-91.37788431891104,35.2611475721925,74252500030111,212.40444360269277,74252500031,57.20000076293945,128.0,1304480.4410993569,White River
-91.37741945199673,35.2593833217651,74252500030121,186.4288634620189,74252500031,57.20000076293945,125.5,1304666.869962819,White River
-91.37729505005176,35.25762349204909,74252500030131,211.2160027231409,74252500031,57.20000076293945,135.0,1304878.0859655421,White River
-91.37742359704902,35.25586719925032,74252500030141,187.38683097505353,74252500031,57.20000076293945,125.0,1305065.4727965172,White River
-91.37811524179519,35.25425362136197,74252500030151,194.09034423869346,74252500031,57.20000076293945,128.5,1305259.5631407558,White River
-91.37910084754336,35.252779215339636,74252500030161,189.83506974325667,74252500031,57.20000076293945,150.0,1305449.3982104992,White River
-91.38094240696739,35.25137035301928,74252500030171,232.2672653035168,74252500031,57.20000076293945,137.0,1305681.6654758027,White River
-91.38293260834642,35.25081072603054,74252500030181,184.71222108996764,74252500031,57.20000076293945,163.0,1305866.3776968927,White River
-91.38507526331425,35.25080789444039,74252500030191,213.59349257917697,74252500031,57.20000076293945,151.0,1306079.9711894717,White River
-91.38738488375282,35.25072611114233,74252500030201,210.62267220960598,74252500031,57.20000076293945,120.0,1306290.5938616814,White River
-91.38951951862015,35.25116025848697,74252500030211,197.52539906728373,74252500031,57.20000076293945,143.5,1306488.1192607486,White River
-91.39151484010574,35.25197118312129,74252500030221,206.81577981186817,74252500031,57.20000076293945,159.0,1306694.9350405606,White River
-91.39260573480709,35.25350034779671,74252500030231,197.27763663829467,74252500031,57.20000076293945,159.0,1306892.212677199,White River
-91.3941613916837,35.25487338707555,74252500030241,200.13653563613383,74252500031,57.20000076293945,169.0,1307092.349212835,White River
-91.39545337037745,35.256242909870785,74252500030251,192.12018952106246,74252500031,57.20000076293945,127.0,1307284.469402356,White River
-91.39681132597568,35.25761329349719,74252500030261,196.12849385141664,74252500031,57.20000076293945,127.0,1307480.5978962074,White River
-91.39816666621086,35.25911886554894,74252500030271,223.67740912538898,74252500031,57.20000076293945,129.0,1307704.2753053328,White River
-91.39932158760027,35.26075700916962,74252500030281,197.52593093941886,74252500031,57.20000076293945,128.0,1307901.8012362723,White River
-91.39967998385038,35.26238467762958,74252500030291,181.80759627624354,74252500031,57.20000076293945,123.0,1308083.6088325486,White River
-91.39929232534823,35.263921191391745,74252500030301,220.3255160155642,74252500031,57.20000076293945,150.0,1308303.9343485641,White River
-91.39732262801235,35.265139300246275,74252500030311,176.46967096255383,74252500031,57.20000076293945,150.0,1308480.4040195267,White River
-91.39532950081666,35.2658702088929,74252500030321,232.51635411312557,74252500031,57.20000076293945,137.0,1308712.9203736398,White River
-91.39333633883993,35.26660108365084,74252500030331,184.34471041135023,74252500031,57.20000076293945,155.5,1308897.265084051,White River
-91.39147395587482,35.26738775920753,74252500030341,163.22820512614152,74252500031,57.20000076293945,165.0,1309060.4932891773,White River
-91.38974074590223,35.268311362736654,74252500030351,205.34524793944334,74252500031,57.20000076293945,159.0,1309265.8385371168,White River
-91.38833024813901,35.26959085895791,74252500030361,241.49089846517927,74252500031,57.20000076293945,136.0,1309507.3294355818,White River
-91.38677977423359,35.27127418369895,74252500030371,189.26088078223424,74252500031,57.20000076293945,129.0,1309696.590316364,White River
-91.38562920343841,35.27274644533479,74252500030381,211.28657950253842,74252500031,57.20000076293945,108.0,1309907.8768958666,White River
-91.38379152167964,35.273939040824686,74252500030391,214.134392015907,74252500031,57.20000076293945,117.0,1310122.0112878825,White River
-91.38180398060949,35.2743722733623,74252500030401,183.52381113719764,74252500031,57.20000076293945,155.5,1310305.5350990198,White River
-91.37966771096355,35.273992056690325,74252500030411,218.7444633519914,74252500031,57.20000076293945,134.0,1310524.2795623718,White River
-91.37753146285368,35.27361180257094,74252500030421,182.4006505727641,74252500031,57.20000076293945,137.0,1310706.6802129445,White River
-91.37539415593129,35.273285591839546,74252500030431,212.40447906930362,74252500031,57.20000076293945,134.0,1310919.0846920137,White River
-91.37324713394575,35.27344606657627,74252500030441,186.4287721406144,74252500031,57.20000076293945,130.0,1311105.5134641544,White River
-91.3712909042062,35.27396068909256,74252500030451,203.03787353193468,74252500031,57.20000076293945,142.5,1311308.5513376864,White River
-91.36958055068534,35.27537115891918,74252500030461,209.22445883167128,74252500031,57.20000076293945,144.5,1311517.775796518,White River
-91.36833069165718,35.276841911600286,74252500030471,208.0246616901136,74252500031,57.20000076293945,125.5,1311725.8004582082,White River
-91.36753972042004,35.27845408212718,74252500030481,187.02246542629464,74252500031,57.20000076293945,123.0,1311912.8229236344,White River
-91.36707032735595,35.280205008628755,74252500030491,212.99790197957964,74252500031,57.20000076293945,123.0,1312125.820825614,White River
-91.36714210716119,35.2819648380207,74252500040011,155.8302104629008,74252500041,57.20000076293945,129.5,1312281.651036077,White River
-91.36799447680609,35.283734459398744,74252500040021,225.44689977142866,74252500041,57.20000076293945,155.0,1312507.0979358484,White River
-91.36888528730124,35.285369319756654,74252500040031,183.1512116249312,74252500041,57.20000076293945,138.0,1312690.2491474734,White River
-91.37017729355046,35.28673910754669,74252500040041,214.41049661677258,74252500041,57.20000076293945,169.0,1312904.65964409,White River
-91.37180129755892,35.288005162761515,74252500040051,180.77360085697117,74252500041,57.20000076293945,148.0,1313085.433244947,White River
-91.37359782257758,35.28889485359129,74252500040061,201.91657411039188,74252500041,57.20000076293945,144.0,1313287.3498190574,White River
-91.37572958589566,35.2895185477613,74252500040071,215.83869199753659,74252500041,59.0,155.0,1313503.188511055,White River
-91.3778786490029,35.289276919937954,74252500040081,195.8075926936741,74252500041,59.29999923706055,139.0,1313698.9961037487,White River
-91.37964811715852,35.28821874612675,74252500040091,188.68574607239253,74252500041,59.29999923706055,117.0,1313887.681849821,White River
-91.3804167488215,35.28660693670519,74252500040101,217.3910339032687,74252500041,57.95000076293945,128.0,1314105.0728837242,White River
-91.38004525487202,35.284843139625295,74252500040111,190.45745610885885,74252500041,57.20000076293945,134.0,1314295.530339833,White River
-91.3793547784225,35.283075806089286,74252500040121,217.62137505826965,74252500041,57.20000076293945,128.0,1314513.1517148914,White River
-91.37919464472782,35.281180339942715,74252500040131,210.6219710381722,74252500041,57.20000076293945,120.0,1314723.7736859296,White River
-91.37962537984798,35.27942802805596,74252500040141,190.4574146336471,74252500041,57.20000076293945,115.0,1314914.2311005632,White River
-91.38064425684536,35.277954064572235,74252500040151,180.77408600595317,74252500041,57.20000076293945,129.0,1315095.0051865692,White River
-91.38241451354423,35.27684176001493,74252500040161,227.10981938186,74252500041,57.20000076293945,84.0,1315322.1150059511,White River
-91.38441446657158,35.275786592154745,74252500040171,200.20017174799563,74252500041,57.20000076293945,108.0,1315522.315177699,White River
-91.38640363987973,35.27527219636684,74252500040181,188.7408594624829,74252500041,57.20000076293945,108.0,1315711.0560371615,White River
-91.38855122930424,35.27508444830399,74252500040191,210.62278551763652,74252500041,57.20000076293945,120.0,1315921.6788226792,White River
-91.39068918028238,35.27538338866984,74252500040201,188.74112823227895,74252500041,57.20000076293945,123.0,1316110.4199509115,White River
-91.39249206257844,35.275948313973664,74252500040211,199.31196817233268,74252500041,57.20000076293945,125.0,1316309.7319190837,White River
-91.39427628665474,35.27745962792365,74252500040221,195.54801735361997,74252500041,57.20000076293945,127.0,1316505.2799364375,White River
-91.39573615513554,35.27869613916623,74252500040231,212.16132606080697,74252500041,57.20000076293945,127.0,1316717.4412624983,White River
-91.39725669111782,35.28020391216347,74252500040241,213.75125708429965,74252500041,57.20000076293945,108.0,1316931.1925195826,White River
-91.3975927866085,35.28183158302366,74252500040251,182.40169706860274,74252500041,57.20000076293945,136.5,1317113.594216651,White River
-91.39702784832275,35.283446580675346,74252500040261,207.06793892780323,74252500041,57.20000076293945,150.0,1317320.6621555788,White River
-91.3957097211795,35.28505195228894,74252500040271,209.9432296018104,74252500041,57.20000076293945,118.5,1317530.6053851808,White River
-91.39458941303587,35.28665993465524,74252500040281,201.9178716430847,74252500041,57.20000076293945,108.0,1317732.523256824,White River
-91.39366693529848,35.28827053358026,74252500040291,193.1334059267987,74252500041,57.20000076293945,104.5,1317925.6566627505,White River
-91.39313750651226,35.290021585201885,74252500040301,214.18814731424234,74252500041,57.20000076293945,108.0,1318139.8448100649,White River
-91.39310276366153,35.2917792082149,74252500040311,190.82206435856554,74252500041,57.20000076293945,113.5,1318330.6668744234,White River
-91.39446071424234,35.2931766656147,74252500040321,214.28915140581836,74252500041,57.20000076293945,151.0,1318544.9560258293,White River
-91.39660289795407,35.29326793526383,74252500040331,181.2133966642302,74252500041,57.20000076293945,131.5,1318726.1694224935,White River
-91.39875254655054,35.29301719321093,74252500040341,220.82672357412375,74252500041,57.20000076293945,147.0,1318946.9961460675,White River
-91.400904842,35.292610733064286,74252500040351,188.1475756643307,74252500041,57.20000076293945,137.5,1319135.1437217318,White River
-91.40305711766393,35.292208596508885,74252500040361,214.18900303277795,74252500041,57.20000076293945,128.0,1319349.3327247647,White River
-91.40520247667868,35.29215576630425,74252500040371,181.2139020798644,74252500041,57.20000076293945,121.0,1319530.5466268447,White River
-91.40734677466689,35.29215697924872,74252500040381,212.4066993527137,74252500041,57.20000076293945,121.0,1319742.9533261973,White River
-91.40949107433241,35.292158153941024,74252500040391,187.91768702594595,74252500041,57.20000076293945,124.0,1319930.8710132232,White River
-91.41124880019245,35.29337135132987,74252500040401,220.81959373408338,74252500041,57.20000076293945,128.0,1320151.6906069573,White River
-91.41230550272341,35.29500808171342,74252500040411,195.80968492630393,74252500041,57.20000076293945,125.5,1320347.5002918837,White River
-91.41253503178366,35.2967691841105,74252500040421,212.40689473373502,74252500041,57.70000076293945,121.0,1320559.9071866174,White River
-91.41193997622148,35.298519458881174,74252500040431,186.43101370123202,74252500041,57.70000076293945,122.0,1320746.3382003186,White River
-91.41180667569785,35.30027579588444,74252500040441,210.0300406572736,74252500041,57.20000076293945,105.0,1320956.3682409758,White River
-91.41177232327504,35.302033431946654,74252500040451,180.0257491522495,74252500041,57.20000076293945,90.0,1321136.393990128,White River
-91.41226838379507,35.303662796319784,74252500040461,213.17764931419362,74252500041,57.20000076293945,95.0,1321349.5716394424,White River
-91.41420082597891,35.30436002339506,74252500040471,188.51217663228178,74252500041,57.20000076293945,108.5,1321538.0838160745,White River
-91.41571209249703,35.303031780942824,74252500040481,225.36370895416565,74252500041,57.20000076293945,129.0,1321763.4475250288,White River
-91.41624113442502,35.3012806235061,74252500040491,188.74259637658733,74252500041,57.20000076293945,132.0,1321952.1901214053,White River
-91.41713034494421,35.29966941596565,74252500050011,172.27880540783116,74252500051,57.20000076293945,129.0,1322124.4689268132,White River
-91.41844567555688,35.2981990130035,74252500050021,200.13816887765964,74252500051,57.20000076293945,127.0,1322324.6070956907,White River
-91.4201179901295,35.297030782477506,74252500050031,192.12180528924569,74252500051,57.20000076293945,127.0,1322516.72890098,White River
-91.4217913069941,35.29580844592342,74252500050041,212.16313398168518,74252500051,57.20000076293945,127.0,1322728.8920349616,White River
-91.42346352472217,35.29464016612814,74252500050051,192.12200877976983,74252500051,57.20000076293945,127.0,1322921.0140437414,White River
-91.42513674242866,35.29341778020216,74252500050061,204.14685800020413,74252500051,57.20000076293945,127.0,1323125.1609017416,White River
-91.42696853748954,35.29252200418914,74252500050071,195.81071497988412,74252500051,57.20000076293945,123.0,1323320.9716167215,White River
-91.42911547341923,35.292387627236806,74252500050081,210.0313670915228,74252500051,57.20000076293945,90.0,1323531.0029838132,White River
-91.4314241802464,35.29241759611709,74252500050091,211.21993294893832,74252500051,57.20000076293945,105.0,1323742.222916762,White River
-91.43355964514463,35.2928780388438,74252500050101,200.9618100242027,74252500051,57.20000076293945,126.0,1323943.1847267863,White River
-91.43528477648664,35.29409046916725,74252500050111,196.1309804311299,74252500051,57.20000076293945,148.0,1324139.3157072174,White River
-91.43647651305278,35.29559350349031,74252500050121,207.270864664136,74252500051,57.20000076293945,160.5,1324346.5865718815,White River
-91.43733585782377,35.297227469394656,74252500050131,189.86679298593606,74252500051,57.20000076293945,155.0,1324536.4533648675,White River
-91.43756593565162,35.298988537902204,74252500050141,214.12574453540822,74252500051,57.20000076293945,151.0,1324750.5791094028,White River
-91.43780641873676,35.30074960571831,74252500050151,181.215668695402,74252500051,57.20000076293945,129.0,1324931.7947780984,White River
-91.43807649503565,35.30251152507979,74252500050161,213.59706095842634,74252500051,57.20000076293945,94.0,1325145.3918390567,White River
-91.43769545055272,35.30426449474252,74252500050171,195.81129893141923,74252500051,57.20000076293945,104.5,1325341.203137988,White River
-91.43628295824766,35.30565270981701,74252500050181,201.99816385153613,74252500051,58.25,127.0,1325543.2013018397,White River
-91.4342907121233,35.30630311675873,74252500050191,192.17809458502896,74252500051,59.29999923706055,123.0,1325735.3793964246,White River
-91.43213506342065,35.306870228958545,74252500050201,222.77668404723187,74252500051,59.29999923706055,123.0,1325958.1560804718,White River
-91.43014223390152,35.30754760653511,74252500050211,175.71315963231208,74252500051,59.29999923706055,127.0,1326133.8692401042,White River
-91.4284729743112,35.30855372746395,74252500050221,192.12235388584583,74252500051,59.29999923706055,127.0,1326325.99159399,White River
-91.42666700639761,35.30980147333863,74252500050231,225.01271357078423,74252500051,59.29999923706055,96.0,1326551.0043075609,White River
-91.42676806284463,35.31139859231157,74252500050241,215.84224170125984,74252500051,59.29999923706055,159.0,1326766.846549262,White River
-91.4289154988948,35.31126423208064,74252500050251,187.02637450231623,74252500051,59.29999923706055,142.0,1326953.8729237644,White River
-91.43106397406275,35.311080032829835,74252500050261,210.62572690992312,74252500051,59.29999923706055,120.0,1327164.4986506742,White River
-91.43320513882831,35.31126580473364,74252500050271,187.4685841825576,74252500051,59.29999923706055,94.0,1327351.967234857,White River
-91.4342552123883,35.31274096587604,74252500050281,216.43688087126108,74252500051,59.29999923706055,125.0,1327568.404115728,White River
-91.43344363206683,35.314298219836445,74252500050291,193.20000443500902,74252500051,59.29999923706055,150.0,1327761.6041201632,White River
-91.43190832202606,35.31519793179348,74252500050301,183.85753875718135,74252500051,59.29999923706055,152.5,1327945.4616589204,White River
-91.4300362707333,35.31644486834608,74252500050311,191.64691174881762,74252500051,59.29999923706055,159.0,1328137.108570669,White River
-91.42832388804354,35.31796432594899,74252500050321,239.974954176051,74252500051,59.29999923706055,129.0,1328377.0835248453,White River
-91.42730323550741,35.3195468541766,74252500050331,202.67847802210207,74252500051,59.29999923706055,150.0,1328579.7620028674,White River
-91.42664494286984,35.321161137167394,74252500050341,185.83771744860653,74252500051,59.29999923706055,123.0,1328765.599720316,White River
-91.42634693434444,35.32291534392426,74252500050351,214.12500484166975,74252500051,59.29999923706055,137.0,1328979.7247251575,White River
-91.42575196021302,35.32466568213093,74252500050361,193.13545537114723,74252500051,59.29999923706055,143.5,1329172.8601805288,White River
-91.42489562042073,35.32627737394079,74252500050371,192.17741342995254,74252500051,59.29999923706055,151.0,1329365.0375939587,White River
-91.42426759220449,35.32802727254542,74252500050381,217.62461626412764,74252500051,59.29999923706055,142.0,1329582.6622102228,White River
-91.42370552863532,35.32977802730528,74252500050391,183.52622071167542,74252500051,59.29999923706055,129.0,1329766.1884309344,White River
-91.42393537486187,35.331539107309794,74252500050401,217.0303900973629,74252500051,59.29999923706055,156.0,1329983.2188210317,White River
-91.42449521008677,35.333304488393296,74252500050411,194.76577632623918,74252500051,59.29999923706055,177.5,1330177.9845973582,White River
-91.42598847360979,35.334595172843244,74252500050421,196.13046990697615,74252500051,59.29999923706055,169.0,1330374.115067265,White River
-91.42754463957536,35.33604894202559,74252500050431,218.69321090163464,74252500051,59.29999923706055,159.5,1330592.8082781667,White River
-91.42924332775549,35.33696359559128,74252500050441,175.7131285020694,74252500051,59.29999923706055,150.0,1330768.5214066687,White River
-91.43120762326967,35.33780053121181,74252500050451,222.1824345397014,74252500051,59.29999923706055,136.0,1330990.7038412085,White River
-91.43351657938523,35.337893127317706,74252500050461,211.22013185109964,74252500051,59.29999923706055,121.0,1331201.9239730595,White River
-91.43566158393294,35.33791235726534,74252500050471,180.02731186847063,74252500051,59.29999923706055,112.5,1331381.951284928,White River
-91.43780763249076,35.33792730148605,74252500050481,214.12596535542895,74252500051,59.29999923706055,127.0,1331596.0772502834,White River
-91.43970448346333,35.33880308966121,74252500050491,225.5691394624153,74252500051,59.29999923706055,159.0,1331821.6463897459,White River
-91.44138986712149,35.3404206368814,74252500060011,161.71506827130315,74252500061,59.29999923706055,169.0,1331983.3614580173,White River
-91.44264836998666,35.34192447090565,74252500060021,210.70489441376697,74252500061,59.29999923706055,118.5,1332194.066352431,White River
-91.44364030547231,35.343560096814386,74252500060031,197.52884811203683,74252500061,59.29999923706055,111.0,1332391.595200543,White River
-91.44390620978322,35.345186368291415,74252500060041,184.12162364768756,74252500061,59.29999923706055,123.0,1332575.7168241907,White River
-91.44311548211569,35.34682607833907,74252500060051,222.58942367015018,74252500061,59.29999923706055,123.0,1332798.306247861,White River
-91.44108042466726,35.347935835486524,74252500060061,200.96237507728011,74252500061,60.42500114440918,129.0,1332999.268622938,White River
-91.43909288638672,35.34826606461987,74252500060071,184.1214980359104,74252500061,60.5,114.0,1333183.390120974,White River
-91.43694864611932,35.34819422295889,74252500060081,210.626191343552,74252500061,60.5,150.0,1333394.0163123175,White River
-91.43463939049133,35.34818567798989,74252500060091,212.4086548772317,74252500061,60.5,150.0,1333606.424967195,White River
-91.43248836934137,35.34839482717269,74252500060101,184.71531626870316,74252500061,60.5,144.0,1333791.1402834635,White River
-91.43049660202826,35.34896187728495,74252500060111,201.92039934010415,74252500061,60.5,130.5,1333993.0606828036,White River
-91.42849956921162,35.34980143943268,74252500060121,201.92027296653805,74252500061,60.5,132.5,1334194.9809557702,White River
-91.42666489922583,35.35077831885612,74252500060131,192.12229344170075,74252500061,60.5,127.0,1334387.1032492118,White River
-91.42519114571644,35.35186806271787,74252500060141,178.57700664771676,74252500061,60.5,127.0,1334565.6802558596,White River
-91.42364450974685,35.35330845302937,74252500060151,227.68765969861545,74252500061,60.5,127.0,1334793.3679155582,White River
-91.42249074300915,35.35491623581632,74252500060161,199.24466637080909,74252500061,60.5,119.0,1334992.612581929,White River
-91.42192843266346,35.35666696897431,74252500060171,211.81341936486456,74252500061,60.5,92.0,1335204.4260012938,White River
-91.42202626093078,35.35842632156173,74252500060181,196.33839428918338,74252500061,60.5,91.0,1335400.764395583,White River
-91.42351782815612,35.359825204155,74252500060191,186.58815328284615,74252500061,60.5,121.0,1335587.3525488658,White River
-91.42549100712976,35.36022959517431,74252500060201,211.81382604738047,74252500061,60.5,123.0,1335799.1663749132,White River
-91.42779954226151,35.36036784509956,74252500060211,212.4081879090634,74252500061,60.5,121.0,1336011.5745628222,White River
-91.42994042301295,35.360639109087586,74252500060221,182.40383146630387,74252500061,60.5,114.5,1336193.9783942886,White River
-91.43191470363534,35.36098931538719,74252500060231,187.02661420374585,74252500061,60.5,115.5,1336381.0050084924,White River
-91.43378213857619,35.361743814823704,74252500060241,220.32909827484247,74252500061,60.5,125.0,1336601.3341067673,White River
-91.43533634078504,35.36333269746534,74252500060251,200.7140476712435,74252500061,60.5,127.0,1336802.0481544384,White River
-91.4366967085061,35.36470267382536,74252500060261,188.68931533246564,74252500061,60.5,117.0,1336990.737469771,White River
-91.43772440058633,35.36620357057331,74252500060271,195.8113692614935,74252500061,60.5,94.0,1337186.5488390324,White River
-91.4376905261366,35.367961209382564,74252500060281,218.748525870867,74252500061,60.5,123.0,1337405.2973649034,White River
-91.43653681296905,35.369569124323284,74252500060291,196.70586746645978,74252500061,60.5,127.0,1337602.0032323697,White River
-91.43469760048066,35.370762437770466,74252500060301,211.46292468210487,74252500061,60.5,121.0,1337813.4661570517,White River
-91.43270529174586,35.37132736431893,74252500060311,187.02669073372496,74252500061,60.5,144.0,1338000.4928477856,White River
-91.4307302335952,35.37100848965051,74252500060321,190.46082940653952,74252500061,60.5,158.0,1338190.953677192,White River
-91.4289312657549,35.370119595728575,74252500060331,192.89681066870028,74252500061,60.5,152.5,1338383.8504878609,White River
-91.42713443686834,35.369122514025904,74252500060341,217.57107354704448,74252500061,60.5,150.0,1338601.4215614079,White River
-91.42547495449787,35.3678567231177,74252500060351,174.74566886957413,74252500061,60.5,148.0,1338776.1672302773,White River
-91.42371333336823,35.366751861386035,74252500060361,215.17370450719716,74252500061,60.5,150.0,1338991.3409347846,White River
-91.42208485867566,35.36559461854436,74252500060371,204.14677765409044,74252500061,60.5,127.0,1339195.4877124387,White River
-91.42046064543695,35.36422103166257,74252500060381,212.16316277438827,74252500061,60.5,127.0,1339407.650875213,White River
-91.41923260687773,35.36285260728279,74252500060391,174.95411643922628,74252500061,60.5,129.0,1339582.6049916523,White River
-91.41770752500693,35.36148028092268,74252500060401,227.68729405551852,74252500061,60.5,128.0,1339810.2922857078,White River
-91.41574598311072,35.360480875588394,74252500060411,202.67788933672793,74252500061,60.5,122.0,1340012.9701750446,White River
-91.41377867164016,35.35977888301731,74252500060421,190.2293676568745,74252500061,60.5,80.0,1340203.1995427015,White River
-91.41163258176059,35.35979075111341,74252500060431,214.12422301436368,74252500061,60.5,92.0,1340417.3237657158,White River
-91.40957119853361,35.360507944156836,74252500060441,196.25164414539802,74252500061,60.5,113.5,1340613.5754098613,White River
-91.4085836896995,35.36203663399918,74252500060451,189.105996189224,74252500061,60.5,115.5,1340802.6814060505,White River
-91.4082520973468,35.363790335696024,74252500060461,211.81249662239375,74252500061,60.5,123.0,1341014.4939026728,White River
-91.408484328709,35.36541622816093,74252500060471,166.92747453155312,74252500061,60.5,123.0,1341181.4213772044,White River
-91.40984426440983,35.366786495537994,74252500060481,204.14594800512592,74252500061,60.5,148.0,1341385.5673252095,White River
-91.41163711114743,35.36797310954772,74252500060491,214.13644235601075,74252500061,60.5,124.0,1341599.7037675655,White River
-91.41377389317331,35.368411239241155,74252500060501,213.00144548744248,74252500061,60.5,128.0,1341812.705213053,White River
-91.41592497033423,35.36821873669333,74252500060511,181.80881830477932,74252500061,60.5,123.0,1341994.5140313578,White River
-91.41807392523592,35.36808893241755,74252500060521,212.40753596970274,74252500061,60.5,140.0,1342206.9215673273,White River
-91.42021813161465,35.36819380865299,74252500060531,183.59168044537893,74252500061,60.5,123.0,1342390.5132477728,White River
-91.42218780987591,35.36878754063075,74252500060541,213.17846742354425,74252500061,60.5,127.0,1342603.6917151965,White River
-91.42364339530124,35.37034823567708,74252500060551,208.02853541274226,74252500061,60.5,129.0,1342811.720250609,White River
-91.42450321191122,35.371982287212546,74252500060561,191.41830250180186,74252500061,60.5,125.5,1343003.1385531109,White River
-91.42471591311674,35.37374378789695,74252500060571,214.71916732101477,74252500061,60.5,137.0,1343217.8577204319,White River
-91.42407433443697,35.37535759964231,74252500060581,174.75411398226606,74252500061,60.5,108.0,1343392.6118344143,White River
-91.42236318825996,35.37674172126191,74252500060591,229.02078633002833,74252500061,60.5,128.0,1343621.6326207442,White River
-91.42036801648791,35.37744592360427,74252500060601,192.17732538058794,74252500061,60.5,130.5,1343813.809946125,White River
-91.4183770332769,35.377933769620824,74252500060611,191.41807147492415,74252500061,60.5,137.0,1344005.2280175998,White River
-91.41654635296092,35.37866710870191,74252500060621,181.82111220421393,74252500061,60.5,117.0,1344187.049129804,White River
-91.41487543344238,35.37967298773635,74252500060631,180.26810182249432,74252500061,60.5,122.0,1344367.3172316265,White River
-91.41359538405797,35.3809544485558,74252500060641,204.19097551562845,74252500061,60.5,160.0,1344571.5082071421,White River
-91.41184774465664,35.38250021987429,74252500060651,233.61387718135182,74252500061,60.5,169.0,1344805.1220843233,White River
-91.41030345460321,35.38377816924262,74252500060661,178.75306406108308,74252500061,60.5,159.0,1344983.8751483846,White River
-91.40846672828934,35.384808821204714,74252500060671,237.44350828993726,74252500061,60.5,136.0,1345221.3186566744,White River
-91.40634023130892,35.38545696224131,74252500060681,188.74224042992546,74252500061,60.5,142.0,1345410.0608971044,White River
-91.40435483296562,35.38564712813812,74252500060691,183.52529294874245,74252500061,60.5,122.0,1345593.586190053,White River
-91.40255478450584,35.384811922664554,74252500060701,200.71200169647705,74252500061,60.5,127.0,1345794.2981917495,White River
-91.40093054008625,35.38343807592502,74252500060711,212.1618515349413,74252500061,60.5,127.0,1346006.4600432846,White River
-91.39930635070955,35.38206420849053,74252500060721,212.16173772570704,74252500061,60.5,127.0,1346218.6217810102,White River
-91.39784462760414,35.38082771000465,74252500060731,169.72930816078352,74252500061,60.5,127.0,1346388.351089171,White River
-91.3964186409122,35.379456433223154,74252500060741,224.25218545963975,74252500061,60.5,144.0,1346612.6032746306,White River
-91.39509442743984,35.37795125654885,74252500060751,200.13677741866837,74252500061,60.5,148.0,1346812.7400520493,White River
-91.39373456772678,35.37658082716943,74252500060761,188.68673819770189,74252500061,60.5,127.0,1347001.426790247,White River
-91.39250681202948,35.37521214071896,74252500060771,196.12839257862322,74252500061,60.5,127.0,1347197.5551828255,White River
-91.39054527135423,35.37421232774548,74252500060781,226.40686516244418,74252500061,60.5,128.0,1347423.962047988,White River
-91.38841064579174,35.37361588083293,74252500060791,188.14693215993884,74252500061,60.5,122.0,1347612.108980148,White River
-91.38626528443002,35.37355578462213,74252500060801,211.81117965867634,74252500061,60.5,108.0,1347823.9201598067,White River
-91.3842769099527,35.37391227696775,74252500060811,169.6013431378177,74252500061,60.5,108.0,1347993.5215029446,White River
-91.38269881437321,35.37521646645669,74252500060821,213.75039250740508,74252500061,60.5,112.5,1348207.271895452,White River
-91.38231676347093,35.37696919291104,74252500060831,217.027523037535,74252500061,60.5,136.0,1348424.2994184894,White River
-91.38325865292454,35.37860484248144,74252500060841,181.5327800574093,74252500061,60.5,150.0,1348605.832198547,White River
-91.38482508628022,35.37954539699298,74252500060851,181.81922857423712,74252500061,60.5,127.0,1348787.6514271211,White River
-91.38645112757604,35.380811292436825,74252500060861,212.1608231391172,74252500061,60.5,127.0,1348999.8122502603,White River
-91.38807506780181,35.38218532659548,74252500060871,208.15272535502748,74252500061,60.5,148.0,1349207.9649756153,White River
-91.38936888373473,35.38355493793483,74252500060881,185.2529534541553,74252500061,60.5,150.0,1349393.2179290694,White River
-91.39066274305729,35.38492453627395,74252500060891,204.14469478740088,74252500061,60.60000228881836,127.0,1349597.3626238569,White River
-91.39245085915651,35.38635479405083,74252500060901,229.01855949847737,74252500061,60.60000228881836,132.5,1349826.3811833553,White River
-91.39458424139953,35.387032297839006,74252500060911,203.64860539125036,74252500061,60.60000228881836,165.0,1350030.0297887465,White River
-91.39638425155852,35.3878676209669,74252500060921,165.6527030846836,74252500061,60.60000228881836,133.5,1350195.6824918312,White River
-91.39798510886527,35.388754370649366,74252500060931,211.28762443344695,74252500061,60.60000228881836,105.0,1350406.9701162647,White River
-91.39947358135231,35.390315787095076,74252500060941,217.56907288250613,74252500061,60.60000228881836,119.0,1350624.539189147,White River
-91.39990381977657,35.39194431195139,74252500060951,198.6483392259488,74252500061,60.60000228881836,131.5,1350823.1875283732,White River
-91.39835327942339,35.39351953690109,74252500060961,199.57417050695878,74252500061,60.60000228881836,165.0,1351022.76169888,White River
-91.39659454115562,35.393928953888945,74252500060971,182.99612989677175,74252500061,60.60000228881836,172.5,1351205.757828777,White River
-91.39427708586919,35.394197877769386,74252500060981,243.5985242219861,74252500061,60.60000228881836,154.0,1351449.3563529989,White River
-92.93012735788557,38.945896424165525,74291600020011,173.08130040291934,74291600021,180.95001220703125,58.5,2209895.267929741,Lamine River
-92.93168388747534,38.94727609571004,74291600020021,188.73610577753192,74291600021,181.6999969482422,42.0,2210084.0040355185,Lamine River
-92.93358710958228,38.94819636056569,74291600020031,201.9708063042767,74291600021,181.6999969482422,42.0,2210285.974841823,Lamine River
-92.93583687840028,38.94879237386805,74291600020041,221.11466810069365,74291600021,181.6999969482422,63.0,2210507.0895099235,Lamine River
-92.93808663817842,38.94944241210155,74291600020051,196.6192333983547,74291600021,181.6999969482422,54.0,2210703.708743322,Lamine River
-92.93999018320415,38.95014629827944,74291600020061,169.64691389969587,74291600021,181.6999969482422,42.0,2210873.3556572217,Lamine River
-92.94172039351176,38.95117447834585,74291600020071,204.19832643639467,74291600021,181.6999969482422,84.0,2211077.553983658,Lamine River
-92.94362363562448,38.952364921916356,74291600020081,205.4045263254222,74291600021,181.6999969482422,60.0,2211282.9585099835,Lamine River
-92.94570096213513,38.95236590681172,74291600020091,192.50300844389338,74291600021,181.6999969482422,55.5,2211475.4615184274,Lamine River
-92.94725993899934,38.95104194137991,74291600020101,203.60162539160964,74291600021,181.6999969482422,71.0,2211679.063143819,Lamine River
-92.9482306185613,38.94928514641319,74291600020111,221.47857663349544,74291600021,181.6999969482422,67.0,2211900.5417204523,Lamine River
-92.94843912566141,38.947392837306666,74291600020121,211.86704589017052,74291600021,181.6999969482422,63.0,2212112.408766343,Lamine River
-92.94802556010609,38.945635422941905,74291600020131,187.07322862221113,74291600021,181.6999969482422,67.0,2212299.4819949646,Lamine River
-92.9474036195087,38.94401308480816,74291600020141,190.50834420809892,74291600021,181.6999969482422,65.0,2212489.990339173,Lamine River
-92.946643339352,38.94225550809679,74291600020151,217.67957774703825,74291600021,181.6999969482422,67.0,2212707.66991692,Lamine River
-92.94622966859903,38.940498085879724,74291600020161,181.85504472811402,74291600021,181.6999969482422,63.0,2212889.524961648,Lamine River
-92.94643817860307,38.93887615271228,74291600020171,186.4788709512489,74291600021,181.6999969482422,78.0,2213076.003832599,Lamine River
-92.94550480037992,38.937253627489355,74291600020181,213.4326169945784,74291600021,181.6999969482422,36.0,2213289.436449594,Lamine River
-92.9441559905575,38.935766100039,74291600020191,200.18906816203963,74291600021,181.6999969482422,63.0,2213489.6255177557,Lamine River
-92.94242638150239,38.93441354126739,74291600020201,212.2168565162315,74291600021,181.6999969482422,63.0,2213701.842374272,Lamine River
-92.94069683815123,38.933060956605026,74291600020211,208.2075887364986,74291600021,181.6999969482422,63.0,2213910.0499630086,Lamine River
-92.93896717515014,38.93192462104054,74291600020221,196.17979335351436,74291600021,181.6999969482422,42.0,2214106.2297563623,Lamine River
-92.93741064952566,38.93076131807983,74291600020231,169.77347578091963,74291600021,181.6999969482422,52.5,2214276.0032321434,Lamine River
-92.93568121683052,38.92948976155665,74291600020241,229.07854933145597,74291600021,181.6999969482422,48.0,2214505.0817814744,Lamine River
-92.933605137283,38.92886680810846,74291600020251,187.07319959744834,74291600021,181.6999969482422,54.0,2214692.154981072,Lamine River
-92.9313559381307,38.92835185374474,74291600020261,217.67954076447788,74291600021,181.6999969482422,54.0,2214909.8345218366,Lamine River
-92.92910663721875,38.92797202770313,74291600020271,189.15462599269296,74291600021,181.6999969482422,60.0,2215098.9891478294,Lamine River
-92.92806934019495,38.9267007337558,74291600020281,190.27782630609974,74291600021,181.6999969482422,55.5,2215289.2669741353,Lamine River
-92.92945547029585,38.92521472936616,74291600020291,221.64578864364609,74291600021,181.6999969482422,63.0,2215510.912762779,Lamine River
-92.93101418026997,38.92386394008672,74291600020301,181.8672915287218,74291600021,181.6999969482422,54.0,2215692.7800543075,Lamine River
-92.93212318974633,38.92224252465234,74291600020311,228.18379933710037,74291600021,181.6999969482422,54.0,2215920.9638536447,Lamine River
-92.93295534598613,38.92056687059478,74291600020321,194.22053911520527,74291600021,181.6999969482422,42.0,2216115.18439276,Lamine River
-92.93499758241884,38.920081597795246,74291600020331,181.2606673785668,74291600021,181.6999969482422,30.0,2216296.4450601386,Lamine River
-92.93724714218807,38.91992042996818,74291600020341,213.05572985456112,74291600021,181.6999969482422,60.0,2216509.500789993,Lamine River
-92.93949666882591,38.919786264240315,74291600020351,181.85503149353642,74291600021,181.6999969482422,42.0,2216691.3558214866,Lamine River
-92.94153899337955,38.91911162466825,74291600020361,207.03601994577932,74291600021,181.6999969482422,42.0,2216898.3918414325,Lamine River
-92.94209475399376,38.91738169669242,74291600020371,211.27267774310698,74291600021,181.6999969482422,45.0,2217109.6645191754,Lamine River
-92.94209563275056,38.915489285466684,74291600020381,210.67832304570007,74291600021,181.6999969482422,30.0,2217320.3428422213,Lamine River
-92.94261611044263,38.91373230214336,74291600020391,197.57747703885832,74291600021,181.6999969482422,48.0,2217517.92031926,Lamine River
-92.9438283993647,38.91224599572315,74291600020401,196.7546602774735,74291600021,181.6999969482422,36.0,2217714.6749795377,Lamine River
-92.94555952133462,38.910949160734916,74291600020411,196.75466353322423,74291600021,181.6999969482422,42.0,2217911.429643071,Lamine River
-92.94746316853615,38.91022010164716,74291600020421,192.2259023477384,74291600021,181.6999969482422,42.0,2218103.6555454186,Lamine River
-92.94971256084331,38.909815425429805,74291600020431,213.65011231906766,74291600021,181.6999969482422,54.0,2218317.3056577374,Lamine River
-92.95196183648818,38.909546177078624,74291600020441,181.85505424814158,74291600021,181.6999969482422,42.0,2218499.1607119855,Lamine River
-92.95421109517129,38.909276871269604,74291600020451,213.65012086968989,74291600021,181.6999969482422,54.0,2218712.8108328553,Lamine River
-92.95646035333837,38.908980216990614,74291600020461,183.63812534729104,74291600021,181.6999969482422,42.0,2218896.4489582027,Lamine River
-92.95853676130156,38.90838621397293,74291600020471,211.51546364163892,74291600021,181.6999969482422,42.0,2219107.9644218446,Lamine River
-92.96044044780456,38.9072243911958,74291600020481,188.73615997911054,74291600021,181.6999969482422,42.0,2219296.7005818235,Lamine River
-92.96234397196045,38.906251778371384,74291600020491,205.4052696034303,74291600021,181.6999969482422,48.0,2219502.1058514267,Lamine River
-92.96459327572057,38.90560365408636,74291600020501,218.8028133011815,74291600021,181.6999969482422,48.0,2219720.908664728,Lamine River
-92.96684228697384,38.90549597770499,74291600020511,181.26071986473644,74291600021,181.6999969482422,36.0,2219902.1693845927,Lamine River
-92.96891817737827,38.90565895439834,74291600020521,216.26315093128198,74291600021,181.6999969482422,42.0,2220118.432535524,Lamine River
-92.97068214747985,38.90711927409906,74291600020531,192.74543718616425,74291600021,181.6999969482422,30.0,2220311.17797271,Lamine River
-92.97185796520023,38.90860646085404,74291600020541,200.25331537816615,74291600021,181.6999969482422,30.0,2220511.431288088,Lamine River
-92.97234159026958,38.910363818418745,74291600020551,215.89655512499246,74291600021,181.6999969482422,45.0,2220727.3278432135,Lamine River
-92.97185663068404,38.91198577152141,74291600020561,163.5360481804411,74291600021,181.75,42.0,2220890.863891394,Lamine River
-92.9704027079375,38.91347230811398,74291600020571,234.613960779791,74291600021,182.1999969482422,63.0,2221125.4778521736,Lamine River
-92.96932931042906,38.915094071974494,74291600020581,197.94139942691962,74291600021,182.1999969482422,42.0,2221323.4192516007,Lamine River
-92.97047062632907,38.9165812889511,74291600020591,204.1983742066869,74291600021,182.1999969482422,42.0,2221527.6176258074,Lamine River
-92.97202736195554,38.91779822269862,74291600020601,169.77352446392402,74291600021,182.1999969482422,42.0,2221697.391150271,Lamine River
-92.9737571600171,38.91906924349557,74291600020611,235.18882170021908,74291600021,182.1999969482422,39.0,2221932.5799719715,Lamine River
-92.9758332136254,38.91996182839273,74291600020621,194.90173384145965,74291600021,182.1999969482422,39.0,2222127.4817058127,Lamine River
-92.97790942843443,38.920502928553276,74291600020631,190.50838417188555,74291600021,182.1999969482422,39.0,2222317.9900899846,Lamine River
-92.98015874687785,38.920908849226855,74291600020641,212.46144504188456,74291600021,182.1999969482422,45.0,2222530.4515350265,Lamine River
-92.98240813776385,38.92112548522924,74291600020651,183.04379759017988,74291600021,182.1999969482422,36.0,2222713.495332617,Lamine River
-92.98444978821365,38.921855704849975,74291600020661,221.06010090201283,74291600021,182.1999969482422,42.0,2222934.5554335187,Lamine River
-92.98583378411311,38.92334277478921,74291600020671,181.86736847326625,74291600021,182.1999969482422,30.0,2223116.422801992,Lamine River
-92.98714864495739,38.9246946481656,74291600020681,196.1798574581386,74291600021,182.1999969482422,36.0,2223312.6026594504,Lamine River
-92.98877501859181,38.92618170881697,74291600020691,221.63496060431098,74291600021,182.1999969482422,30.0,2223534.2376200547,Lamine River
-92.98967462767499,38.92780385654049,74291600020701,192.22594975167073,74291600021,182.1999969482422,36.0,2223726.4635698064,Lamine River
-92.99053966695118,38.92942599402856,74291600020711,199.29509446622896,74291600021,182.1999969482422,30.0,2223925.7586642723,Lamine River
-92.99140474549436,38.93104812468992,74291600020721,188.7908327838951,74291600021,182.1999969482422,30.0,2224114.5494970563,Lamine River
-92.99157759642527,38.93280537251024,74291600020731,211.27274186375269,74291600021,182.1999969482422,30.0,2224325.8222389203,Lamine River
-92.99136978967186,38.934697763885424,74291600020741,213.05580627037352,74291600021,182.1999969482422,54.0,2224538.8780451906,Lamine River
-92.99181946554768,38.93645503037809,74291600020751,187.073274157222,74291600021,182.1999969482422,48.0,2224725.9513193476,Lamine River
-92.99254619802466,38.93807714081792,74291600020761,193.94350944093588,74291600021,182.1999969482422,36.0,2224919.8948287885,Lamine River
-92.99341142748455,38.93969925417153,74291600020771,205.4052959763145,74291600021,182.1999969482422,42.0,2225125.300124765,Lamine River
-92.99521138310173,38.94075368040986,74291600020781,196.9824723253845,74291600021,182.1999969482422,36.0,2225322.28259709,Lamine River
-92.99728840212859,38.940050855099955,74291600020791,215.82207911163653,74291600021,182.1999969482422,36.0,2225538.104676202,Lamine River
-92.99884614970728,38.93875323206525,74291600020801,180.8223679997177,74291600021,182.1999969482422,30.0,2225718.9270442016,Lamine River
-93.00002307639251,38.937266347958754,74291600020811,200.25333020190425,74291600021,182.1999969482422,45.0,2225919.1803744035,Lamine River
-93.00068074175132,38.935644283933655,74291600020821,198.53577141012306,74291600021,182.1999969482422,30.0,2226117.716145814,Lamine River
-93.00206525460072,38.93402220518046,74291600020831,223.73589870801308,74291600021,182.1999969482422,45.0,2226341.452044522,Lamine River
-93.0036920069346,38.932697480428395,74291600020841,187.69118344359208,74291600021,182.1999969482422,36.0,2226529.143227965,Lamine River
-93.00542254048851,38.931453831054874,74291600020851,212.2169205784073,74291600021,182.1999969482422,36.0,2226741.360148544,Lamine River
-93.00715302446325,38.93031829334867,74291600020861,176.51578542767476,74291600021,182.35000610351562,42.0,2226917.8759339713,Lamine River
-93.00922964590016,38.929939609302274,74291600020871,215.96207452064158,74291600021,182.5,30.0,2227133.8380084923,Lamine River
-93.01147939806341,38.92999353519868,74291600020881,197.5768252526824,74291600021,182.5,30.0,2227331.4148337445,Lamine River
-93.01317511939975,38.92874977387511,74291600020891,185.30177682735084,74291600021,182.5,48.0,2227516.7166105723,Lamine River
-93.0143515268772,38.927262742818144,74291600020901,201.97017548532997,74291600021,182.5,36.0,2227718.6867860574,Lamine River
-93.8124810767525,29.940429750117243,75120400010013,148.18991616454286,75120400013,0.0,327.0,35692.724559992304,Neches River
-93.81419991610844,29.941556196330815,75120400010023,230.58718965503869,75120400013,0.0,327.0,35923.31174964734,Neches River
-93.8159187936312,29.942682619403772,75120400010033,188.7217855294263,75120400013,0.0,327.0,36112.03353517677,Neches River
-93.81748140287114,29.943701697986025,75120400010043,188.72173039925585,75120400013,0.0,327.0,36300.75526557603,Neches River
-93.81920079787537,29.944882218876895,75120400010053,227.15283303761512,75120400013,0.0,327.0,36527.90809861364,Neches River
-93.82091978827258,29.946008574022308,75120400010063,192.15575061186513,75120400013,0.0,327.0,36720.06384922551,Neches River
-93.82248294542352,29.947081733354,75120400010073,188.7215543257916,75120400013,0.0,327.0,36908.7854035513,Neches River
-93.82404568956011,29.948100730864198,75120400010083,192.15563795529349,75120400013,0.0,327.0,37100.941041506594,Neches River
-93.82576478959021,29.94922701998859,75120400010093,227.15255279181946,75120400013,0.0,327.0,37328.093594298414,Neches River
-93.82748437611146,29.950407428357245,75120400010103,192.15551354538883,75120400013,0.0,327.0,37520.2491078438,Neches River
-93.82904722262711,29.95142636408511,75120400010113,185.28718492627064,75120400013,0.0,327.0,37705.53629277007,Neches River
-93.83076643555489,29.952552585230876,75120400010123,230.58647316344337,75120400013,0.0,327.0,37936.12276593351,Neches River
-93.83248568666244,29.95367878320695,75120400010133,188.72119796018737,75120400013,0.0,327.0,38124.843963893705,Neches River
-93.83404908665318,29.95475179943804,75120400010143,192.15527459852166,75120400013,0.0,327.0,38316.99923849222,Neches River
-93.83576841249044,29.95587795257928,75120400010153,227.15212219019372,75120400013,0.0,327.0,38544.151360682416,Neches River
-93.83748823036778,29.957058224754604,75120400010163,188.7210186869644,75120400013,0.0,327.0,38732.87237936938,Neches River
-93.83905128167345,29.958077036847254,75120400010173,192.1550912850951,75120400013,0.0,327.0,38925.02747065447,Neches River
-93.84061482024582,29.959149971776633,75120400010183,188.72090563050122,75120400013,0.0,327.0,39113.74837628498,Neches River
-93.84233383834834,29.960221893483077,75120400010193,227.15183715309593,75120400013,0.0,327.0,39340.90021343807,Neches River
-93.84405380772299,29.96140207623694,75120400010203,192.15490688022373,75120400013,0.0,327.0,39533.0551203183,Neches River
-93.84561699312044,29.96242080715417,75120400010213,188.7207235836986,75120400013,0.0,327.0,39721.775843901996,Neches River
-93.84733703906305,29.96360094496957,75120400010223,227.15161875184143,75120400013,0.0,327.0,39948.92746265384,Neches River
-93.8490566648369,29.964726917531344,75120400010233,196.16365365479004,75120400013,0.0,327.0,40145.09111630863,Neches River
-93.85062087493026,29.965853870478767,75120400010243,188.7205417120103,75120400013,0.0,1997.0,40333.81165802064,Neches River
-93.85234011432378,29.96692565619218,75120400010253,223.71727820605417,75120400013,0.0,1600.5,40557.52893622669,Neches River
-93.85405846392986,29.96788913498296,75120400010263,178.4180568262649,75120400013,0.0,895.0,40735.94699305296,Neches River
-93.85543738808181,29.96915259216772,75120400010273,207.0187052031445,75120400013,0.0,1093.0,40942.9656982561,Neches River
-93.85656946681182,29.970634219106792,75120400010283,200.7470931432757,75120400013,0.0,551.0,41143.712791399375,Neches River
-93.85801250730141,29.97211381025626,75120400010293,209.39616753994076,75120400013,0.0,409.0,41353.108958939316,Neches River
-93.85774662603995,29.973739886734656,75120400010303,189.1387308694946,75120400013,0.0,397.5,41542.24768980881,Neches River
-93.8581026128746,29.975361912276984,75120400010313,220.06307399005067,75120400013,0.0,466.0,41762.310763798865,Neches River
-93.85973091205801,29.976677840936752,75120400010323,192.15432360576182,75120400013,0.0,487.0,41954.46508740463,Neches River
-93.86144996827693,29.97769535869302,75120400010333,203.67043548586875,75120400013,0.0,474.0,42158.135522890494,Neches River
-93.86332031869878,29.978224559122637,75120400010343,188.77473411698702,75120400013,0.0,452.0,42346.91025700748,Neches River
-93.8653452233989,29.978644427896622,75120400010353,220.50150303290386,75120400013,0.0,398.0,42567.411760040384,Neches River
-93.86737108546643,29.979172548199543,75120400010363,190.49199237126228,75120400013,0.0,334.5,42757.90375241164,Neches River
-93.86924290745945,29.979864087970512,75120400010373,196.60230067422236,75120400013,0.0,292.0,42954.50605308587,Neches River
-93.87126834073956,29.980338005954966,75120400010383,215.94332112228108,75120400013,0.0,342.0,43170.449374208154,Neches River
-93.87329426637135,29.98086603368872,75120400010393,188.77436078190996,75120400013,0.0,351.0,43359.22373499006,Neches River
-93.87531926288878,29.981285747017882,75120400010403,214.75454286263107,75120400013,0.0,310.0,43573.97827785269,Neches River
-93.87749642166202,29.981331615322176,75120400010413,211.8484378749576,75120400013,0.0,276.0,43785.82671572765,Neches River
-93.87952072797376,29.981663838565517,75120400010423,183.62190793050772,75120400013,0.0,295.0,43969.44862365816,Neches River
-93.88154456893358,29.98194810178673,75120400010433,213.03686887302334,75120400013,0.0,291.0,44182.48549253118,Neches River
-93.8835677017689,29.982151121445916,75120400010443,184.15055962267553,75120400013,0.0,346.0,44366.63605215386,Neches River
-93.88559084185682,29.98235620080857,75120400010453,211.25379153027035,75120400013,0.0,390.0,44577.88984368413,Neches River
-93.88761663790623,29.9828548442493,75120400010463,197.5597224598973,75120400013,0.0,397.0,44775.44956614402,Neches River
-93.88964245327128,29.983355547035416,75120400010473,217.65992550737573,75120400013,0.0,379.0,44993.1094916514,Neches River
-93.89166804653303,29.983829147403256,75120400010483,193.16660947201527,75120400013,0.0,403.0,45186.27610112342,Neches River
-93.8935393886982,29.98443701320297,75120400010493,185.8675885914605,75120400013,0.0,408.0,45372.143689714874,Neches River
-93.89556089098657,29.984452464253017,75120400010503,210.06476345403206,75120400013,0.0,375.0,45582.20845316891,Neches River
-93.8977371438643,29.98443976215946,75120400010513,213.56496726273107,75120400013,0.0,360.0,45795.77342043164,Neches River
-93.89976181680024,29.9846945520045,75120400010523,184.14995258241626,75120400013,0.0,403.0,45979.923373014055,Neches River
-93.90178454675967,29.98489729070059,75120400010533,214.22458846204395,75120400013,0.0,342.0,46194.147961476105,Neches River
-93.90381120479776,29.985478984380435,75120400010543,201.95200471126884,75120400013,0.0,321.0,46396.09996618737,Neches River
-93.9056855961436,29.98641363234107,75120400010553,209.97854752952864,75120400013,0.0,385.5,46606.0785137169,Neches River
-93.90740453646696,29.987349324428994,75120400010563,181.8502252950873,75120400013,0.0,516.0,46787.928739011986,Neches River
-93.90912597548532,29.98855569767085,75120400010573,238.6006529334142,75120400013,0.0,720.5,47026.5293919454,Neches River
-93.91100170885949,29.989625619503286,75120400020013,169.6308507471688,75120400023,0.0,635.0,47196.16024269256,Neches River
-93.91272025801645,29.990507098691232,75120400020023,185.28410321511706,75120400023,0.0,586.0,47381.44434590768,Neches River
-93.91459556955668,29.991522826614037,75120400020033,228.52590363544232,75120400023,0.0,583.0,47609.97024954312,Neches River
-93.91661969658747,29.991806543871938,75120400020043,183.0262144063921,75120400023,0.0,554.0,47792.99646394951,Neches River
-93.91864034449439,29.991711244718783,75120400020053,213.03524566487627,75120400023,0.0,597.0,48006.031709614384,Neches River
-93.92065998843526,29.991507633011512,75120400020063,182.43176222765572,75120400023,0.0,571.0,48188.46347184204,Neches River
-93.92267762054317,29.991087427908987,75120400020073,214.75245518821484,75120400023,0.0,555.0,48403.21592703026,Neches River
-93.92485398692244,29.991018014317504,75120400020083,211.84637340937317,75120400023,0.0,565.0,48615.06230043963,Neches River
-93.92687209260805,29.990651885941986,75120400020093,183.62011464996138,75120400023,0.0,435.5,48798.68241508959,Neches River
-93.92889371120127,29.990664711313226,75120400020103,212.44048754349262,75120400023,0.0,354.0,49011.122902633084,Neches River
-93.93091810791903,29.990975278562498,75120400020113,188.77211809160212,75120400023,0.0,291.0,49199.89502072469,Neches River
-93.93294352879539,29.991394095650605,75120400020123,215.94057640568604,75120400023,0.0,298.0,49415.835597130375,Neches River
-93.93497099558387,29.99202944297985,75120400020133,199.27515959282024,75120400023,0.0,257.5,49615.110756723196,Neches River
-93.93684375746693,29.992747075766278,75120400020143,194.88217306035023,75120400023,0.0,284.0,49809.99292978354,Neches River
-93.93856105204398,29.9934657899128,75120400020153,175.73944845575775,75120400023,0.0,300.0,49985.7323782393,Neches River
-93.94027990200865,29.994346902038988,75120400020163,209.9770154595034,75120400023,0.0,300.0,50195.7093936988,Neches River
-93.94215325528943,29.995118597650198,75120400020173,196.59933370042182,75120400023,0.0,324.0,50392.30872739923,Neches River
-93.94402638082082,29.99586319572404,75120400020183,199.27477306822652,75120400023,0.0,296.0,50591.58350046745,Neches River
-93.94605503186092,29.99660664921276,75120400020193,224.52687894577554,75120400023,0.0,278.0,50816.11037941323,Neches River
-93.94808319795416,29.99729593026356,75120400020203,196.59908329805512,75120400023,0.0,247.5,51012.70946271128,Neches River
-93.94995614892645,29.998013371758162,75120400020213,208.05959772894764,75120400023,0.0,310.5,51220.76906044023,Neches River
-93.95155387260131,29.999220071120828,75120400020223,188.7166038678514,75120400023,0.0,339.0,51409.485664308086,Neches River
-93.95268641629508,30.000565477296796,75120400020233,192.7254021724142,75120400023,0.0,345.0,51602.21106648049,Neches River
-93.95419220549451,30.001908167991456,75120400020243,197.30899147541533,75120400023,0.0,339.0,51799.52005795591,Neches River
-93.954829781588,30.00352786051975,75120400020253,213.56230826465577,75120400023,0.0,426.0,52013.082366220566,Neches River
-93.95515894996181,30.00542050676465,75120400020263,215.34517344038693,75120400023,0.0,360.0,52228.42753966096,Neches River
-93.95526911478618,30.007179381568296,75120400020273,182.43033893111019,75120400023,0.0,326.0,52410.85787859207,Neches River
-93.95559571082299,30.008801325070145,75120400020283,186.45937873262898,75120400023,0.0,322.5,52597.31725732469,Neches River
-93.9564510838932,30.01041942558215,75120400020293,204.625214524868,75120400023,0.0,270.0,52801.942471849565,Neches River
-93.95770954140166,30.011899227777345,75120400020303,204.1769355755343,75120400023,0.0,296.0,53006.119407425096,Neches River
-93.95943174193786,30.013077846445373,75120400020313,208.81771116714518,75120400023,0.0,288.5,53214.93711859224,Neches River
-93.96145772169204,30.01349166472121,75120400020323,211.8447106351012,75120400023,0.0,248.0,53426.781829227344,Neches River
-93.96347953109992,30.01348142479485,75120400020333,180.05292206102123,75120400023,0.0,219.5,53606.83475128836,Neches River
-93.96549871696106,30.013195908547083,75120400020343,214.750478767808,75120400023,0.0,256.0,53821.585230056175,Neches River
-93.9675184157824,30.012964501187568,75120400020353,188.17633587816678,75120400023,0.0,263.0,54009.76156593434,Neches River
-93.9693781068255,30.012274020587967,75120400020363,201.9491779378157,75120400023,0.0,307.5,54211.71074387216,Neches River
-93.9712346066438,30.011258675630238,75120400020373,210.73413574169496,75120400023,0.0,321.0,54422.44487961385,Neches River
-93.97309291778191,30.010432794264528,75120400020383,194.88063775145497,75120400023,0.0,321.0,54617.3255173653,Neches River
-93.97495331542736,30.00982344610777,75120400020393,193.92242674655853,75120400023,0.0,270.5,54811.24794411186,Neches River
-93.9768120982692,30.0090516530286,75120400020403,197.55597473708588,75120400023,0.0,233.0,55008.80391884895,Neches River
-93.97883008756274,30.008657655541274,75120400020413,213.6267597575712,75120400023,0.0,284.0,55222.43067860652,Neches River
-93.98100623837728,30.008533166482724,75120400020423,214.15544500399614,75120400023,0.0,270.0,55436.58612361052,Neches River
-93.9828176863399,30.009277662630662,75120400020433,180.80236586632012,75120400023,0.0,423.0,55617.38848947684,Neches River
-93.98413738428974,30.010621390462102,75120400030013,165.7458758935291,75120400033,0.0,720.0,55783.134365370366,Neches River
-93.98570595053575,30.011963240547633,75120400030023,212.19330625803258,75120400033,0.0,911.0,55995.327671628394,Neches River
-93.98727455900011,30.01330507071316,75120400030033,198.06608636075794,75120400033,0.0,805.0,56193.39375798916,Neches River
-93.9889874530737,30.013508783674055,75120400030043,188.17543229087335,75120400033,0.0,666.0,56381.569190280024,Neches River
-93.99100440189986,30.013006319936142,75120400030053,215.93782876223392,75120400033,0.0,681.0,56597.50701904226,Neches River
-93.99302213841878,30.012585034625076,75120400030063,185.3348201669133,75120400033,0.0,731.0,56782.84183920918,Neches River
-93.99504309969889,30.012441467519775,75120400030073,211.2488313716639,75120400033,0.0,495.0,56994.09067058084,Neches River
-93.99706676389823,30.012662741146592,75120400030083,197.91890696637907,75120400033,0.0,357.0,57192.009577547215,Neches River
-93.99878644410603,30.013543067875645,75120400030093,174.9785811593927,75120400033,0.0,297.0,57366.98815870661,Neches River
-94.00050751316437,30.014558719274476,75120400030103,227.1442765539751,75120400033,0.0,472.5,57594.13243526059,Neches River
-94.00207499674552,30.01576501893981,75120400030113,169.75401376575655,75120400033,0.0,795.0,57763.886449026344,Neches River
-94.00348699057945,30.016972485021963,75120400030123,208.18364516318957,75120400033,0.0,1103.0,57972.070094189534,Neches River
-94.00474621894224,30.018451818221756,75120400030133,210.7324945594131,75120400033,0.0,1396.5,58182.80258874894,Neches River
-94.0059135321197,30.020067199399527,75120400030143,213.40792384013423,75120400033,0.0,1982.5,58396.21051258908,Neches River
-94.00695508808465,30.02154817354406,75120400030153,178.41222784570823,75120400033,0.0,2300.0,58574.62274043479,Neches River
-94.00852193790489,30.022673182223144,75120400030163,220.4079864339048,75120400033,0.0,1825.0,58795.03072686869,Neches River
-94.0107016373899,30.02287780777269,75120400030173,211.84236266802662,75120400033,0.0,1500.0,59006.87308953672,Neches River
-94.01272635840405,30.02312817826992,75120400030183,183.02234572435395,75120400033,0.0,1512.5,59189.895435261074,Neches River
-94.01459693035989,30.023519841678052,75120400030193,190.4859714579963,75120400033,0.0,1419.0,59380.38140671907,Neches River
-94.01662360611724,30.023964415465688,75120400030203,217.65391691065776,75120400033,0.0,1493.0,59598.03532362972,Neches River
-94.01865057586375,30.024431208666755,75120400030213,183.55088105379684,75120400033,0.0,1396.5,59781.586204683525,Neches River
-94.02066979916975,30.024149662922813,75120400030223,217.65371336022196,75120400033,0.0,1294.0,59999.23991804375,Neches River
-94.02268900993084,30.02386326809458,75120400030233,180.6447891836436,75120400033,0.0,1042.5,60179.88470722739,Neches River
-94.02471099216184,30.023849958871686,75120400030243,210.6531067645371,75120400033,0.0,816.0,60390.53781399193,Neches River
-94.02673576239954,30.024102467577293,75120400030253,187.05073119354176,75120400033,0.0,784.0,60577.58854518547,Neches River
-94.02861003486566,30.024845831590675,75120400030263,221.60812794698907,75120400033,0.0,173.5,60799.19667313246,Neches River
-94.03027329757374,30.026240537548073,75120400030273,200.16479071914114,75120400033,0.0,296.0,60999.3614638516,Neches River
-94.03156414577975,30.02771935635353,75120400030283,209.77235535493045,75120400033,0.0,320.5,61209.13381920653,Neches River
-94.03201649155429,30.029340099318432,75120400030293,184.73878821100737,75120400033,0.0,302.0,61393.872607417536,Neches River
-94.03231190236416,30.031097895299833,75120400030303,213.02976057708747,75120400033,0.0,285.0,61606.902367994626,Neches River
-94.03251960521382,30.032855446019454,75120400030313,181.23856984394678,75120400033,0.0,303.0,61788.14093783857,Neches River
-94.03260006800868,30.034614460890097,75120400030323,210.05833512045837,75120400033,0.0,330.0,61998.19927295903,Neches River
-94.03261971559762,30.03650930998917,75120400030333,210.0583351296227,75120400033,0.0,420.0,62208.25760808865,Neches River
-94.03263796146786,30.038268812223006,75120400030343,180.05000154683555,75120400033,0.0,517.5,62388.307609635485,Neches River
-94.03271843370655,30.04002782544358,75120400030353,211.8411796038389,75120400033,0.0,510.0,62600.14878923933,Neches River
-94.03267445795501,30.041787815238173,75120400030363,184.73876409553685,75120400033,0.0,494.0,62784.88755333486,Neches River
-94.0319756954541,30.04341758661454,75120400030373,208.0556944395948,75120400033,0.0,496.0,62992.943247774456,Neches River
-94.03090354327443,30.04505028157229,75120400030383,204.62175490814838,75120400033,0.0,445.0,63197.565002682604,Neches River
-94.02967438403398,30.046548840063558,75120400030393,192.72204236134942,75120400033,0.0,509.0,63390.28704504395,Neches River
-94.02881996612632,30.048179813449934,75120400030403,222.80526997737428,75120400033,0.0,455.0,63613.09231502133,Neches River
-94.02830918951021,30.0499434519038,75120400030413,183.6158896982575,75120400033,0.0,358.0,63796.70820471959,Neches River
-94.02829625300335,30.05170319625453,75120400030423,213.62425857777498,75120400033,0.0,284.0,64010.33246329736,Neches River
-94.02859448323555,30.053460506532467,75120400030433,189.1317701059872,75120400033,0.0,242.0,64199.46423340335,Neches River
-94.02923361379538,30.055079790588845,75120400040013,159.12338373032077,75120400043,0.0,249.0,64358.58761713368,Neches River
-94.03015282449172,30.056696876832422,75120400040023,199.2701560463988,75120400043,0.0,244.0,64557.857773180076,Neches River
-94.03110318384194,30.058313711497405,75120400040033,223.70866256598077,75120400043,0.0,276.0,64781.566435746056,Neches River
-94.0323011189481,30.05979323806577,75120400040043,172.30172973370503,75120400043,0.0,441.0,64953.86816547976,Neches River
-94.03318790012268,30.061275198252662,75120400040053,204.62165732349598,75120400043,0.0,825.0,65158.489822803254,Neches River
-94.0347565206825,30.062473722584105,75120400040063,216.90646504733223,75120400043,0.0,630.0,65375.39628785059,Neches River
-94.03677927962987,30.06247004452168,75120400040073,181.23848815416193,75120400043,0.0,592.0,65556.63477600475,Neches River
-94.03880599436239,30.062828139002896,75120400040083,215.93545854175184,75120400043,0.0,298.0,65772.5702345465,Neches River
-94.04083130684592,30.063055762775,75120400040093,184.1442199211898,75120400043,0.0,256.0,65956.7144544677,Neches River
-94.04270471855821,30.063636487264052,75120400040103,205.37977137819317,75120400043,0.0,247.0,66162.09422584588,Neches River
-94.04442738382413,30.06467859467585,75120400040113,188.7126449075952,75120400043,0.0,233.0,66350.80687075348,Neches River
-94.04599647618413,30.065911399744188,75120400040123,212.1903577669302,75120400043,0.0,254.0,66562.99722852041,Neches River
-94.04756674776816,30.06725246098119,75120400040133,208.18151574240224,75120400043,0.0,339.0,66771.17874426281,Neches River
-94.04870279278853,30.068732323618676,75120400040143,201.94544673959334,75120400043,0.0,376.0,66973.12419100241,Neches River
-94.04962244890996,30.070349259878746,75120400040153,199.26994593600296,75120400043,0.0,449.0,67172.39413693841,Neches River
-94.05035540232751,30.071967680875353,75120400040163,192.2016527768927,75120400043,0.0,481.0,67364.5957897153,Neches River
-94.05136705342059,30.07344851191769,75120400040173,196.7298280626975,75120400043,0.0,464.0,67561.325617778,Neches River
-94.05308911917163,30.074355152421568,75120400040183,195.24018039050765,75120400043,0.0,725.5,67756.5657981685,Neches River
-94.05511038544282,30.07423065430635,75120400040193,211.84016944966535,75120400043,0.0,881.0,67968.40596761818,Neches River
-94.0571345214663,30.074322675494876,75120400040203,188.17246022568705,75120400043,0.0,263.0,68156.57842784387,Neches River
-94.05900794705718,30.07487609036935,75120400040213,197.5522230961318,75120400043,0.0,237.0,68354.13065093999,Neches River
-94.06088543636162,30.0758084420683,75120400040223,213.40522134168862,75120400043,0.0,216.0,68567.53587228167,Neches River
-94.06276267082416,30.076713697126287,75120400040233,195.8347108198441,75120400043,0.0,277.0,68763.37058310152,Neches River
-94.0647891799021,30.077022149801053,75120400040243,217.05717513190942,75120400043,0.0,270.0,68980.42775823343,Neches River
-94.06681715303051,30.077465914734113,75120400040253,183.61429523837052,75120400043,0.0,263.0,69164.0420534718,Neches River
-94.0688422330396,30.077638960250848,75120400040263,211.83946558095303,75120400043,0.0,240.0,69375.88151905275,Neches River
-94.07086177933293,30.077297667629978,75120400040273,183.54861778364605,75120400043,0.0,201.0,69559.43013683641,Neches River
-94.07288364770729,30.077172894486147,75120400040283,212.43353227293156,75120400043,0.0,248.0,69771.86366910934,Neches River
-94.07490404664674,30.07691274650768,75120400040293,186.45431733897513,75120400043,0.0,245.0,69958.31798644831,Neches River
-94.07692208847416,30.076436018161104,75120400040303,212.43332161357074,75120400043,0.0,321.0,70170.75130806188,Neches River
-94.07910248303509,30.07658056174693,75120400040313,213.6217570257393,75120400043,0.0,284.0,70384.37306508762,Neches River
-94.08112667720252,30.076726348289654,75120400040323,181.83082574597438,75120400043,0.0,369.0,70566.2038908336,Neches River
-94.08296914658052,30.077225536459004,75120400040333,202.9793962169851,75120400043,0.0,451.5,70769.18328705058,Neches River
-94.08426174243856,30.07873086017434,75120400040343,213.40394970638505,75120400043,0.0,499.5,70982.58723675697,Neches River
-94.08567621463224,30.079991523883965,75120400040353,174.68863127052094,75120400043,0.0,155.0,71157.27586802749,Neches River
-94.08755078223051,30.08062573069819,75120400040363,224.5195378045574,75120400043,0.0,175.0,71381.79540583205,Neches River
-94.08958099661922,30.081258619902385,75120400040373,188.17096765413677,75120400043,0.0,179.5,71569.96637348618,Neches River
-94.09142240609783,30.08170354824291,75120400040383,202.1069176030632,75120400043,0.0,148.0,71772.07329108924,Neches River
-94.09274542010337,30.083127318766962,75120400040393,185.27645756676498,75120400043,0.0,138.0,71957.34974865601,Neches River
-94.09375930064846,30.08474314532474,75120400040403,223.52943795293615,75120400043,0.0,175.0,72180.87918660895,Neches River
-94.09346472071047,30.086261573318865,75120400040413,188.1979970298292,75120400043,0.0,216.5,72369.07718363877,Neches River
-94.09151417270449,30.087225274706547,75120400040423,211.48669195549473,75120400043,0.0,210.0,72580.56387559426,Neches River
-94.08975598753409,30.08870170188349,75120400040433,224.06046005400617,75120400043,0.0,646.5,72804.62433564827,Neches River
-94.09014465686906,30.090079099539313,75120400050013,145.29461188461997,75120400053,0.0,531.0,72949.91894753289,Neches River
-94.09156293663129,30.091393570318097,75120400050023,204.78230428756876,75120400053,0.0,575.5,73154.70125182046,Neches River
-94.09136436704952,30.09315509285828,75120400050033,215.3383311948249,75120400053,0.0,384.0,73370.03958301528,Neches River
-94.09066475494893,30.09492049158738,75120400050043,199.26794697023797,75120400053,0.0,180.5,73569.30752998553,Neches River
-94.09002886653005,30.09655002771251,75120400050053,193.15789874807237,75120400053,0.0,153.0,73762.4654287336,Neches River
-94.08917356401315,30.098046025004873,75120400050063,173.05787272718777,75120400053,0.0,139.5,73935.52330146078,Neches River
-94.08810121255667,30.099625027565693,75120400050073,226.64908848646536,75120400053,0.0,156.0,74162.17238994726,Neches River
-94.08724792975656,30.101445835279172,75120400050083,208.75859012096967,75120400053,0.0,143.5,74370.93098006822,Neches River
-94.08710857019759,30.10307123461653,75120400050093,183.54780211244426,75120400053,0.0,114.0,74554.47878218067,Neches River
-94.08650489312814,30.104486779799377,75120400050103,195.4344194353821,75120400053,0.0,159.0,74749.91320161604,Neches River
-94.08469243485216,30.103930431640077,75120400050113,207.3997720659803,75120400053,0.0,175.0,74957.31297368203,Neches River
-94.08266532217613,30.103671306273704,75120400050123,185.85968544161491,75120400053,0.0,189.0,75143.17265912364,Neches River
-94.08080271702258,30.10412491776747,75120400050133,195.8338457711355,75120400053,0.0,204.5,75339.00650489477,Neches River
-94.07909987093285,30.105005188985395,75120400050143,186.03563046347927,75120400053,0.0,127.0,75525.04213535826,Neches River
-94.07780994340463,30.106640038960947,75120400050153,249.09950002874768,75120400053,0.0,150.0,75774.141635387,Neches River
-94.07680340261456,30.108570334657145,75120400060013,162.55624514547455,75120400063,0.0,218.0,75936.69788053248,Neches River
-94.0759777609438,30.109957721211828,75120400060023,203.0336487256297,75120400063,0.0,165.5,76139.7315292581,Neches River
-94.07425008092696,30.111433696313863,75120400060033,196.7287428871116,75120400063,0.0,117.0,76336.46027214521,Neches River
-94.07348782068104,30.11292883310435,75120400060043,188.76592173327472,75120400063,0.0,130.0,76525.2261938785,Neches River
-94.07341344093801,30.114689055156276,75120400060053,214.15074981375918,75120400063,0.0,152.0,76739.37694369224,Neches River
-94.07399144892399,30.116308588488074,75120400060063,171.34120144966306,75120400063,0.0,150.0,76910.71814514192,Neches River
-94.07503505598592,30.11778895322471,75120400060073,210.7290164700946,75120400063,0.0,186.5,77121.44716161201,Neches River
-94.07632778839685,30.119267267336063,75120400060083,188.71118698360536,75120400063,0.0,180.0,77310.1583485956,Neches River
-94.07734032500781,30.120747866703503,75120400060093,199.2686274421541,75120400063,0.0,169.0,77509.42697603776,Neches River
-94.07816900701194,30.122500676453548,75120400060103,220.49105830451015,75120400063,0.0,156.0,77729.91803434228,Neches River
-94.0783185598091,30.12425859561055,75120400060113,181.23660353171607,75120400063,0.0,121.0,77911.15463787399,Neches River
-94.07870252065221,30.125744805647706,75120400060123,182.79242532939784,75120400063,0.0,142.0,78093.94706320339,Neches River
-94.08011702448309,30.126951368509157,75120400060133,165.7421730487294,75120400063,0.0,169.0,78259.68923625212,Neches River
-94.08184590873103,30.128426034534424,75120400060143,241.96238197115989,75120400063,0.0,208.5,78501.65161822329,Neches River
-94.08356597537065,30.129088622823446,75120400060153,201.9438236454426,75120400063,0.0,188.0,78703.59544186872,Neches River
-94.08547408851061,30.129857917295396,75120400060163,171.3042146619315,75120400063,0.0,161.0,78874.89965653066,Neches River
-94.08747535454823,30.13059934097588,75120400060173,248.23801993522147,75120400063,0.0,181.0,79123.13767646588,Neches River
-94.08949768260388,30.130420149894874,75120400060183,185.26512555306928,75120400063,0.0,194.0,79308.40280201894,Neches River
-94.09136817335978,30.130592816379682,75120400060193,183.01893770746457,75120400063,0.0,186.5,79491.42173972641,Neches River
-94.09324314444686,30.131174070450538,75120400060203,222.9380002451436,75120400063,0.0,143.0,79714.35973997155,Neches River
-94.0946608862448,30.132651152836914,75120400060213,185.27639426874873,75120400063,0.0,159.0,79899.6361342403,Neches River
-94.09576396946329,30.133833066469784,75120400060223,183.18663109348057,75120400063,0.0,223.5,80082.82276533378,Neches River
-94.09718148784305,30.135283050867457,75120400060233,201.79037677250525,75120400063,0.0,223.0,80284.61314210629,Neches River
-94.09905897915014,30.13607686250815,75120400060243,221.4481161496832,75120400063,0.0,142.0,80506.06125825597,Neches River
-94.1010849977642,30.13622491741642,75120400060253,187.57618258888695,75120400063,0.0,93.0,80693.63744084486,Neches River
-94.1029462818876,30.135559594655398,75120400060263,193.91659561950073,75120400063,0.0,111.5,80887.55403646435,Neches River
-94.10480844486545,30.13497545073335,75120400060273,187.41106135636144,75120400063,0.0,93.0,81074.96509782072,Neches River
-94.10683172799158,30.13487719609184,75120400060283,218.1779929850452,75120400063,0.0,120.0,81293.14309080577,Neches River
-94.10825093206404,30.136191452372508,75120400060293,199.8556392634571,75120400063,0.150000005960464,128.0,81492.99873006923,Neches River
-94.10754887708481,30.137740646739672,75120400060303,197.54126884981324,75120400063,0.350000023841858,140.0,81690.53999891903,Neches River
-94.10577920217943,30.138242838607937,75120400060313,181.23545258116903,75120400063,0.350000023841858,217.5,81871.7754515002,Neches River
-94.10375494519394,30.138259874246998,75120400060323,216.82466016981942,75120400063,0.400000005960464,155.0,82088.60011167002,Neches River
-94.10189421830397,30.138979345808476,75120400060333,174.97429341358804,75120400063,0.400000005960464,129.0,82263.57440508361,Neches River
-94.10053715753382,30.140181843434927,75120400060343,216.30832573076188,75120400063,1.100000023841858,159.0,82479.88273081438,Neches River
-94.10036982279338,30.141942845474397,75120400060353,181.23561565432584,75120400063,1.125000059604645,152.5,82661.1183464687,Neches River
-94.10116554761377,30.14347920516271,75120400060363,213.11675809257167,75120400063,1.225000023841858,164.0,82874.23510456127,Neches River
-94.1030462377096,30.14454624368866,75120400060373,206.33488153416417,75120400063,1.300000071525574,129.0,83080.56998609543,Neches River
-94.10492063294168,30.145044822284163,75120400060383,187.04723084569338,75120400063,1.300000071525574,125.5,83267.61721694113,Neches River
-94.10694774749513,30.145279255270058,75120400060393,211.8375003944498,75120400063,1.300000071525574,123.0,83479.45471733558,Neches River
-94.10897487036857,30.145499219031997,75120400060403,183.01813654763177,75120400063,1.300000071525574,130.0,83662.47285388321,Neches River
-94.11084961418058,30.146023464464104,75120400060413,209.76838930904736,75120400063,1.300000071525574,127.0,83872.24124319226,Neches River
-94.11226661697376,30.14739206904876,75120400060423,181.841654975976,75120400063,1.300000071525574,129.0,84054.08289816824,Neches River
-94.11321769072897,30.148872892728583,75120400060433,197.54953520051004,75120400063,1.300000071525574,129.0,84251.63243336874,Neches River
-94.11348661916911,30.150630204570806,75120400060443,214.7428966323948,75120400063,1.300000071525574,137.0,84466.37533000114,Neches River
-94.11313414291132,30.15252814062373,75120400060453,218.17755202166515,75120400063,1.300000071525574,218.0,84684.5528820228,Neches River
-94.11471970351121,30.157793456575597,75120400080011,179.166128177458,75120400081,1.300000071525574,119.0,85240.65287511268,Neches River
-94.1151102377316,30.159414362809116,75120400080021,186.4523943525254,75120400081,1.300000071525574,128.5,85427.1052694652,Neches River
-94.11419555422252,30.16104638269431,75120400080031,203.65882040035035,75120400081,1.300000071525574,94.0,85630.76408986555,Neches River
-94.11392738167547,30.16267258026684,75120400080041,188.53359716676783,75120400081,1.300000071525574,91.0,85819.29768703232,Neches River
-94.11245316095953,30.164011863760475,75120400080051,228.06491706151195,75120400081,1.300000071525574,84.0,86047.36260409383,Neches River
-94.11046620749627,30.16462424885166,75120400080061,201.85568963536323,75120400081,1.300000071525574,95.0,86249.2182937292,Neches River
-94.10973951428366,30.166227852897592,75120400080071,184.73533163778424,75120400081,1.300000071525574,97.5,86433.95362536698,Neches River
-94.1103138892656,30.167711587812516,75120400080081,186.60896362340918,75120400081,1.300000071525574,84.0,86620.56258899039,Neches River
-94.11151435605868,30.169190305761905,75120400080091,201.9423679037551,75120400081,1.300000071525574,87.0,86822.50495689415,Neches River
-94.11224909105559,30.170808314101123,75120400080101,198.13530403015045,75120400081,1.400000095367432,82.0,87020.6402609243,Neches River
-94.11394442003024,30.17195796452654,75120400080111,215.79152023347592,75120400081,1.600000023841858,84.0,87236.43178115776,Neches River
-94.11452253504939,30.17349607671071,75120400080121,207.07325775730047,75120400081,1.600000023841858,96.0,87443.50503891507,Neches River
-94.11275956552615,30.174648006901542,75120400080131,208.41549926002216,75120400081,1.600000023841858,123.0,87651.9205381751,Neches River
-94.11193908168647,30.17622508304735,75120400080141,184.14096114553521,75120400081,1.600000023841858,103.0,87836.06149932063,Neches River
-94.11192160546926,30.177984766177513,75120400080151,211.8371375959317,75120400081,1.600000023841858,107.0,88047.89863691657,Neches River
-94.11141476251852,30.179748673622587,75120400080161,192.56262851781335,75120400081,1.600000023841858,89.0,88240.46126543437,Neches River
-94.11134104601183,30.181508884009023,75120400080171,211.83717057222785,75120400081,1.600000023841858,67.0,88452.2984360066,Neches River
-94.11148542336586,30.183267245895134,75120400080181,181.23512893145994,75120400081,1.600000023841858,45.0,88633.53356493806,Neches River
-94.11143678618237,30.185027191392205,75120400080191,212.43143980853938,75120400081,1.600000023841858,36.0,88845.9650047466,Neches River
-94.1110575716483,30.186790040452497,75120400080201,187.04687162258926,75120400081,1.600000023841858,67.0,89033.01187636919,Neches River
-94.11017252086452,30.188448837621774,75120400080211,212.10392184504573,75120400081,1.600000023841858,87.0,89245.11579821423,Neches River
-94.10820592048165,30.188140624218754,75120400080221,215.87788677895617,75120400081,1.600000023841858,63.0,89460.99368499318,Neches River
-94.10632766149519,30.187422943174077,75120400080231,196.86892556824716,75120400081,1.600000023841858,74.5,89657.86261056144,Neches River
-94.10521806921301,30.1887348195269,75120400080241,194.27954823504427,75120400081,1.600000023841858,83.0,89852.14215879649,Neches River
-94.10589144600581,30.190163381825126,75120400080251,182.60049143867084,75120400081,1.600000023841858,63.0,90034.74265023516,Neches River
-94.107214345455,30.191424534074933,75120400080261,191.88183098159743,75120400081,1.600000023841858,76.0,90226.62448121674,Neches River
-94.10679658492214,30.1930793626966,75120400080271,225.19512602986313,75120400081,1.600000023841858,84.5,90451.81960724661,Neches River
-94.10498448946815,30.192661516345424,75120400080281,190.61795489309296,75120400081,1.600000023841858,67.0,90642.4375621397,Neches River
-94.10325653203597,30.191403749901784,75120400080291,220.84566962924617,75120400081,1.600000023841858,84.0,90863.28323176895,Neches River
-94.10165445835955,30.190253184698012,75120400080301,185.27609012045176,75120400081,1.600000023841858,87.0,91048.5593218894,Neches River
-94.10064112129297,30.188799882946647,75120400080311,202.52865137328985,75120400081,1.600000023841858,81.0,91251.08797326269,Neches River
-94.0987050958766,30.188437129049543,75120400080321,215.8668577460893,75120400081,1.600000023841858,54.0,91466.95483100878,Neches River
-94.09747467350857,30.18961227382802,75120400080331,195.9105032177353,75120400081,1.600000023841858,86.5,91662.86533422652,Neches River
-94.09867222697483,30.191090320434945,75120400080341,196.72760832539092,75120400081,1.600000023841858,84.0,91859.59294255191,Neches River
-94.099408432368,30.19257279520091,75120400080351,185.85888058258163,75120400081,1.600000023841858,65.0,92045.45182313448,Neches River
-94.09898722834654,30.194200795193485,75120400080361,203.65963005676355,75120400081,1.600000023841858,75.0,92249.11145319126,Neches River
-94.09795181447697,30.1958342742249,75120400080371,197.54960539248066,75120400081,1.600000023841858,82.0,92446.66105858373,Neches River
-94.09830509936484,30.19759030376847,75120400080381,217.58412600396417,75120400081,1.600000023841858,63.0,92664.2451845877,Neches River
-94.09726483624362,30.199060847727853,75120400080391,209.00998457511446,75120400081,1.600000023841858,77.0,92873.25516916282,Neches River
-94.09572922261067,30.19828864373124,75120400080401,185.85906362014893,75120400081,1.600000023841858,79.5,93059.11423278296,Neches River
-94.09459094156031,30.196809270294832,75120400080411,204.78223346537138,75120400081,1.600000023841858,88.0,93263.89646624833,Neches River
-94.09272397507291,30.197068477254508,75120400080421,211.10266072340335,75120400081,1.600000023841858,84.0,93474.99912697174,Neches River
-94.09161591536626,30.198594671612224,75120400080431,194.64406234594503,75120400081,1.600000023841858,85.0,93669.64318931768,Neches River
-94.09306100514624,30.199366666006206,75120400080441,189.80142088988907,75120400081,1.600000023841858,104.5,93859.44461020757,Neches River
-94.09379328775492,30.200768228057832,75120400080451,200.86980991079395,75120400081,1.600000023841858,63.0,94060.31442011836,Neches River
-94.09374832188954,30.202338694827045,75120400080461,205.45471769323476,75120400081,1.600000023841858,84.0,94265.7691378116,Neches River
-94.09525791694928,30.20357133727376,75120400080471,179.75275042138057,75120400081,1.600000023841858,84.0,94445.52188823298,Neches River
-94.09658327020124,30.20504913723945,75120400080481,230.5730644367949,75120400081,1.600000023841858,84.0,94676.09495266978,Neches River
-94.09797099092833,30.206526400632065,75120400080491,200.1615841256483,75120400081,1.600000023841858,84.0,94876.25653679542,Neches River
-94.09941957778877,30.207867785340518,75120400080501,196.15280058452805,75120400081,1.600000023841858,84.0,95072.40933737996,Neches River
-94.10074354492104,30.209210199591624,75120400080511,196.15273645839244,75120400081,1.600000023841858,84.0,95268.56207383834,Neches River
-94.1022242793548,30.210632492870644,75120400080521,219.8869405203148,75120400081,1.600000023841858,123.0,95488.44901435866,Neches River
-94.1040957021134,30.21075209625559,75120400080531,184.14144327442287,75120400081,1.600000023841858,116.5,95672.59045763308,Neches River
-94.1059665234707,30.210817536988372,75120400080541,199.26661222631398,75120400081,1.600000023841858,86.5,95871.8570698594,Neches River
-94.10769182931898,30.21180457590077,75120400080551,188.70978571891698,75120400081,1.600000023841858,84.0,96060.56685557832,Neches River
-94.10941716944245,30.212791590897584,75120400080561,213.40273469207148,75120400081,1.600000023841858,96.0,96273.96959027038,Neches River
-94.11114497689908,30.213995125089358,75120400080571,193.29308245871061,75120400081,1.600000023841858,87.0,96467.26267272909,Neches River
-94.1120951850968,30.215340587330864,75120400080581,189.85909657532912,75120400081,1.600000023841858,84.0,96657.12176930443,Neches River
-94.11382093498044,30.216246337026185,75120400080591,203.06467951449753,75120400081,1.600000023841858,95.0,96860.18644881892,Neches River
-94.11583761685576,30.215525344526224,75120400080601,214.21650431827592,75120400081,1.600000023841858,111.0,97074.40295313719,Neches River
-94.11719215671263,30.216514905180595,75120400080611,206.95960174554295,75120400081,1.600000023841858,138.0,97281.36255488274,Neches River
-94.1166464378868,30.218144283546344,75120400080621,204.6175397242164,75120400081,1.600000023841858,108.0,97485.98009460696,Neches River
-94.11572974560094,30.21977631295401,75120400080631,191.4393935229236,75120400081,1.600000023841858,94.0,97677.41948812988,Neches River
-94.11541286105802,30.221538636412443,75120400080641,215.33710220439164,75120400081,1.899999976158142,136.0,97892.75659033428,Neches River
-94.11623547431496,30.223155802460777,75120400080651,193.29282658854584,75120400081,1.899999976158142,117.0,98086.04941692282,Neches River
-94.11699729668953,30.224637623472745,75120400080661,196.95511430582607,75120400081,1.899999976158142,104.5,98283.00453122864,Neches River
-94.11627063268861,30.2262685935398,75120400080671,191.43937222364463,75120400081,1.899999976158142,115.5,98474.4439034523,Neches River
-94.11598185882666,30.22803065146727,75120400080681,211.24267658195387,75120400081,1.899999976158142,120.0,98685.68658003425,Neches River
-94.11612488588267,30.229924330846565,75120400080691,214.7427992492748,75120400081,1.899999976158142,108.0,98900.42937928352,Neches River
-94.11664350803937,30.231679483594224,75120400080701,191.4393591714083,75120400081,1.899999976158142,115.5,99091.86873845493,Neches River
-94.11772171862359,30.23329450965165,75120400080711,201.347108153374,75120400081,1.899999976158142,104.5,99293.2158466083,Neches River
-94.11752188421227,30.234920432728618,75120400080721,198.50746153123106,75120400081,1.899999976158142,104.5,99491.72330813954,Neches River
-94.11654271373233,30.23655299904879,75120400080731,197.54941001889367,75120400081,1.899999976158142,97.5,99689.27271815842,Neches River
-94.1161011116176,30.23831638341534,75120400080741,211.836946368671,75120400081,1.899999976158142,108.0,99901.10966452709,Neches River
-94.11648743788494,30.23993725732739,75120400080751,171.33943726006967,75120400081,1.899999976158142,87.0,100072.44910178716,Neches River
-94.11759538406291,30.24141667614488,75120400080761,216.8361769413349,75120400081,1.899999976158142,108.0,100289.2852787285,Neches River
-94.11845549445758,30.243033019957267,75120400080771,189.65647338316452,75120400081,1.899999976158142,94.0,100478.94175211167,Neches River
-94.11741238080347,30.24453131882041,75120400080781,209.45092792008901,75120400081,1.899999976158142,129.0,100688.39268003176,Neches River
-94.115551009001,30.24535929123597,75120400080791,214.1486665092854,75120400081,1.899999976158142,67.0,100902.54134654104,Neches River
-94.1135270084628,30.245593073872744,75120400080801,189.88722367179216,75120400081,1.899999976158142,80.0,101092.42857021283,Neches River
-94.11166344935089,30.24623151835045,75120400080811,207.0929866062791,75120400081,1.899999976158142,132.0,101299.5215568191,Neches River
-94.11008988817304,30.24770665850003,75120400080821,211.10171329769992,75120400081,2.549999952316284,106.5,101510.6232701168,Neches River
-94.10939106926953,30.249336796176536,75120400080831,190.84544564870717,75120400081,2.799999952316284,94.0,101701.46871576551,Neches River
-94.10906484202044,30.250828424399405,75120400080841,212.65260298351137,75120400081,2.799999952316284,122.0,101914.12131874904,Neches River
-94.1073994568522,30.252466732180736,75120400080851,196.11430056988632,75120400081,2.799999952316284,108.0,102110.23561931892,Neches River
-94.1062915962643,30.253775467910113,75120400080861,182.60050608682673,75120400081,2.799999952316284,84.0,102292.83612540574,Neches River
-94.1045852436271,30.254547837581814,75120400080871,208.81067977746602,75120400081,2.8249999284744263,84.0,102501.6468051832,Neches River
-94.10272538647212,30.255538040323927,75120400080881,195.83285693886646,75120400081,2.900000095367432,63.0,102697.47966212207,Neches River
-94.10070234865388,30.25587465930895,75120400080891,217.58411618204917,75120400081,2.900000095367432,63.0,102915.06377830413,Neches River
-94.09867176349539,30.255596556112522,75120400080901,183.61292629982802,75120400081,2.900000095367432,48.0,103098.67670460396,Neches River
-94.09690205605517,30.256236628651433,75120400080911,208.13003353809088,75120400081,2.900000095367432,84.0,103306.80673814204,Neches River
-94.09601557964848,30.25784172065193,75120400080921,187.04761744247656,75120400081,2.900000095367432,80.0,103493.85435558452,Neches River
-94.09668690570513,30.2593244457732,75120400080931,190.61837607788567,75120400081,2.900000095367432,75.0,103684.4727316624,Neches River
-94.09841479420751,30.26047398735894,75120400080941,216.83728947138886,75120400081,2.900000095367432,84.0,103901.3100211338,Neches River
-94.10013910132676,30.261298692208833,75120400080951,179.1668835458338,75120400081,2.900000095367432,105.0,104080.47690467963,Neches River
-94.10171508457161,30.26280137831665,75120400080961,259.2745795353012,75120400081,2.900000095367432,87.0,104339.75148421494,Neches River
-94.10344460504339,30.264032052357585,75120400090011,161.20180443251394,75120400091,2.900000095367432,135.5,104500.95328864746,Neches River
-94.10547022535752,30.263960823025702,75120400090021,219.13624850642793,75120400091,2.900000095367432,80.0,104720.0895371539,Neches River
-94.10683646434595,30.263434420449215,75120400090031,178.6616661805951,75120400091,3.299999952316284,42.0,104898.7512033345,Neches River
-94.10694145509464,30.261674494234633,75120400090041,208.88633948402463,75120400091,3.299999952316284,63.0,105107.63754281851,Neches River
-94.1087181785055,30.2616053232655,75120400090051,205.74038117136058,75120400091,3.299999952316284,100.5,105313.37792398987,Neches River
-94.11059575292009,30.262187602677834,75120400090061,184.14116817712323,75120400091,3.299999952316284,67.0,105497.519092167,Neches River
-94.11262742536763,30.262600836192654,75120400090071,229.7822953134576,75120400091,3.299999952316284,75.0,105727.30138748046,Neches River
-94.11323758512586,30.264165722901552,75120400090081,176.61642954468186,75120400091,3.299999952316284,73.5,105903.91781702514,Neches River
-94.1114002863581,30.264403182846088,75120400090091,214.7431750940951,75120400091,3.299999952316284,92.0,106118.66099211923,Neches River
-94.11021841264164,30.265383963846876,75120400090101,198.26698740749677,75120400091,3.299999952316284,112.0,106316.92797952674,Neches River
-94.11151639674463,30.266128895857932,75120400090111,168.85341387465016,75120400091,3.299999952316284,151.0,106485.78139340138,Neches River
-94.11099848269824,30.26765076912727,75120400090121,202.5527351076279,75120400091,3.299999952316284,150.5,106688.33412850901,Neches River
-94.11198620854285,30.26934676441073,75120400090131,213.77705962564934,75120400091,3.299999952316284,85.5,106902.11118813466,Neches River
-94.11228669864833,30.271103774479535,75120400090141,219.36621663771757,75120400091,3.299999952316284,80.0,107121.47740477238,Neches River
-94.11218027295124,30.272728889552507,75120400090151,169.02805115372047,75120400091,3.299999952316284,134.0,107290.50545592609,Neches River
-94.1133197254931,30.27420806474996,75120400090161,205.3762620907121,75120400091,3.299999952316284,85.5,107495.88171801681,Neches River
-94.11439837060055,30.2758230975145,75120400090171,223.7042248020979,75120400091,3.299999952316284,49.5,107719.5859428189,Neches River
-94.11560026503632,30.277301719576204,75120400090181,174.97372140692607,75120400091,3.299999952316284,48.0,107894.55966422583,Neches River
-94.1168630364228,30.278644459582697,75120400090191,200.16067503379819,75120400091,3.299999952316284,84.0,108094.72033925963,Neches River
-94.11801030134268,30.28025839403892,75120400090201,228.67942955181516,75120400091,4.5,96.0,108323.39976881145,Neches River
-94.11861575493074,30.281932049259098,75120400090211,207.67831183715552,75120400091,4.5,164.0,108531.0780806486,Neches River
-94.12006667791404,30.283354358157254,75120400090221,199.17912278310135,75120400091,4.5,98.5,108730.2572034317,Neches River
-94.11946135803072,30.28498374237097,75120400090231,202.90011381345158,75120400091,4.5,77.0,108933.15731724516,Neches River
-94.11938623266869,30.286608590582006,75120400090241,188.7638448751119,75120400091,4.5,57.0,109121.92116212027,Neches River
-94.11899306503938,30.287586752121413,75120400090251,178.9777676408046,75120400091,4.5,112.0,109300.89892976107,Neches River
-94.11726507174434,30.286599643613048,75120400090261,196.15196238459293,75120400091,4.5,63.0,109497.05089214566,Neches River
-94.11538147921829,30.28559447723965,75120400090271,228.187056043017,75120400091,4.5,89.0,109725.23794818867,Neches River
-94.11421037976551,30.286517958920346,75120400090281,208.152659319929,75120400091,4.5,94.0,109933.39060750861,Neches River
-94.11509898398911,30.288134041174843,75120400090291,175.7322590243925,75120400091,4.5,108.0,110109.122866533,Neches River
-94.11586591719472,30.289751710930325,75120400090301,222.80066141065544,75120400091,4.5,108.0,110331.92352794365,Neches River
-94.11688393438783,30.291502583346816,75120400090311,203.064500110755,75120400091,4.5,72.5,110534.98802805442,Neches River
-94.11705522571785,30.293125300105885,75120400090321,181.82920000914194,75120400091,4.5,99.5,110716.81722806355,Neches River
-94.11692227727609,30.294886015790237,75120400090331,211.83693875305434,75120400091,4.5,92.0,110928.6541668166,Neches River
-94.11716056376116,30.296643536159962,75120400090341,183.01773862094265,75120400091,4.5,87.0,111111.67190543756,Neches River
-94.11764840182133,30.298398924391737,75120400090351,220.4889783364141,75120400091,4.5,80.0,111332.16088377396,Neches River
-94.11785551835456,30.30015670844369,75120400090361,197.54867639937189,75120400091,4.5,92.0,111529.70956017333,Neches River
-94.11634023242507,30.30133365625766,75120400090371,195.23793546186107,75120400091,4.5,71.0,111724.94749563519,Neches River
-94.11447779453033,30.302161633542447,75120400090381,209.68221968716495,75120400091,4.700000286102295,63.0,111934.62971532237,Neches River
-94.11380896949495,30.303710321387562,75120400090391,184.1409424769013,75120400091,4.700000286102295,78.5,112118.77065779926,Neches River
-94.11342026683536,30.30520248221636,75120400090401,204.34072617315178,75120400091,4.700000286102295,114.0,112323.11138397241,Neches River
-94.11140083849425,30.305950542431724,75120400090411,200.22518775249313,75120400091,5.900000333786011,65.0,112523.33657172491,Neches River
-94.10937711113759,30.306319627703555,75120400090421,211.24318014135227,75120400091,6.5,60.0,112734.57975186626,Neches River
-94.10756960556807,30.306497361178753,75120400090431,189.72591574211629,75120400091,6.5,63.0,112924.30566760838,Neches River
-94.10580453111422,30.307676303736375,75120400090441,191.88201003999967,75120400091,6.599999904632568,57.0,113116.18767764838,Neches River
-94.10409391791424,30.307826921134314,75120400090451,190.34396409854105,75120400091,6.599999904632568,92.0,113306.53164174691,Neches River
-94.10535208515722,30.30906070053215,75120400090461,234.26154918718237,75120400091,6.599999904632568,94.0,113540.7931909341,Neches River
-94.10677264575065,30.310266341652962,75120400090471,189.1282989935471,75120400091,6.599999904632568,75.5,113729.92148992766,Neches River
-94.10600458231004,30.31159977174761,75120400090481,179.2441019656605,75120400091,6.599999904632568,84.0,113909.16559189331,Neches River
-94.10470978988558,30.312991284288216,75120400090491,203.27536461858278,75120400091,6.700000286102295,68.0,114112.44095651188,Neches River
-94.10369452953438,30.314164138600304,75120400090501,196.54076338492536,75120400091,6.700000286102295,75.0,114308.98171989681,Neches River
-94.10165818395325,30.31368586872539,75120400090511,235.9588348031074,75120400091,6.700000286102295,107.0,114544.94055469992,Neches River
-94.10089669936522,30.315189032772512,75120400090521,184.14154961948208,75120400091,6.700000286102295,80.0,114729.0821043194,Neches River
-94.10041567646765,30.316817283544207,75120400090531,203.6596279073669,75120400091,6.700000286102295,67.0,114932.74173222677,Neches River
-94.09980984162291,30.31844658187713,75120400090541,203.57290504244042,75120400091,6.700000286102295,80.5,115136.31463726921,Neches River
-94.1015663898749,30.31921946415506,75120400090551,191.96899922723816,75120400091,6.700000286102295,60.0,115328.28363649645,Neches River
-94.10343593505189,30.31904128601205,75120400090561,192.92700741868597,75120400091,6.700000286102295,76.5,115521.21064391514,Neches River
-94.10507258534464,30.320297130302908,75120400090571,211.48607899625873,75120400091,6.700000286102295,73.5,115732.6967229114,Neches River
-94.10575240734266,30.32204939476394,75120400090581,209.31661777259316,75120400091,6.700000286102295,63.0,115942.01334068399,Neches River
-94.10456557246034,30.322385804335315,75120400090591,169.02844714035234,75120400091,6.700000286102295,51.0,116111.04178782433,Neches River
-94.10283620235438,30.321209315658344,75120400090601,223.32089364156752,75120400091,6.700000286102295,52.5,116334.36268146591,Neches River
-94.10096267901847,30.32108974828551,75120400090611,194.6444374571423,75120400091,6.700000286102295,69.0,116529.00711892305,Neches River
-94.09925604090337,30.321943273289264,75120400090621,181.8423665718867,75120400091,6.700000286102295,84.0,116710.84948549494,Neches River
-94.09799222026697,30.32333550829214,75120400090631,212.0605081801662,75120400091,6.700000286102295,71.5,116922.9099936751,Neches River
-94.09912935442298,30.324510751009672,75120400090641,196.5048357598984,75120400091,6.700000286102295,83.5,117119.414829435,Neches River
-94.1011534984135,30.32420382211072,75120400090651,212.15645874536168,75120400091,6.700000286102295,92.0,117331.57128818036,Neches River
-94.10259541938233,30.325054737218696,75120400090661,207.21904714308923,75120400091,6.700000286102295,110.0,117538.79033532346,Neches River
-94.10180418315599,30.326577877515753,75120400090671,170.7949281241158,75120400091,6.700000286102295,79.5,117709.58526344757,Neches River
-94.10044764331843,30.328051079197788,75120400090681,212.24803449039328,75120400091,6.700000286102295,67.0,117921.83329793796,Neches River
-94.09933947624285,30.32941389953177,75120400090691,192.71893260129096,75120400091,6.700000286102295,84.0,118114.55223053925,Neches River
-94.09773051727069,30.330645565085668,75120400090701,222.66034078292833,75120400091,6.700000286102295,84.0,118337.21257132218,Neches River
-94.09671891150397,30.332278253378952,75120400090711,191.44037406497705,75120400091,6.700000286102295,83.5,118528.65294538715,Neches River
-94.09645768261426,30.334039994527078,75120400090721,218.17858214237737,75120400091,6.700000286102295,67.0,118746.83152752953,Neches River
-94.09585017732107,30.335804873421417,75120400090731,185.85911839555098,75120400091,6.700000286102295,71.0,118932.69064592509,Neches River
-94.09630966453847,30.337560335541845,75120400090741,219.89591946795096,75120400091,6.700000286102295,67.0,119152.58656539304,Neches River
-94.09582786494265,30.3391344335785,75120400090751,182.60439374895577,75120400091,6.700000286102295,89.5,119335.190959142,Neches River
-94.09413913316683,30.338823735406866,75120400090761,177.44985626169813,75120400091,6.700000286102295,117.0,119512.64081540369,Neches River
-94.0924083856712,30.337538845782653,75120400090771,226.3720998017743,75120400091,6.700000286102295,105.0,119739.01291520546,Neches River
-94.09053185840227,30.337175528960017,75120400090781,186.45371696785685,75120400091,6.700000286102295,94.0,119925.46663217332,Neches River
-94.08882395208218,30.337947722238468,75120400090791,189.28551180251176,75120400091,6.700000286102295,84.0,120114.75214397583,Neches River
-94.08712319696221,30.339369514578774,75120400090801,239.16593086696628,75120400091,6.700000286102295,84.0,120353.91807484279,Neches River
-94.08541701702808,30.340304069960194,75120400090811,169.6242453097825,75120400091,6.700000286102295,105.0,120523.54232015257,Neches River
-94.08371169845898,30.341319806244204,75120400090821,224.28076915765453,75120400091,6.700000286102295,90.0,120747.82308931023,Neches River
-94.08288550592673,30.34295084116401,75120400090831,188.17132714737124,75120400091,6.700000286102295,91.5,120935.9944164576,Neches River
-94.08259726791219,30.344712817006467,75120400090841,211.83879138482433,75120400091,6.700000286102295,67.0,121147.83320784243,Neches River
-94.08273997866765,30.346606512033546,75120400090851,213.6216152446851,75120400091,6.700000286102295,78.0,121361.45482308712,Neches River
-94.08335231984215,30.348360990035065,75120400090861,198.67347536043127,75120400091,6.700000286102295,91.5,121560.12829844755,Neches River
-94.08504327725316,30.348861296586314,75120400090871,184.73666202138696,75120400091,6.700000286102295,51.0,121744.86496046893,Neches River
-94.08691821610566,30.349062281604482,75120400090881,190.4828303248056,75120400091,6.700000286102295,64.5,121935.34779079375,Neches River
-94.08895340383992,30.34964088466359,75120400090891,223.00118259098915,75120400091,6.700000286102295,54.0,122158.34897338474,Neches River
-94.09064951358926,30.350601264341737,75120400090901,162.72139934672066,75120400091,6.700000286102295,58.5,122321.07037273145,Neches River
-94.08966730405756,30.3520983033172,75120400090911,224.7880022288063,75120400091,6.700000286102295,87.0,122545.85837496025,Neches River
-94.08981014557745,30.353721310208712,75120400090921,189.12912080666302,75120400091,6.700000286102295,70.0,122734.98749576692,Neches River
-94.09135238388102,30.354872451220302,75120400090931,202.70207376054174,75120400091,6.700000286102295,107.5,122937.68956952746,Neches River
-94.09314404742855,30.355994417820856,75120400090941,209.65052315051642,75120400091,6.700000286102295,121.5,123147.34009267797,Neches River
-94.09403453064301,30.357475813761805,75120400090951,192.19974518165378,75120400091,6.700000286102295,97.5,123339.53983785963,Neches River
-94.09501988437847,30.359064687484604,75120400090961,242.30239537394792,75120400091,6.700000286102295,129.0,123581.84223323358,Neches River
-94.09687650717831,30.360402615485203,75120400100011,153.7154445646683,75120400101,6.700000286102295,54.0,123735.55767779826,Neches River
-94.09845105343267,30.361634607138683,75120400100021,208.17908633124426,75120400101,6.700000286102295,63.0,123943.7367641295,Neches River
-94.0991619564026,30.363252874287756,75120400100031,217.05539943209786,75120400101,7.550000190734863,63.0,124160.79216356161,Neches River
-94.10020200772172,30.36467877533986,75120400100041,190.0212921259078,75120400101,8.300000190734863,75.0,124350.81345568752,Neches River
-94.10052990929202,30.366083647514426,75120400100051,198.50838801029954,75120400101,8.300000190734863,72.0,124549.3218436978,Neches River
-94.0997989395858,30.36771399260867,75120400100061,209.3850200624259,75120400101,8.300000190734863,96.5,124758.70686376024,Neches River
-94.09872457648736,30.36934827100382,75120400100071,203.06546739030546,75120400101,8.300000190734863,72.0,124961.77233115054,Neches River
-94.09995743314391,30.37071478333061,75120400100081,204.18781377542774,75120400101,8.300000190734863,63.0,125165.96014492596,Neches River
-94.10146398779229,30.37121801697127,75120400100091,173.73923463428832,75120400101,8.300000190734863,116.5,125339.69937956026,Neches River
-94.10047780646596,30.372580849710992,75120400100101,204.2453662455185,75120400101,8.300000190734863,61.5,125543.94474580577,Neches River
-94.10065117427655,30.374122369874257,75120400100111,203.14287186835685,75120400101,8.649999618530273,63.0,125747.08761767413,Neches River
-94.10182168409142,30.3757082877258,75120400100121,198.93034087137616,75120400101,9.0,80.0,125946.0179585455,Neches River
-94.10086031544428,30.37650481548161,75120400100131,217.53250145026473,75120400101,9.0,110.0,126163.55045999578,Neches River
-94.10188235373984,30.378118326104957,75120400100141,182.60076432598467,75120400101,9.0,75.0,126346.15122432176,Neches River
-94.10239095890516,30.379683485717013,75120400100151,212.86498816198167,75120400101,9.0,77.0,126559.01621248374,Neches River
-94.10155023550075,30.381370080327347,75120400100161,214.74368823978938,75120400101,9.149999618530273,48.0,126773.75990072353,Neches River
-94.10162330131242,30.383128397457668,75120400100171,181.2356832165445,75120400101,9.300000190734863,55.5,126954.99558394006,Neches River
-94.10202071946834,30.38488460719779,75120400100181,223.07859150590733,75120400101,9.300000190734863,54.0,127178.07417544597,Neches River
-94.10351990487199,30.384926091736304,75120400100191,168.4212591163303,75120400101,9.300000190734863,88.0,127346.49543456231,Neches River
-94.10511336147212,30.385020901047127,75120400100201,209.76882653675835,75120400101,9.300000190734863,94.0,127556.26426109907,Neches River
-94.10550903277357,30.38661495925674,75120400100211,186.4529666802342,75120400101,9.300000190734863,79.0,127742.7172277793,Neches River
-94.10624388793075,30.3883679822034,75120400100221,230.1217854564503,75120400101,9.300000190734863,54.0,127972.83901323576,Neches River
-94.10547493336458,30.38938135782623,75120400100231,193.3275501731102,75120400101,9.300000190734863,89.0,128166.16656340886,Neches River
-94.1038596178262,30.39014768536414,75120400100241,200.75363932719688,75120400101,9.300000190734863,57.5,128366.92020273606,Neches River
-94.10303791159406,30.391778837265036,75120400100251,189.29345461396403,75120400101,9.300000190734863,54.0,128556.21365735002,Neches River
-94.10336534982294,30.393400230653107,75120400100261,196.505306809445,75120400101,9.300000190734863,39.0,128752.71896415947,Neches River
-94.10505901210479,30.39406265621694,75120400100271,218.7725180269807,75120400101,9.300000190734863,63.0,128971.49148218645,Neches River
-94.10708669090943,30.39388306732087,75120400100281,181.82981022390263,75120400101,9.300000190734863,57.0,129153.32129241036,Neches River
-94.10896038637179,30.39389689231767,75120400100291,191.35314430991411,75120400101,9.300000190734863,48.0,129344.67443672026,Neches River
-94.11019339608877,30.395237253557433,75120400100301,201.9425632174171,75120400101,9.300000190734863,48.0,129546.61699993769,Neches River
-94.11130460854213,30.396851985276804,75120400100311,212.3578448266653,75120400101,9.300000190734863,45.0,129758.97484476435,Neches River
-94.11306512750585,30.397890049196118,75120400100321,194.64390181403635,75120400101,9.300000190734863,43.5,129953.61874657839,Neches River
-94.11493274743938,30.39736245797201,75120400100331,206.3344125071084,75120400101,9.300000190734863,46.5,130159.95315908549,Neches River
-94.11627446408922,30.397755927742907,75120400100341,212.69797059617702,75120400101,9.300000190734863,80.0,130372.65112968168,Neches River
-94.11605021808889,30.399518486972614,75120400100351,181.2350305391482,75120400101,9.300000190734863,61.5,130553.88616022082,Neches River
-94.11637940197562,30.40127464077685,75120400100361,214.74290084925184,75120400101,9.300000190734863,54.0,130768.62906107007,Neches River
-94.11514699797722,30.402474127900064,75120400100371,208.4149025528526,75120400101,9.300000190734863,45.0,130977.04396362293,Neches River
-94.1131510009823,30.402710380322212,75120400100381,200.95590607350823,75120400101,9.300000190734863,36.0,131177.99986969642,Neches River
-94.11297991723583,30.40441720056429,75120400100391,180.64090340065044,75120400101,9.300000190734863,30.0,131358.64077309708,Neches River
-94.1130014101143,30.406041222425173,75120400100401,200.38863318857014,75120400101,9.300000190734863,42.0,131559.02940628564,Neches River
-94.11472934935318,30.40686831468069,75120400100411,171.7960526837512,75120400101,9.300000190734863,78.0,131730.8254589694,Neches River
-94.11505162314974,30.4053480314884,75120400100421,236.44235655075403,75120400101,9.300000190734863,63.0,131967.26781552014,Neches River
-94.11658142057428,30.40503615380924,75120400100431,200.58882349706496,75120400101,9.300000190734863,42.0,132167.85663901723,Neches River
-94.1182193946867,30.406267341004316,75120400100441,203.57202443975237,75120400101,9.300000190734863,57.0,132371.428663457,Neches River
-94.11754812468524,30.40765363803021,75120400100451,190.84519519022575,75120400101,9.300000190734863,46.5,132562.2738586472,Neches River
-94.11621027171547,30.408587535898974,75120400100461,213.55440797310433,75120400101,9.300000190734863,75.0,132775.82826662032,Neches River
-94.11756785865266,30.40938325140099,75120400100471,182.95238167334873,75120400101,9.300000190734863,33.0,132958.78064829364,Neches River
-94.1194464797459,30.409802946156653,75120400100481,207.09267127073434,75120400101,9.300000190734863,58.5,133165.8733195644,Neches River
-94.11930578134117,30.411000583077413,75120400100491,215.37326039089322,75120400101,9.300000190734863,42.0,133381.24657995527,Neches River
-94.11726852636211,30.410606342673994,75120400100501,184.77136228857324,75120400101,9.300000190734863,70.0,133566.01794224387,Neches River
-94.11671966599758,30.411694097984316,75120400100511,209.0363028423668,75120400101,9.300000190734863,42.0,133775.0542450862,Neches River
-94.1182371594876,30.41330528651944,75120400100521,207.45652521082428,75120400101,9.300000190734863,69.0,133982.51077029706,Neches River
-94.11746845521304,30.414308100865462,75120400100531,200.3002154567952,75120400101,9.300000190734863,78.0,134182.81098575384,Neches River
-94.11543760801482,30.414303738634583,75120400100541,181.82942432397112,75120400101,9.300000190734863,58.5,134364.64041007782,Neches River
-94.11340983520508,30.41455933993044,75120400100551,210.1978155961422,75120400101,9.300000190734863,45.0,134574.83822567394,Neches River
-94.11295459771937,30.415678408138604,75120400100561,189.1280931042157,75120400101,10.399999618530273,88.0,134763.96631877817,Neches River
-94.1149854729019,30.415742289393137,75120400100571,213.02577578544992,75120400101,9.300000190734863,63.0,134976.9920945636,Neches River
-94.11698912736114,30.416158276419594,75120400100581,212.10370040156042,75120400101,9.300000190734863,77.0,135189.0957949652,Neches River
-94.11609608214526,30.417275766674585,75120400100591,176.42763768401613,75120400101,9.300000190734863,67.0,135365.5234326492,Neches River
-94.1143873226388,30.41807538135482,75120400100601,192.71825862951735,75120400101,9.300000190734863,42.0,135558.2416912787,Neches River
-94.11365161591706,30.41957099312315,75120400100611,199.6308073476257,75120400101,9.300000190734863,71.0,135757.87249862633,Neches River
-94.11441808317895,30.421322883108427,75120400100621,224.2869920761575,75120400101,9.300000190734863,80.0,135982.1594907025,Neches River
-94.11416006550051,30.423085700407874,75120400100631,194.87351039903865,75120400101,9.300000190734863,81.0,136177.03300110152,Neches River
-94.11555091709903,30.424261706046224,75120400100641,191.88161863802043,75120400101,9.300000190734863,61.5,136368.91461973955,Neches River
-94.1175832049492,30.424436480145776,75120400100651,224.12267249595135,75120400101,9.300000190734863,67.0,136593.0372922355,Neches River
-94.11928491690918,30.425748307758667,75120400100661,199.70802065379212,75120400101,9.300000190734863,94.0,136792.74531288928,Neches River
-94.11867693187045,30.427215274501037,75120400100671,189.20601789699586,75120400101,9.300000190734863,69.0,136981.95133078628,Neches River
-94.11668136852327,30.427530126413558,75120400100681,212.43140471320194,75120400101,9.300000190734863,67.0,137194.3827354995,Neches River
-94.11475287605269,30.42825041834609,75120400100691,196.86861293134925,75120400101,9.300000190734863,117.0,137391.25134843084,Neches River
-94.11467733424243,30.42984816666724,75120400100701,201.34737044329916,75120400101,9.300000190734863,73.5,137592.59871887416,Neches River
-94.1158515003912,30.431462306211223,75120400100711,201.94229891412016,75120400101,9.300000190734863,54.0,137794.54101778826,Neches River
-94.1165602559687,30.433079908442657,75120400100721,191.96825323367682,75120400101,9.300000190734863,92.0,137986.50927102193,Neches River
-94.11566551513371,30.43433326573595,75120400100731,182.0092761333592,75120400101,9.300000190734863,217.5,138168.5185471553,Neches River
-94.11379781675582,30.43491767786695,75120400100741,212.44381448557567,75120400101,9.300000190734863,140.0,138380.96236164088,Neches River
-94.1119356237277,30.435989268223587,75120400100751,213.4027222775971,75120400101,9.300000190734863,84.0,138594.36508391847,Neches River
-94.11007032332287,30.436765752426904,75120400100761,188.53400293383294,75120400101,9.300000190734863,88.5,138782.8990868523,Neches River
-94.10803686969346,30.436639710551177,75120400100771,215.93200584769306,75120400101,9.300000190734863,63.0,138998.8310927,Neches River
-94.10654850877313,30.437497607509457,75120400100781,185.36610074672203,75120400101,9.300000190734863,82.0,139184.19719344671,Neches River
-94.10694292343727,30.43925298591943,75120400100791,215.93197659209582,75120400101,9.300000190734863,67.0,139400.12917003882,Neches River
-94.10711593281445,30.44101101214898,75120400100801,183.5470572728612,75120400101,9.300000190734863,65.0,139583.67622731166,Neches River
-94.10654227981449,30.442775926915708,75120400100811,219.13619422014028,75120400101,9.300000190734863,63.0,139802.81242153182,Neches River
-94.10672140637291,30.444533422993224,75120400100821,186.4529422019858,75120400101,9.300000190734863,67.0,139989.2653637338,Neches River
-94.10736455101727,30.44615213749551,75120400100831,187.0471889157174,75120400101,9.300000190734863,72.0,140176.31255264953,Neches River
-94.10728766012494,30.447912812201317,75120400100841,212.43182176281002,75120400101,9.300000190734863,63.0,140388.74437441232,Neches River
-94.10731520055005,30.449805904578422,75120400100851,210.38687380757523,75120400101,9.300000190734863,84.0,140599.1312482199,Neches River
-94.10585053741391,30.450414890093153,75120400100861,189.88770101533228,75120400101,9.300000190734863,62.5,140789.01894923524,Neches River
-94.10426425540103,30.45078078342999,75120400100871,189.20669795807532,75120400101,9.525000095367432,73.5,140978.22564719332,Neches River
-94.10471537456883,30.452535372538364,75120400100881,217.68562103228015,75120400101,10.699999809265137,45.0,141195.91126822558,Neches River
-94.10370300365707,30.45392503984138,75120400100891,206.86306752475207,75120400101,11.199999809265137,42.0,141402.77433575035,Neches River
-94.10199777289316,30.455103443058356,75120400100901,179.2443496909563,75120400101,11.199999809265137,63.0,141582.0186854413,Neches River
-94.10138692305483,30.456624467543577,75120400100911,210.38718089537028,75120400101,11.199999809265137,63.0,141792.40586633666,Neches River
-94.10015422857207,30.457880091205652,75120400100921,209.00999374453335,75120400101,11.199999809265137,80.0,142001.4158600812,Neches River
-94.09837941377334,30.458436436404945,75120400100931,178.06788192457714,75120400101,11.199999809265137,95.5,142179.48374200577,Neches River
-94.09811704201019,30.460116954164395,75120400100941,207.32891502057902,75120400101,11.199999809265137,105.0,142386.81265702634,Neches River
-94.09638160368971,30.461403817804882,75120400100951,217.59598676716888,75120400101,11.199999809265137,65.0,142604.40864379352,Neches River
-94.09577640153071,30.463168420360258,75120400100961,221.44840354192254,75120400101,11.199999809265137,54.0,142825.85704733545,Neches River
-94.0946087512458,30.464937741027185,75120400110011,174.0159216024672,75120400111,11.199999809265137,67.0,142999.8729689379,Neches River
-94.09478163224102,30.466422488184573,75120400110021,189.80145430448744,75120400111,11.199999809265137,83.5,143189.6744232424,Neches River
-94.09649411984084,30.465869337733963,75120400110031,192.71916850552927,75120400111,11.199999809265137,72.0,143382.39359174794,Neches River
-94.09836160263315,30.465211848181458,75120400110041,224.65253966732425,75120400111,11.199999809265137,89.0,143607.04613141526,Neches River
-94.09944038401726,30.466656621002084,75120400110051,172.0127541768876,75120400111,11.199999809265137,87.0,143779.05888559215,Neches River
-94.10119992930223,30.467451228073546,75120400110061,224.12362781372778,75120400111,11.199999809265137,48.0,144003.18251340586,Neches River
-94.10301650760577,30.467600425803127,75120400110071,179.78502306382055,75120400111,11.199999809265137,120.0,144182.9675364697,Neches River
-94.10215500929368,30.469069961093936,75120400110081,204.17023222464982,75120400111,11.199999809265137,84.0,144387.13776869435,Neches River
-94.10029052435775,30.469957201383146,75120400110091,224.2878974204636,75120400111,11.199999809265137,84.0,144611.4256661148,Neches River
-94.09825548706131,30.469701010444673,75120400110101,184.73610440847364,75120400111,11.199999809265137,87.0,144796.1617705233,Neches River
-94.09691518503368,30.47046913782765,75120400110111,217.6860725927383,75120400111,11.199999809265137,107.0,145013.847843116,Neches River
-94.09778407045874,30.4722198108711,75120400110121,201.18402111416003,75120400111,11.199999809265137,104.0,145215.03186423017,Neches River
-94.09704716132418,30.47331405280474,75120400110131,180.3795823248192,75120400111,11.199999809265137,134.5,145395.411446555,Neches River
-94.09501357719984,30.47319315592426,75120400110141,211.24403863065618,75120400111,11.199999809265137,60.0,145606.65548518565,Neches River
-94.093082212301,30.47374812372542,75120400110151,210.38765541122189,75120400111,11.199999809265137,60.0,145817.04314059688,Neches River
-94.09316436634641,30.47550694995447,75120400110161,187.04786678556286,75120400111,11.199999809265137,60.5,146004.09100738243,Neches River
-94.0935857348295,30.477127034740086,75120400110171,194.19423384768277,75120400111,11.300000190734863,94.0,146198.28524123013,Neches River
-94.09213542708044,30.478520280245583,75120400110181,216.55136655617684,75120400111,11.300000190734863,79.5,146414.8366077863,Neches River
-94.09165324295024,30.48012141507448,75120400110191,180.64190838115348,75120400111,11.300000190734863,99.5,146595.47851616744,Neches River
-94.09117134544732,30.481749614920663,75120400110201,221.22096887928365,75120400111,11.300000190734863,95.0,146816.69948504673,Neches River
-94.089687865187,30.483250839841418,75120400110211,178.20859509481744,75120400111,12.0,105.0,146994.90808014155,Neches River
-94.0894484025628,30.484741348379757,75120400110221,189.12920403179044,75120400111,12.0,100.0,147184.03728417333,Neches River
-94.08812714514147,30.486241511806817,75120400110231,221.61611172154932,75120400111,13.300000190734863,105.0,147405.6533958949,Neches River
-94.08679831363166,30.487606066771846,75120400110241,188.71088088245273,75120400111,13.300000190734863,96.0,147594.36427677734,Neches River
-94.08565846970869,30.489104381988138,75120400110251,208.92529914337243,75120400111,13.300000190734863,87.0,147803.28957592073,Neches River
-94.0841014832719,30.489631657027367,75120400110261,204.45457913596704,75120400111,13.300000190734863,103.0,148007.7441550567,Neches River
-94.08252290493843,30.48821009281577,75120400110271,204.18873465100413,75120400111,13.300000190734863,84.0,148211.93288970768,Neches River
-94.08064889034586,30.488333916784583,75120400110281,195.83405802753677,75120400111,13.300000190734863,71.5,148407.76694773522,Neches River
-94.07931305313875,30.489565132987657,75120400110291,217.00600747754726,75120400111,13.300000190734863,105.0,148624.77295521277,Neches River
-94.08051565207046,30.4904193692224,75120400110301,165.99027725029225,75120400111,13.300000190734863,87.0,148790.76323246307,Neches River
-94.08215375247872,30.491569768672957,75120400110311,219.31340689066693,75120400111,13.300000190734863,84.0,149010.07663935373,Neches River
-94.08179576733038,30.493115697678416,75120400110321,221.6291107049956,75120400111,13.300000190734863,89.0,149231.70575005873,Neches River
-94.07989907263288,30.494024714222732,75120400110331,201.85739957922425,75120400111,13.300000190734863,94.0,149433.56314963795,Neches River
-94.07976073230753,30.49565002633566,75120400110341,186.45421812751997,75120400111,13.300000190734863,79.0,149620.01736776548,Neches River
-94.08005698728175,30.49727171315959,75120400110351,187.048484412645,75120400111,13.300000190734863,90.0,149807.06585217812,Neches River
-94.07942899855804,30.49903701931005,75120400110361,219.13770443233773,75120400111,13.300000190734863,90.0,150026.20355661045,Neches River
-94.07962700536399,30.500794558591718,75120400110371,184.14261937766096,75120400111,13.300000190734863,78.5,150210.34617598812,Neches River
-94.07977446194074,30.502552614674563,75120400110381,222.48559942022158,75120400111,13.300000190734863,103.0,150432.83177540833,Neches River
-94.08144461921518,30.50375689110208,75120400110391,200.22680689059175,75120400111,13.300000190734863,75.0,150633.05858229892,Neches River
-94.08317433499978,30.50468995668047,75120400110401,196.72854744134509,75120400111,13.300000190734863,105.0,150829.78712974026,Neches River
-94.08393355175028,30.506037063928833,75120400110411,169.6236360799009,75120400111,13.300000190734863,107.0,150999.41076582018,Neches River
-94.08267442318592,30.507536394978267,75120400110421,213.77875061981194,75120400111,13.300000190734863,119.5,151213.18951643998,Neches River
-94.08278619885229,30.509159628544335,75120400110431,204.78297392244838,75120400111,13.300000190734863,83.5,151417.97249036244,Neches River
-94.0829902605558,30.510487981670806,75120400110441,211.813632934076,75120400111,13.300000190734863,175.0,151629.7861232965,Neches River
-94.08088711113281,30.50990885477089,75120400110451,196.95639866636247,75120400111,13.300000190734863,114.0,151826.74252196288,Neches River
-94.07904782568957,30.510354617367682,75120400110461,204.2465606809098,75120400111,13.300000190734863,125.0,152030.9890826438,Neches River
-94.0781330059443,30.511905192634764,75120400110471,185.26574465832127,75120400111,13.300000190734863,94.0,152216.2548273021,Neches River
-94.07813748650474,30.513664023898926,75120400110481,221.8914255850377,75120400111,13.300000190734863,89.0,152438.14625288715,Neches River
-94.07672332653252,30.515029775906463,75120400110491,185.27742920059418,75120400111,13.600000381469727,84.0,152623.42368208774,Neches River
-94.07520488791054,30.51626043504951,75120400110501,208.72554599371347,75120400111,13.90000057220459,95.0,152832.14922808146,Neches River
-94.0745975034601,30.517889607474267,75120400110511,188.766076654199,75120400111,13.90000057220459,87.0,153020.91530473565,Neches River
-94.07389601105241,30.519492483235755,75120400110521,211.32296080699845,75120400111,13.90000057220459,84.0,153232.23826554266,Neches River
-94.07209163537871,30.520319422752973,75120400110531,179.16824165663314,75120400111,13.90000057220459,84.0,153411.40650719928,Neches River
-94.07113462594158,30.521708834812078,75120400110541,208.05328573680828,75120400111,13.90000057220459,127.0,153619.4597929361,Neches River
-94.072435780391,30.52318594295354,75120400110551,212.18925781822836,75120400111,13.90000057220459,127.0,153831.64905075432,Neches River
-94.07342135251574,30.524665610727407,75120400110561,203.57435144051254,75120400111,13.90000057220459,117.0,154035.22340219482,Neches River
-94.07199592811463,30.525842358975943,75120400110571,200.98578035318357,75120400111,13.90000057220459,131.5,154236.20918254802,Neches River
-94.07012681141718,30.526480319792526,75120400110581,208.81261389808395,75120400111,13.90000057220459,89.0,154445.0217964461,Neches River
-94.0685467663401,30.527819686843383,75120400110591,186.61107432116924,75120400111,13.90000057220459,80.0,154631.63287076727,Neches River
-94.06799877667844,30.529448317070898,75120400110601,214.74554947087893,75120400111,13.90000057220459,80.0,154846.37842023815,Neches River
-94.0676457756843,30.531210742261948,75120400110611,189.88946337401583,75120400111,13.90000057220459,73.5,155036.26788361216,Neches River
-94.0672853630409,30.53283808794245,75120400110621,189.13025191108534,75120400111,13.90000057220459,115.5,155225.39813552325,Neches River
-94.0688013335529,30.533932703594225,75120400110631,219.21658025498598,75120400111,14.40000057220459,92.0,155444.61471577824,Neches River
-94.07083495799873,30.53402427461779,75120400110641,180.64295295383928,75120400111,14.40000057220459,92.0,155625.25766873208,Neches River
-94.07287156028835,30.534389058205218,75120400110651,220.85548550102718,75120400111,14.40000057220459,127.0,155846.1131542331,Neches River
-94.0736088935981,30.536033437592707,75120400110661,190.84730123910475,75120400111,14.40000057220459,125.5,156036.9604554722,Neches River
-94.072592189772,30.537423120785277,75120400110671,187.66670868847584,75120400111,14.40000057220459,84.0,156224.6271641607,Neches River
-94.07129343498352,30.53876020448417,75120400110681,207.00913051815687,75120400111,14.40000057220459,129.0,156431.63629467884,Neches River
-94.07080648284204,30.540524178148416,75120400110691,214.74540986658275,75120400111,14.40000057220459,123.0,156646.38170454543,Neches River
-94.07170582841289,30.54214047315437,75120400110701,196.72910888140882,75120400111,14.40000057220459,96.0,156843.11081342684,Neches River
-94.07328068448136,30.54315613754182,75120400110711,178.4096963706906,75120400111,14.40000057220459,96.0,157021.52050979753,Neches River
-94.07501193067921,30.544170491357114,75120400110721,231.14931214534172,75120400111,14.40000057220459,84.0,157252.66982194287,Neches River
-94.0764972187308,30.545565824344163,75120400110731,183.18771600423167,75120400111,14.40000057220459,84.0,157435.8575379471,Neches River
-94.07816779083672,30.54674305156751,75120400110741,221.03101499658058,75120400111,14.40000057220459,133.5,157656.88855294368,Neches River
-94.08004742262389,30.54702523857808,75120400110751,190.84708662319667,75120400111,14.40000057220459,92.0,157847.73563956688,Neches River
-94.0820738202268,30.54643996400709,75120400110761,214.744928812762,75120400111,14.40000057220459,92.0,158062.48056837963,Neches River
-94.08410680930527,30.54645012583591,75120400110771,181.83091956761248,75120400111,14.40000057220459,105.5,158244.31148794724,Neches River
-94.08565028704,30.547438828934542,75120400110781,187.96840400106967,75120400111,14.40000057220459,117.5,158432.2798919483,Neches River
-94.0862222315681,30.549057614335993,75120400110791,220.85470410027253,75120400111,14.40000057220459,106.0,158653.1345960486,Neches River
-94.08550029951164,30.550823728450098,75120400110801,194.87568586059226,75120400111,14.40000057220459,114.5,158848.01028190917,Neches River
-94.08558092062094,30.552447207418645,75120400110811,195.83379273929123,75120400111,14.40000057220459,97.5,159043.84407464848,Neches River
-94.08678592054845,30.55392596079062,75120400110821,192.14487454680537,75120400111,14.40000057220459,84.0,159235.98894919528,Neches River
-94.08799246722279,30.555540034955783,75120400110831,229.27560848457713,75120400111,14.40000057220459,96.0,159465.26455767985,Neches River
-94.08776038083866,30.557166123287566,75120400110841,174.7747754115078,75120400111,14.40000057220459,96.0,159640.03933309135,Neches River
-94.08665105000861,30.55866418942336,75120400110851,200.39074464042554,75120400111,14.40000057220459,104.5,159840.43007773178,Neches River
-94.08707544108375,30.56025772638553,75120400110861,216.63774165639177,75120400111,14.40000057220459,97.0,160057.06781938818,Neches River
-94.0886844442583,30.56148946264338,75120400110871,180.7980887264076,75120400111,14.40000057220459,96.0,160237.8659081146,Neches River
-94.0897629844973,30.562833895758217,75120400110881,196.72824361274198,75120400111,14.40000057220459,148.0,160434.59415172733,Neches River
-94.09134078660713,30.56406585856746,75120400110891,196.1534095816999,75120400111,14.40000057220459,127.0,160630.74756130902,Neches River
-94.09298209517014,30.56537847546589,75120400110901,231.14829021511753,75120400111,14.40000057220459,105.0,160861.89585152414,Neches River
-94.09368539589988,30.566996163387884,75120400110911,191.60559756794112,75120400111,14.40000057220459,123.0,161053.5014490921,Neches River
-94.09298692968724,30.568599656605464,75120400110921,199.34559356906706,75120400111,14.40000057220459,96.0,161252.84704266116,Neches River
-94.09124802428558,30.56975114657704,75120400110931,201.94296072281858,75120400111,14.40000057220459,86.5,161454.79000338397,Neches River
-94.08952462464669,30.56949489134231,75120400110941,174.77474206013267,75120400111,14.40000057220459,80.0,161629.5647454441,Neches River
-94.0877903593822,30.56826421593853,75120400110951,216.2341957634983,75120400111,14.40000057220459,86.5,161845.7989412076,Neches River
-94.0861106374361,30.568956027805164,75120400110961,247.10043440443116,75120400111,14.40000057220459,155.5,162092.89937561203,Neches River
-94.08719074044834,30.570597168070563,75120400120011,153.1354874519563,75120400121,14.40000057220459,181.0,162246.03486306398,Neches River
-94.08830185432528,30.572049614620315,75120400120021,226.36972010106138,75120400121,14.40000057220459,101.0,162472.40458316504,Neches River
-94.08832150046487,30.573808940982833,75120400120031,180.64210450807627,75120400121,14.40000057220459,90.0,162653.04668767314,Neches River
-94.08912076378982,30.575345193121116,75120400120041,207.00827997604094,75120400121,14.40000057220459,124.0,162860.05496764916,Neches River
-94.09115950500617,30.575812738650555,75120400120051,211.8385914667633,75120400121,14.40000057220459,121.0,163071.89355911594,Neches River
-94.093189459516,30.57550056845306,75120400120061,184.14213306081857,75120400121,14.40000057220459,86.0,163256.03569217675,Neches River
-94.09497888240503,30.57605397737206,75120400120071,218.02625406310736,75120400121,14.40000057220459,127.0,163474.06194623985,Neches River
-94.09537251567475,30.577674807706874,75120400120081,168.07080947384696,75120400121,14.40000057220459,138.0,163642.1327557137,Neches River
-94.09401130108326,30.579039708329848,75120400120091,204.1707029459743,75120400121,14.40000057220459,127.0,163846.30345865968,Neches River
-94.09309104609663,30.580671582630277,75120400120101,219.1370152355996,75120400121,14.40000057220459,123.0,164065.4404738953,Neches River
-94.09332977048643,30.582429064359058,75120400120111,184.73631456787433,75120400121,14.40000057220459,94.0,164250.17678846314,Neches River
-94.09319309480966,30.584189699019305,75120400120121,217.49790074474504,75120400121,14.40000057220459,94.0,164467.6746892079,Neches River
-94.09142020898062,30.58507079248379,75120400120131,190.8465589457865,75120400121,14.40000057220459,104.5,164658.52124815367,Neches River
-94.08953617819324,30.584518125502065,75120400120141,193.5220772640379,75120400121,14.40000057220459,94.5,164852.04332541773,Neches River
-94.08766002721941,30.5846150263854,75120400120151,192.4773023958657,75120400121,14.40000057220459,129.5,165044.5206278136,Neches River
-94.08646288137345,30.58614146558443,75120400120161,225.84175031897996,75120400121,16.600000381469727,107.0,165270.36237813256,Neches River
-94.08707088980108,30.587895302601765,75120400120171,191.44097767352952,75120400121,16.600000381469727,104.5,165461.8033558061,Neches River
-94.08696387173009,30.589520338267356,75120400120181,208.79154209574833,75120400121,16.600000381469727,113.5,165670.59489790184,Neches River
-94.08522513030694,30.59072588783482,75120400120191,196.9562339866846,75120400121,16.600000381469727,94.0,165867.55113188853,Neches River
-94.08351070604135,30.591308624541135,75120400120201,186.61045205555592,75120400121,16.600000381469727,122.0,166054.16158394408,Neches River
-94.08277337154995,30.592804054608663,75120400120211,198.58758139762287,75120400121,16.600000381469727,107.0,166252.7491653417,Neches River
-94.08404202244368,30.59406523989659,75120400120221,217.02725379297507,75120400121,16.600000381469727,94.5,166469.7764191347,Neches River
-94.08556131848962,30.595622575823956,75120400120231,183.17639576701364,75120400121,16.600000381469727,101.0,166652.95281490168,Neches River
-94.08573435742781,30.59710992716254,75120400120241,193.51364711699364,75120400121,16.600000381469727,89.5,166846.4664620187,Neches River
-94.08405683977679,30.598128081564198,75120400120251,199.26789896847654,75120400121,16.600000381469727,107.5,167045.73436098718,Neches River
-94.08201615294463,30.597601075231637,75120400120261,223.53047472082187,75120400121,16.600000381469727,96.0,167269.264835708,Neches River
-94.0798897308018,30.597727018029897,75120400120271,209.79416492234333,75120400121,16.600000381469727,108.0,167479.05900063034,Neches River
-94.07922208299325,30.59932965506612,75120400120281,181.2367979423722,75120400121,16.600000381469727,91.0,167660.2957985727,Neches River
-94.07898826825361,30.601091055629528,75120400120291,220.49129481700487,75120400121,16.600000381469727,94.0,167880.78709338972,Neches River
-94.07846983659806,30.60285556852721,75120400120301,190.84710798070714,75120400121,16.899999618530273,108.5,168071.6342013704,Neches River
-94.07958690373611,30.604280231971167,75120400120311,196.1539931139082,75120400121,16.899999618530273,105.0,168267.7881944843,Neches River
-94.08100911457112,30.60554066412694,75120400120321,200.8125394869925,75120400121,16.899999618530273,111.0,168468.6007339713,Neches River
-94.08105573765218,30.60692079492527,75120400120331,187.65684159751677,75120400121,16.899999618530273,121.0,168656.25757556883,Neches River
-94.07900129614336,30.607912335615314,75120400120341,219.73215380045812,75120400121,16.899999618530273,106.0,168875.9897293693,Neches River
-94.07696612353293,30.607820924984438,75120400120351,189.8891400089982,75120400121,16.899999618530273,93.0,169065.8788693783,Neches River
-94.07508233028037,30.60726805844316,75120400120361,187.04883663353777,75120400121,16.899999618530273,65.0,169252.92770601183,Neches River
-94.0730474712025,30.607203652819923,75120400120371,221.44980812130626,75120400121,16.899999618530273,67.0,169474.37751413314,Neches River
-94.07121347221674,30.6083285982035,75120400120381,205.20579891347367,75120400121,16.899999618530273,85.5,169679.5833130466,Neches River
-94.07026127612843,30.60996057720508,75120400120391,199.26922777667528,75120400121,16.899999618530273,80.0,169878.85254082328,Neches River
-94.06974715327357,30.611589461954644,75120400120401,187.04901041691667,75120400121,16.899999618530273,121.0,170065.9015512402,Neches River
-94.07060725668144,30.612962389974374,75120400120411,184.23288352267474,75120400121,16.899999618530273,105.0,170250.13443476288,Neches River
-94.07233944177707,30.613949673362,75120400120421,204.62008858327957,75120400121,16.899999618530273,86.5,170454.75452334614,Neches River
-94.07437922370916,30.61444715105526,75120400120431,221.4497541944075,75120400121,16.899999618530273,105.0,170676.20427754056,Neches River
-94.07595679655131,30.615598076000644,75120400120441,190.25297039769075,75120400121,16.899999618530273,128.0,170866.45724793826,Neches River
-94.07625341670018,30.617219734923765,75120400120451,183.5485587491914,75120400121,16.899999618530273,114.5,171050.00580668743,Neches River
-94.07473701272056,30.618504540678536,75120400120461,229.78467584085033,75120400121,16.899999618530273,108.0,171279.7904825283,Neches River
-94.07270579839941,30.61879199974732,75120400120471,181.83145276516325,75120400121,16.899999618530273,121.0,171461.62193529346,Neches River
-94.07124087205688,30.61934545396565,75120400120481,184.6741629980373,75120400121,16.899999618530273,100.5,171646.2960982915,Neches River
-94.069599164999,30.620901897871082,75120400120491,217.21350308488573,75120400121,17.5,95.0,171863.50960137637,Neches River
-94.0675681803247,30.62121634484608,75120400120501,210.65126493815055,75120400121,17.700000762939453,90.0,172074.16086631455,Neches River
-94.06553243756426,30.6210976952299,75120400120511,183.02032444576108,75120400121,17.700000762939453,94.0,172257.18119076028,Neches River
-94.06350084165561,30.621357945928576,75120400120521,224.79821495111875,75120400121,17.700000762939453,121.0,172481.9794057114,Neches River
-94.06276776787873,30.623015147642622,75120400120531,184.14343305236838,75120400121,17.700000762939453,93.0,172666.12283876378,Neches River
-94.06181351896576,30.624484668295622,75120400120541,201.3501460890974,75120400121,17.700000762939453,108.0,172867.47298485288,Neches River
-94.05993655879013,30.62458373741203,75120400120551,184.73791143303748,75120400121,17.700000762939453,92.5,173052.21089628592,Neches River
-94.05800612609764,30.62524658800606,75120400120561,216.7415120008431,75120400121,17.700000762939453,121.0,173268.95240828674,Neches River
-94.05836483520628,30.62684071619283,75120400120571,190.8480547865533,75120400121,17.700000762939453,108.0,173459.8004630733,Neches River
-94.05788202442623,30.628495853772367,75120400120581,224.20423410359376,75120400121,17.700000762939453,108.0,173684.0046971769,Neches River
-94.0559157871962,30.62902360358351,75120400120591,190.25394784889608,75120400121,17.700000762939453,96.5,173874.2586450258,Neches River
-94.05403403652579,30.628714044923314,75120400120601,195.91286650988553,75120400121,17.700000762939453,92.0,174070.17151153568,Neches River
-94.05314044060815,30.62999606956481,75120400120611,169.62494998070625,75120400121,17.700000762939453,115.0,174239.79646151638,Neches River
-94.05456505273489,30.631473318204954,75120400120621,228.2912955968931,75120400121,17.700000762939453,108.0,174468.08775711327,Neches River
-94.05523409701374,30.633091219773398,75120400120631,189.80333476379863,75120400121,17.700000762939453,95.0,174657.89109187707,Neches River
-94.05393856492472,30.63432064213807,75120400120641,200.16397462417135,75120400121,17.700000762939453,84.0,174858.05506650126,Neches River
-94.0523881813413,30.635686650111133,75120400120651,204.1727992536124,75120400121,17.700000762939453,84.0,175062.22786575486,Neches River
-94.05108962983672,30.63718594911326,75120400120661,214.92301873590145,75120400121,17.700000762939453,71.0,175277.15088449075,Neches River
-94.05060781889992,30.638814247519832,75120400120671,183.02091234202499,75120400121,17.700000762939453,65.0,175460.1717968328,Neches River
-94.05100100471041,30.64057028827882,75120400120681,217.65239983888705,75120400121,17.700000762939453,67.0,175677.8241966717,Neches River
-94.05161479140557,30.642324807539865,75120400120691,195.83545248406807,75120400121,17.700000762939453,73.5,175873.65964915574,Neches River
-94.05257147720083,30.643941202323035,75120400120701,199.2701001688378,75120400121,17.700000762939453,83.5,176072.9297493246,Neches River
-94.05349689112055,30.64555784266075,75120400120711,201.9455154962477,75120400121,17.700000762939453,122.0,176274.87526482082,Neches River
-94.05376493567104,30.647179806375814,75120400120721,190.25399148351576,75120400121,17.700000762939453,92.0,176465.12925630435,Neches River
-94.05327432752063,30.648943699497185,75120400120731,219.3696280060634,75120400121,17.700000762939453,106.0,176684.49888431042,Neches River
-94.05405354430299,30.65069642695591,75120400120741,194.87723092595468,75120400121,17.700000762939453,67.0,176879.37611523637,Neches River
-94.05466598598262,30.652315593766694,75120400120751,188.76705564347108,75120400121,17.700000762939453,94.0,177068.14317087983,Neches River
-94.0554349837459,30.653933485694857,75120400120761,211.48883618570318,75120400121,17.700000762939453,100.5,177279.63200706555,Neches River
-94.0569840436136,30.655301410548756,75120400120771,189.28715216193234,75120400121,17.700000762939453,84.0,177468.91915922746,Neches River
-94.05871450407119,30.656072322907644,75120400120781,208.0547514972501,75120400121,17.700000762939453,116.0,177676.97391072472,Neches River
-94.06029170219688,30.65714221985271,75120400120791,165.7432104319663,75120400121,17.700000762939453,94.5,177842.7171211567,Neches River
-94.06171387250222,30.65834870796757,75120400120801,212.1898840191356,75120400121,17.700000762939453,84.0,178054.90700517583,Neches River
-94.06329558518789,30.659824562756178,75120400120811,227.71605011135713,75120400121,17.700000762939453,84.0,178282.62305528717,Neches River
-94.06419002547025,30.661441371572856,75120400120821,198.31072972561864,75120400121,17.700000762939453,84.0,178480.9337850128,Neches River
-94.06552016051785,30.66281098209643,75120400120831,182.60256735155158,75120400121,17.700000762939453,89.0,178663.53635236435,Neches River
-94.0674029078195,30.663171921631037,75120400120841,211.2455908135603,75120400121,17.700000762939453,90.0,178874.78194317792,Neches River
-94.06943893913896,30.66323895975527,75120400120851,184.14324390062876,75120400121,17.700000762939453,114.5,179058.92518707854,Neches River
-94.07132499249497,30.6639001438441,75120400120861,210.44320952557874,75120400121,17.700000762939453,94.5,179269.3683966041,Neches River
-94.07256312320393,30.665432850976693,75120400120871,195.83448185811895,75120400121,17.700000762939453,42.0,179465.20287846224,Neches River
-94.0732699045684,30.667051141591042,75120400120881,209.7706099438847,75120400121,17.700000762939453,65.0,179674.9734884061,Neches River
-94.07512354669142,30.667604261254752,75120400120891,199.26838617372638,75120400121,17.700000762939453,92.0,179874.24187457983,Neches River
-94.07673641865678,30.66621039906977,75120400120901,213.7791729890414,75120400121,17.700000762939453,67.0,180088.02104756888,Neches River
-94.07750116493573,30.664579933994908,75120400120911,199.26891428275394,75120400121,17.700000762939453,67.0,180287.28996185164,Neches River
-94.07829719584093,30.662949204801606,75120400120921,196.59343086808366,75120400121,17.700000762939453,77.0,180483.88339271973,Neches River
-94.07906189162443,30.661318470975402,75120400120931,191.2109466913751,75120400121,17.700000762939453,103.0,180675.0943394111,Neches River
-94.07832465259298,30.659781930359642,75120400120941,211.51161114237846,75120400121,17.700000762939453,105.0,180886.6059505535,Neches River
-94.07645033522665,30.66017643257537,75120400120951,186.61081377420948,75120400121,17.700000762939453,101.0,181073.2167643277,Neches River
-94.07458318936904,30.66106327828332,75120400120961,234.2635391940242,75120400121,17.700000762939453,109.0,181307.4803035217,Neches River
-94.07322343758435,30.66001441633892,75120400130011,160.2450150777137,75120400131,17.700000762939453,112.5,181467.72531859943,Neches River
-94.07352156644302,30.658386557433268,75120400130021,191.44164731012697,75120400131,17.700000762939453,93.0,181659.16696590956,Neches River
-94.07271942868199,30.656634742242083,75120400130031,215.1619920069204,75120400131,17.700000762939453,80.0,181874.3289579165,Neches River
-94.07374091536497,30.655843096462846,75120400130041,193.23856058646828,75120400131,17.700000762939453,116.0,182067.56751850297,Neches River
-94.0754775049676,30.657152781978482,75120400130051,208.18043937675407,75120400131,17.700000762939453,84.0,182275.7479578797,Neches River
-94.07721113964692,30.658194106654683,75120400130061,203.66105473085474,75120400131,17.700000762939453,91.5,182479.40901261056,Neches River
-94.07909503816185,30.65866571550773,75120400130071,185.3313633092616,75120400131,17.700000762939453,77.0,182664.74037591982,Neches River
-94.08097564040331,30.658815104485313,75120400130081,189.12977074520973,75120400131,17.700000762939453,100.5,182853.87014666505,Neches River
-94.08268733695152,30.657904980384572,75120400130091,200.16261054886644,75120400131,17.700000762939453,84.0,183054.03275721392,Neches River
-94.08439416527469,30.65658883017148,75120400130101,217.95178402057985,75120400131,17.700000762939453,86.5,183271.9845412345,Neches River
-94.08609536235858,30.657470511798586,75120400130111,213.20390073532982,75120400131,17.700000762939453,96.0,183485.18844196983,Neches River
-94.08626854982926,30.658957845761186,75120400130121,166.94817010117913,75120400131,17.700000762939453,92.0,183652.136612071,Neches River
-94.08490610302766,30.660322664700143,75120400130131,204.17120762371707,75120400131,17.700000762939453,84.0,183856.30781969472,Neches River
-94.08385973052845,30.66195552125836,75120400130141,227.19544355182475,75120400131,17.700000762939453,67.0,184083.50326324653,Neches River
-94.0833470995468,30.663719264515525,75120400130151,183.61375213193938,75120400131,17.700000762939453,67.0,184267.1170153785,Neches River
-94.08270770028845,30.66534871822315,75120400130161,194.87588126042428,75120400131,17.700000762939453,98.5,184461.9928966389,Neches River
-94.08234555271707,30.667112196187446,75120400130171,219.73192902284865,75120400131,17.700000762939453,84.0,184681.72482566175,Neches River
-94.08343246798617,30.668563856025084,75120400130181,179.1678258498957,75120400131,17.700000762939453,75.0,184860.89265151165,Neches River
-94.08516124926771,30.669144940713814,75120400130191,197.55127885126922,75120400131,17.700000762939453,71.5,185058.4439303629,Neches River
-94.08705206442545,30.670211883190582,75120400130201,227.13998057392,75120400131,17.700000762939453,84.0,185285.58391093684,Neches River
-94.08838506640978,30.671797776531406,75120400130211,203.6604440335787,75120400131,17.700000762939453,67.0,185489.2443549704,Neches River
-94.08906084552079,30.67341623467381,75120400130221,190.48282051897053,75120400131,17.700000762939453,77.0,185679.7271754894,Neches River
-94.08961139428499,30.675035738931804,75120400130231,187.04813638890988,75120400131,17.700000762939453,67.0,185866.7753118783,Neches River
-94.09016348228224,30.676790570565505,75120400130241,217.65035485517913,75120400131,17.700000762939453,67.0,186084.42566673347,Neches River
-94.09071559128677,30.67854539889511,75120400130251,185.3307580671546,75120400131,17.700000762939453,65.0,186269.75642480064,Neches River
-94.09107983055144,30.680301802220416,75120400130261,212.43282263567943,75120400131,17.700000762939453,63.0,186482.1892474363,Neches River
-94.09119203685344,30.68206030848408,75120400130271,181.83058223092294,75120400131,17.700000762939453,84.0,186664.01982966723,Neches River
-94.09092997573973,30.683686640420007,75120400130281,196.955952167507,75120400131,17.700000762939453,65.0,186860.97578183474,Neches River
-94.08960161621124,30.685321907967165,75120400130291,213.20371042507634,75120400131,17.700000762939453,84.5,187074.1794922598,Neches River
-94.08955722041046,30.686946397957676,75120400130301,200.8982016208564,75120400131,17.700000762939453,86.5,187275.07769388068,Neches River
-94.09132438253044,30.688122580884773,75120400130311,208.8116382193478,75120400131,17.700000762939453,79.5,187483.88933210002,Neches River
-94.09320923373213,30.688621033423157,75120400130321,190.84654372740874,75120400131,17.700000762939453,80.0,187674.73587582743,Neches River
-94.09509410351225,30.68908975037193,75120400130331,184.7363782462736,75120400131,17.700000762939453,84.5,187859.4722540737,Neches River
-94.09712823541255,30.688966948453988,75120400130341,220.32551524175074,75120400131,17.700000762939453,94.0,188079.79776931545,Neches River
-94.09915499990349,30.688164823389435,75120400130351,195.8332886422597,75120400131,17.700000762939453,106.5,188275.6310579577,Neches River
-94.10102790835312,30.687607588671483,75120400130361,188.76502474664503,75120400131,17.700000762939453,73.5,188464.39608270436,Neches River
-94.10306138090267,30.687408830726017,75120400130371,215.27267573053183,75120400131,17.700000762939453,80.0,188679.66875843488,Neches River
-94.10510224322837,30.687843672086075,75120400130381,191.44025292523168,75120400131,17.700000762939453,89.0,188871.10901136012,Neches River
-94.10714250535642,30.68822698421479,75120400130391,211.24354632308967,75120400131,17.700000762939453,92.0,189082.35255768322,Neches River
-94.10917442741479,30.687890165955864,75120400130401,194.8746971702197,75120400131,17.700000762939453,75.0,189277.22725485344,Neches River
-94.11088758346345,30.687063468914584,75120400130411,182.6005473676056,75120400131,17.700000762939453,84.0,189459.82780222103,Neches River
-94.11259729533516,30.68593902516526,75120400130421,216.83678410180138,75120400131,17.700000762939453,84.0,189676.66458632285,Neches River
-94.11446572516134,30.68500267737828,75120400130431,204.61800136377997,75120400131,17.700000762939453,84.0,189881.2825876866,Neches River
-94.11634221512327,30.684770015278566,75120400130441,185.3296671697694,75120400131,17.700000762939453,93.5,190066.6122548564,Neches River
-94.11838120352549,30.68499340043608,75120400130451,215.33734453807247,75120400131,17.700000762939453,80.0,190281.94959939446,Neches River
-94.1204114511279,30.684572567547832,75120400130461,200.22425702051385,75120400131,17.700000762939453,82.0,190482.17385641497,Neches River
-94.12215106942595,30.68333946824145,75120400130471,196.03612095418254,75120400131,17.700000762939453,84.0,190678.20997736917,Neches River
-94.12352050031416,30.6826482038151,75120400140011,153.04618607851114,75120400141,17.700000762939453,105.0,190831.25616344766,Neches River
-94.12516145943789,30.683665316863824,75120400140021,211.31242673171346,75120400141,17.700000762939453,87.0,191042.56859017938,Neches River
-94.1260602903134,30.685281391978343,75120400140031,190.25061943896165,75120400141,17.700000762939453,91.0,191232.81920961832,Neches River
-94.12566887840445,30.686909136991083,75120400140041,197.54921660323996,75120400141,17.700000762939453,108.0,191430.36842622157,Neches River
-94.12437082276483,30.688409146008414,75120400140051,196.72659781181522,75120400141,17.700000762939453,117.0,191627.0950240334,Neches River
-94.12338747299023,30.690041762958742,75120400140061,224.88163197905897,75120400141,17.700000762939453,123.0,191851.97665601244,Neches River
-94.12337652935763,30.69180130739594,75120400140071,189.12770394441404,75120400141,17.700000762939453,132.5,192041.10435995687,Neches River
-94.12398569378762,30.693554889537356,75120400140081,217.05424935778186,75120400141,17.700000762939453,107.0,192258.15860931465,Neches River
-94.12357388102544,30.695318498264434,75120400140091,188.76386925625474,75120400141,17.700000762939453,108.0,192446.9224785709,Neches River
-94.12312289369115,30.69694650570058,75120400140101,183.6119454003777,75120400141,17.700000762939453,94.0,192630.5344239713,Neches River
-94.12273610022046,30.69870929856026,75120400140111,213.61968747941768,75120400141,17.700000762939453,108.0,192844.15411145068,Neches River
-94.1227564702055,30.700468570143823,75120400140121,184.14073993319397,75120400141,17.700000762939453,114.0,193028.2948513839,Neches River
-94.12358807308769,30.70195013994688,75120400140131,190.61732714383916,75120400141,17.700000762939453,84.0,193218.9121785277,Neches River
-94.12532427615787,30.703099046024008,75120400140141,223.70392346965363,75120400141,17.700000762939453,84.0,193442.61610199738,Neches River
-94.12706177840245,30.704356190491865,75120400140151,208.1777936278695,75120400141,17.700000762939453,84.0,193650.79389562525,Neches River
-94.12858101080836,30.705696413192445,75120400140161,200.1603289108736,75120400141,17.700000762939453,84.0,193850.9542245361,Neches River
-94.12972598270478,30.707175216037342,75120400140171,200.98294382311585,75120400141,17.700000762939453,91.5,194051.93716835923,Neches River
-94.13062039914965,30.708656190106336,75120400140181,189.2837045183735,75120400141,17.700000762939453,75.0,194241.2208728776,Neches River
-94.13213974876346,30.70999636739705,75120400140191,208.1775287346496,75120400141,17.700000762939453,84.0,194449.39840161227,Neches River
-94.13371925700463,30.711119453979776,75120400140201,196.15140081690774,75120400141,17.700000762939453,84.0,194645.54980242916,Neches River
-94.13514249418041,30.712270955277244,75120400140211,169.74883927965251,75120400141,17.700000762939453,94.5,194815.29864170883,Neches River
-94.1363816212288,30.713748871880878,75120400140221,231.3540571211889,75120400141,17.700000762939453,84.0,195046.65269883,Neches River
-94.1360247528081,30.715376093674386,75120400140231,201.90859217959212,75120400141,17.700000762939453,92.5,195248.5612910096,Neches River
-94.13425121163974,30.71642019770654,75120400140241,188.16917084866378,75120400141,17.700000762939453,71.0,195436.73046185827,Neches River
-94.13237859121944,30.71703204939182,75120400140251,193.91546123799435,75120400141,17.700000762939453,75.0,195630.64592309625,Neches River
-94.13050594638048,30.717643874588845,75120400140261,194.8736501811395,75120400141,17.700000762939453,80.0,195825.5195732774,Neches River
-94.12886234111609,30.718822688602074,75120400140271,209.93196117849885,75120400141,17.700000762939453,117.0,196035.4515344559,Neches River
-94.12959864454149,30.720439809853012,75120400140281,210.7264994703891,75120400141,17.700000762939453,108.0,196246.1780339263,Neches River
-94.1302441420856,30.722058289221295,75120400140291,183.01735914510778,75120400141,17.700000762939453,111.0,196429.1953930714,Neches River
-94.13036181158034,30.723816731452544,75120400140301,213.5537924988295,75120400141,17.700000762939453,92.0,196642.74918557022,Neches River
-94.13106684651403,30.725434659281227,75120400140311,190.6169708546525,75120400141,17.700000762939453,105.0,196833.36615642486,Neches River
-94.1326472333997,30.726611881383384,75120400140321,188.70887425855148,75120400141,17.700000762939453,127.0,197022.07503068342,Neches River
-94.13422575689296,30.72762669012209,75120400140331,196.15138516014085,75120400141,17.700000762939453,117.0,197218.22641584356,Neches River
-94.13580748715177,30.72891213340906,75120400140341,212.18602361392203,75120400141,17.700000762939453,84.0,197430.4124394575,Neches River
-94.13729749212908,30.73038783797035,75120400140351,213.1817021116953,75120400141,17.700000762939453,79.5,197643.5941415692,Neches River
-94.13737922527683,30.73201121571651,75120400140361,198.67098255371582,75120400141,17.700000762939453,92.5,197842.2651241229,Neches River
-94.13629850829685,30.733374094574195,75120400140371,157.72274131880528,75120400141,17.700000762939453,127.0,197999.9878654417,Neches River
-94.13487310691698,30.734739979548188,75120400140381,229.04530855140462,75120400141,17.700000762939453,127.0,198229.0331739931,Neches River
-94.13419806447862,30.736505808674004,75120400140391,216.45943957685398,75120400141,17.700000762939453,108.0,198445.49261356995,Neches River
-94.13416234742596,30.738265063070344,75120400140401,191.43879107099957,75120400141,17.700000762939453,92.0,198636.93140464096,Neches River
-94.13330243840099,30.739761328463356,75120400140411,179.1655837851684,75120400141,17.700000762939453,96.0,198816.09698842614,Neches River
-94.1318769026032,30.741127182584144,75120400140421,208.17754204890875,75120400141,17.700000762939453,84.0,199024.27453047503,Neches River
-94.13057666578554,30.742491929659135,75120400140431,192.1428635180306,75120400141,17.700000762939453,84.0,199216.41739399306,Neches River
-94.12892949519852,30.74367020555097,75120400140441,219.22495949026052,75120400141,17.700000762939453,79.5,199435.64235348333,Neches River
-94.12775515616896,30.74508796602746,75120400140451,186.4521159149488,75120400141,17.700000762939453,94.0,199622.0944693983,Neches River
-94.12748732309409,30.74685021791054,75120400140461,214.74250417374378,75120400141,17.700000762939453,92.0,199836.83697357203,Neches River
-94.1280155130171,30.748604570356683,75120400140471,189.72178538782094,75120400141,17.700000762939453,77.0,200026.55875895984,Neches River
-94.12862985060366,30.750223319299195,75120400150011,171.33916142615774,75120400151,17.700000762939453,76.0,200197.897920386,Neches River
-94.13027298263228,30.75126468336727,75120400150021,198.67143450939085,75120400151,17.700000762939453,90.5,200396.5693548954,Neches River
-94.13214754107874,30.75086937258755,75120400150031,188.53313924272385,75120400151,17.700000762939453,89.5,200585.10249413812,Neches River
-94.1341851099775,30.750905710949706,75120400150041,219.1349637526763,75120400151,17.700000762939453,92.0,200804.2374578908,Neches River
-94.13591915413028,30.751783788093892,75120400150051,161.7314665660127,75120400151,17.700000762939453,105.0,200965.9689244568,Neches River
-94.13734525730902,30.75312470029192,75120400150061,234.57973355359385,75120400151,17.700000762939453,84.0,201200.5486580104,Neches River
-94.13874165413432,30.754601197384673,75120400150071,179.92385520113046,75120400151,17.700000762939453,96.0,201380.47251321154,Neches River
-94.13931849731166,30.756219613397203,75120400150081,220.2576203648487,75120400151,17.700000762939453,76.0,201600.73013357638,Neches River
-94.13818315499117,30.75774600198719,75120400150091,179.1325322158719,75120400151,17.700000762939453,105.0,201779.86266579226,Neches River
-94.13662730292917,30.758707029411838,75120400150101,220.26939574373444,75120400151,17.700000762939453,84.0,202000.132061536,Neches River
-94.1349191638644,30.760048325025974,75120400150111,208.17739191972603,75120400151,17.700000762939453,84.0,202208.3094534557,Neches River
-94.1337440889963,30.7614120081718,75120400150121,181.8409797400198,75120400151,17.700000762939453,96.0,202390.15043319573,Neches River
-94.1324765416607,30.762911829000092,75120400150131,215.49354964415028,75120400151,17.700000762939453,79.5,202605.6439828399,Neches River
-94.13218213740127,30.764538486916855,75120400150141,191.80272599954085,75120400151,17.700000762939453,129.0,202797.44670883942,Neches River
-94.13342001299519,30.765854012484414,75120400150151,183.18523459629648,75120400151,17.700000762939453,169.0,202980.63194343573,Neches River
-94.13478392872419,30.76722255878748,75120400150161,208.05084383060014,75120400151,17.700000762939453,104.5,203188.68278726633,Neches River
-94.13552388006565,30.768840167694346,75120400150171,198.50686163463354,75120400151,17.700000762939453,91.5,203387.18964890094,Neches River
-94.13707688517263,30.77028823644026,75120400150181,217.20996573372696,75120400151,17.700000762939453,89.0,203604.3996146347,Neches River
-94.13896069451884,30.770542385622825,75120400150191,181.23427362562327,75120400151,17.700000762939453,92.0,203785.63388826032,Neches River
-94.14084674864532,30.770985963911258,75120400150201,220.64364714792188,75120400151,17.700000762939453,84.0,204006.2775354082,Neches River
-94.1420253330496,30.772572052894358,75120400150211,196.95346436288847,75120400151,17.700000762939453,94.0,204203.2309997711,Neches River
-94.1413533292504,30.774067264082806,75120400150221,178.40672662869832,75120400151,17.700000762939453,108.0,204381.63772639981,Neches River
-94.1400543976233,30.77556743318751,75120400150231,230.57089345390136,75120400151,18.5,90.0,204612.2086198537,Neches River
-94.1391395504846,30.77719988758475,75120400150241,186.45158563567563,75120400151,18.5,86.0,204798.66020548937,Neches River
-94.13934198247529,30.778957199966825,75120400150251,215.33614226102452,75120400151,18.5,92.0,205013.99634775042,Neches River
-94.14011504903453,30.78070982625084,75120400150261,199.26585280437976,75120400151,18.5,73.5,205213.2622005548,Neches River
-94.14088494941767,30.782191794786765,75120400150271,166.9466437200659,75120400151,18.799999237060547,101.0,205380.20884427486,Neches River
-94.14209214675336,30.783534566507033,75120400150281,204.1683581939683,75120400151,19.100000381469727,96.0,205584.37720246884,Neches River
-94.14367555825996,30.784874007896235,75120400150291,212.1856305339533,75120400151,19.100000381469727,105.0,205796.56283300277,Neches River
-94.14525901364397,30.786213428575117,75120400150301,212.1855446997688,75120400151,19.100000381469727,84.0,206008.74837770255,Neches River
-94.14668416122655,30.787418889372702,75120400150311,169.74837387698108,75120400151,19.100000381469727,84.0,206178.4967515795,Neches River
-94.1481093439154,30.78862433359738,75120400150321,212.1853898954862,75120400151,19.100000381469727,84.0,206390.682141475,Neches River
-94.14969227805747,30.789909566098864,75120400150331,196.7254149432011,75120400151,19.100000381469727,84.0,206587.4075564182,Neches River
-94.15157972476828,30.79038839288704,75120400150341,217.64715161852536,75120400151,19.100000381469727,92.0,206805.05470803674,Neches River
-94.15361327782736,30.790064207245614,75120400150351,186.45099428914557,75120400151,19.100000381469727,94.0,206991.5057023259,Neches River
-94.1556435771887,30.789423561380815,75120400150361,222.03960906902788,75120400151,19.100000381469727,94.0,207213.5453113949,Neches River
-94.1576774157175,30.7891048635337,75120400150371,181.8276716672796,75120400151,19.100000381469727,73.5,207395.3729830622,Neches River
-94.1595632615706,30.7894697627761,75120400150381,194.87224492790492,75120400151,19.100000381469727,86.5,207590.2452279901,Neches River
-94.16160912433742,30.79011971264419,75120400150391,218.53917600609543,75120400151,19.100000381469727,92.0,207808.7844039962,Neches River
-94.16364751686923,30.79016399756288,75120400150401,200.96109518550207,75120400151,19.100000381469727,92.0,208009.7454991817,Neches River
-94.16522904524285,30.79131370946356,75120400150411,169.7475554284924,75120400151,19.100000381469727,116.0,208179.49305461018,Neches River
-94.16681093773174,30.792490465828926,75120400150421,221.6009775465986,75120400151,19.100000381469727,84.0,208401.09403215678,Neches River
-94.1687021214688,30.793312531838104,75120400150431,197.54716071079017,75120400151,19.100000381469727,105.0,208598.64119286757,Neches River
-94.17074320389335,30.793564791468082,75120400150441,210.64590414408883,75120400151,19.100000381469727,92.0,208809.28709701166,Neches River
-94.1727787102246,30.793356916046605,75120400150451,183.60974087853893,75120400151,19.100000381469727,73.5,208992.8968378902,Neches River
-94.17481815646642,30.793470945203016,75120400150461,214.74001416126993,75120400151,19.100000381469727,80.0,209207.63685205148,Neches River
-94.1770173284319,30.793832785665305,75120400150471,225.83676272090503,75120400151,19.100000381469727,94.0,209433.47361477237,Neches River
-94.17958257562995,30.79849219269275,75120400170013,164.26958626281115,75120400173,21.5,574.0,210017.627476248,Neches River
-94.17856776262309,30.80012549083701,75120400170023,207.28997967363446,75120400173,21.5,789.0,210224.91745592162,Neches River
-94.17780374375695,30.80175650231067,75120400170033,192.19585240011517,75120400173,21.5,1304.0,210417.11330832174,Neches River
-94.1770710538276,30.803387224755387,75120400170043,190.47859622203126,75120400173,21.5,1184.0,210607.59190454378,Neches River
-94.17665353440714,30.80515042066595,75120400170053,214.21102770232034,75120400173,21.5,1215.0,210821.8029322461,Neches River
-94.17645548682367,30.806911622756843,75120400170063,194.64014811834969,75120400173,21.5,1743.0,211016.44308036444,Neches River
-94.17757107193204,30.80839021622016,75120400170073,175.7296862078935,75120400173,21.5,1656.0,211192.17276657233,Neches River
-94.17846719920388,30.8098707951688,75120400170083,201.93924745854645,75120400173,21.5,1898.5,211394.11201403086,Neches River
-94.17952179074011,30.81148526337045,75120400170093,213.39918920369018,75120400173,21.5,2104.5,211607.51120323455,Neches River
-94.18063747710484,30.8129638268757,75120400170103,172.29567413799373,75120400173,21.5,2220.0,211779.80687737255,Neches River
-94.18165912581017,30.814443237407573,75120400170113,210.72369794116275,75120400173,21.549999237060547,2980.0,211990.53057531372,Neches River
-94.18261974817605,30.81605853460916,75120400170123,196.58828134068818,75120400173,21.600000381469727,3798.5,212187.11885665442,Neches River
-94.18333119407058,30.817811438138065,75120400170133,217.64523843553891,75120400173,21.600000381469727,3951.0,212404.76409508995,Neches River
-94.18363499762611,30.81956806166499,75120400170143,182.4205965953447,75120400173,21.600000381469727,3966.0,212587.18469168528,Neches River
-94.18415667088479,30.821187354361335,75120400170153,188.76096368578345,75120400173,21.600000381469727,4076.5,212775.94565537106,Neches River
-94.18483516366187,30.822805210133186,75120400170163,193.9127972162356,75120400173,21.600000381469727,3983.5,212969.8584525873,Neches River
-94.18554670338254,30.82455809738377,75120400170173,216.45659318324007,75120400173,21.600000381469727,4135.0,213186.31504577055,Neches River
-94.1858505726013,30.82631471233288,75120400170183,182.42049568221162,75120400173,21.600000381469727,4062.5,213368.73554145277,Neches River
-94.18571538702747,30.82807534553324,75120400170193,213.02200366300957,75120400173,21.600000381469727,4252.0,213581.75754511578,Neches River
-94.18560490741129,30.829836265289675,75120400170203,183.54353457456884,75120400173,21.600000381469727,4004.0,213765.30107969034,Neches River
-94.18650801940714,30.83131620141525,75120400170213,189.2810156690301,75120400173,21.600000381469727,3960.0,213954.58209535936,Neches River
-94.18728071874574,30.832933177115343,75120400170223,215.92773011870355,75120400173,21.600000381469727,3344.0,214170.50982547808,Neches River
-94.18764737918562,30.83468920910565,75120400170233,183.01467197760053,75120400173,21.600000381469727,3239.0,214353.52449745568,Neches River
-94.187951324723,30.83644581463466,75120400170243,213.0218826751764,75120400173,21.600000381469727,3282.0,214566.54638013087,Neches River
-94.18825528252034,30.838202418683757,75120400170253,182.42038226920508,75120400173,21.600000381469727,3469.0,214748.96676240006,Neches River
-94.18855925238157,30.839959021279938,75120400170263,212.42759002426388,75120400173,21.600000381469727,3293.0,214961.3943524243,Neches River
-94.18889460078195,30.841715334452708,75120400170273,181.8260953218736,75120400173,21.600000381469727,3431.0,215143.2204477462,Neches River
-94.18903508552552,30.843473374130053,75120400170283,214.14485456909708,75120400173,21.600000381469727,3525.0,215357.3653023153,Neches River
-94.18856157860439,30.845237172560758,75120400170293,187.04346550439226,75120400173,21.600000381469727,2320.0,215544.4087678197,Neches River
-94.18836202398538,30.846863056341924,75120400170303,189.1245865170945,75120400173,21.600000381469727,3080.0,215733.53335433677,Neches River
-94.18923066273545,30.848614471214333,75120400170313,243.80054813778145,75120400173,21.600000381469727,3181.0,215977.33390247455,Neches River
-93.7001412031617,30.16623716581668,75120500060011,178.41342448488314,75120500061,0.600000023841858,146.0,79062.99578550008,Sabine River
-93.69843170344818,30.166814791611248,75120500060021,174.02992265656746,75120500061,0.600000023841858,84.0,79237.02570815665,Sabine River
-93.69688119608625,30.16785177727696,75120500060031,200.17802166798626,75120500061,0.600000023841858,84.0,79437.20372982464,Sabine River
-93.69552082056671,30.169347963417245,75120500060041,208.8281522453035,75120500061,0.600000023841858,67.0,79646.03188206995,Sabine River
-93.6950346764045,30.171110228566594,75120500060051,213.04403325291224,75120500061,0.600000023841858,67.0,79859.07591532286,Sabine River
-93.69436062572775,30.172738125617247,75120500060061,179.18170383309868,75120500061,0.600000023841858,87.0,80038.25761915595,Sabine River
-93.69381118248204,30.17436536010114,75120500060071,213.57289663293008,75120500061,0.600000023841858,92.0,80251.83051578888,Sabine River
-93.69357424749025,30.17612630081094,75120500060081,188.7804483081069,75120500061,0.600000023841858,73.5,80440.610964097,Sabine River
-93.69243125055536,30.17754008886733,75120500060091,198.6031010593506,75120500061,0.600000023841858,102.0,80639.21406515634,Sabine River
-93.69056703916215,30.17830793497513,75120500060101,203.59059740063753,75120500061,0.600000023841858,131.5,80842.80466255697,Sabine River
-93.689237585763,30.179803893406,75120500060111,225.40908970638904,75120500061,0.600000023841858,94.0,81068.21375226337,Sabine River
-93.68809617793079,30.18146128463009,75120500070011,176.5062504264195,75120500071,0.7500000298023225,96.0,81244.72000268979,Sabine River
-93.68629399041902,30.182201673225542,75120500070021,185.38193309975938,75120500071,0.800000011920929,117.0,81430.10193578956,Sabine River
-93.68602705857543,30.183881224327195,75120500070031,212.45001684006013,75120500071,0.800000011920929,67.0,81642.55195262961,Sabine River
-93.68541322194997,30.185509075903607,75120500070041,174.70279161561245,75120500071,0.800000011920929,96.0,81817.25474424522,Sabine River
-93.68361262307953,30.18649306874517,75120500070051,233.32342414320425,75120500071,0.800000011920929,84.0,82050.57816838843,Sabine River
-93.68224974150372,30.18769133773091,75120500070061,198.8786159859818,75120500071,0.800000011920929,94.0,82249.45678437442,Sabine River
-93.68269683259317,30.189259192989674,75120500070071,180.89880304057178,75120500071,0.800000011920929,94.0,82430.35558741498,Sabine River
-93.68426279452133,30.19038805993502,75120500070081,204.18748304000698,75120500071,0.800000011920929,84.0,82634.543070455,Sabine River
-93.6856442538909,30.191869809327404,75120500070091,204.20491340510532,75120500071,0.800000011920929,94.0,82838.7479838601,Sabine River
-93.68515595640513,30.19336132541246,75120500070101,182.61619290355097,75120500071,0.800000011920929,75.0,83021.36417676364,Sabine River
-93.68395087748829,30.194856579788155,75120500070111,216.85549319262708,75120500071,1.0,55.5,83238.21966995628,Sabine River
-93.68293368236775,30.19648620515506,75120500070121,195.92773784408482,75120500071,1.0,45.0,83434.14740780035,Sabine River
-93.68150739566181,30.19754943601208,75120500070131,181.85773435887998,75120500071,1.0,84.0,83616.00514215924,Sabine River
-93.68008424148223,30.19907286031223,75120500070141,235.99846798576158,75120500071,1.0,80.0,83852.003610145,Sabine River
-93.67956652029306,30.200835228314833,75120500070151,198.52529485492357,75120500071,1.0,75.0,84050.52890499993,Sabine River
-93.67845569417858,30.202465304091895,75120500070161,201.959553878028,75120500071,1.600000023841858,83.5,84252.48845887795,Sabine River
-93.67837333421926,30.204090053219204,75120500070171,187.59225615412777,75120500071,1.600000023841858,94.0,84440.08071503208,Sabine River
-93.67913248753881,30.20571044570363,75120500070181,190.4983537624485,75120500071,1.600000023841858,80.0,84630.57906879453,Sabine River
-93.67983026097399,30.207466511598348,75120500070191,221.10307761903417,75120500071,1.600000023841858,77.0,84851.68214641356,Sabine River
-93.67965627648562,30.20936245544788,75120500070201,208.1711604955612,75120500071,1.600000023841858,84.0,85059.85330690912,Sabine River
-93.6780088057191,30.21002071449565,75120500070211,182.96870563911193,75120500071,1.600000023841858,51.0,85242.82201254823,Sabine River
-93.67723719145593,30.21140536649865,75120500070221,185.87482199445986,75120500071,1.600000023841858,36.0,85428.69683454269,Sabine River
-93.67637742159948,30.213034135920623,75120500070231,214.18009787534453,75120500071,1.600000023841858,54.0,85642.87693241803,Sabine River
-93.6755790351872,30.214797933847198,75120500070241,215.95081055498227,75120500071,1.600000023841858,48.0,85858.82774297302,Sabine River
-93.6754040343705,30.216558516135073,75120500070251,180.0626396415107,75120500071,1.600000023841858,30.0,86038.89038261453,Sabine River
-93.67535371289885,30.218318455458217,75120500070261,214.16784836898213,75120500071,1.600000023841858,42.0,86253.05823098352,Sabine River
-93.67492932873698,30.220080320995777,75120500070271,183.5630952878849,75120500071,1.600000023841858,30.0,86436.6213262714,Sabine River
-93.67451047186113,30.221842184921975,75120500070281,215.88534321156095,75120500071,1.600000023841858,36.0,86652.50666948296,Sabine River
-93.67401761706721,30.22352315472383,75120500070291,203.75466488400863,75120500071,1.600000023841858,42.0,86856.26133436697,Sabine River
-93.67234311996819,30.224831210578554,75120500070301,200.17879690938074,75120500071,1.600000023841858,42.0,87056.44013127635,Sabine River
-93.6712640049029,30.2263258699223,75120500070311,198.6898029576851,75120500071,1.600000023841858,33.0,87255.12993423404,Sabine River
-93.67136672178944,30.22794917361525,75120500070321,183.03437603571106,75120500071,1.600000023841858,42.0,87438.16431026974,Sabine River
-93.67113295470332,30.22971038700702,75120500070331,211.85619282252634,75120500071,1.600000023841858,30.0,87650.02050309227,Sabine River
-93.67114214810954,30.231605358185117,75120500070341,211.8561927234393,75120500071,1.600000023841858,30.0,87861.8766958157,Sabine River
-93.67146586056958,30.233363376636092,75120500070351,181.2514014145883,75120500071,1.600000023841858,33.0,88043.12809723029,Sabine River
-93.67185101789576,30.234985718966293,75120500070361,197.56735437043338,75120500071,1.600000023841858,42.0,88240.69545160072,Sabine River
-93.67304586867316,30.236468543480644,75120500070371,196.74455361494827,75120500071,1.600000023841858,36.0,88437.44000521569,Sabine River
-93.6738978038492,30.237953120518483,75120500070381,189.7392269208979,75120500071,1.600000023841858,57.5,88627.17923213658,Sabine River
-93.67506246911587,30.23957144004153,75120500070391,218.37296272285886,75120500071,1.600000023841858,36.0,88845.55219485944,Sabine River
-93.6760089236091,30.241190874562076,75120500070401,208.07023814007627,75120500071,1.600000023841858,36.0,89053.62243299952,Sabine River
-93.67679951463784,30.242811106854106,75120500070411,184.7516966114289,75120500071,1.600000023841858,36.0,89238.37412961094,Sabine River
-93.67752870180468,30.244567010656667,75120500070421,227.5769208209052,75120500071,1.600000023841858,51.0,89465.95105043185,Sabine River
-93.67933450569424,30.244178653000944,75120500070431,169.63734862416717,75120500071,1.600000023841858,51.0,89635.58839905601,Sabine River
-93.6808979533638,30.244820261659555,75120500070441,200.75337618350227,75120500071,1.600000023841858,54.0,89836.34177523952,Sabine River
-93.68246628520114,30.246165694442272,75120500070451,212.20565615054662,75120500071,1.600000023841858,36.0,90048.54743139006,Sabine River
-93.6839722989828,30.247511433121467,75120500070461,190.63434982664853,75120500071,1.600000023841858,42.0,90239.18178121671,Sabine River
-93.68392118815439,30.249136011024085,75120500070471,219.9142931564853,75120500071,1.600000023841858,51.0,90459.0960743732,Sabine River
-93.68443134170944,30.250757657163668,75120500070481,179.1820042499298,75120500071,1.600000023841858,48.0,90638.27807862313,Sabine River
-93.68519472555488,30.252377343525335,75120500070491,222.0610833473167,75120500071,1.600000023841858,54.0,90860.33916197045,Sabine River
-93.6847373210133,30.254140046881965,75120500070501,185.874611585343,75120500071,1.600000023841858,45.0,91046.21377355579,Sabine River
-93.68518327198075,30.2557620142425,75120500070511,206.35247651391205,75120500071,1.600000023841858,57.5,91252.56625006969,Sabine River
-93.68587682147988,30.257382346756685,75120500070521,188.7806953027203,75120500071,1.600000023841858,48.0,91441.34694537241,Sabine River
-93.6851736983879,30.25914635707048,75120500070531,226.45420009010948,75120500071,1.600000023841858,63.0,91667.80114546252,Sabine River
-93.68615244616419,30.26060279368425,75120500070541,192.49274338043145,75120500071,1.600000023841858,58.5,91860.29388884296,Sabine River
-93.68818094905254,30.260808724889444,75120500070551,212.45000937610158,75120500071,1.600000023841858,60.0,92072.74389821907,Sabine River
-93.69020945985014,30.261014624348594,75120500070561,180.65659606412322,75120500071,1.600000023841858,60.0,92253.40049428318,Sabine River
-93.69223797848072,30.26122049243414,75120500070571,235.97857711469257,75120500071,1.600000023841858,63.0,92489.37907139788,Sabine River
-93.69362094873719,30.26275626604074,75120500080011,165.9829140516833,75120500081,1.600000023841858,90.5,98553.86046907003,Sabine River
-93.6936956881422,30.264515534657555,75120500080021,215.35588908901366,75120500081,1.600000023841858,67.0,98769.21635815904,Sabine River
-93.69314670568696,30.266278105599785,75120500080031,188.7804791841123,75120500081,1.600000023841858,67.0,98957.99683734316,Sabine River
-93.6925958041064,30.26804067410432,75120500080041,218.19653566482546,75120500081,1.600000023841858,92.0,99176.19337300799,Sabine River
-93.69230008267331,30.269801921270997,75120500080051,181.25081931791453,75120500081,1.600000023841858,61.5,99357.4441923259,Sabine River
-93.69237290691287,30.27156118903041,75120500080061,211.85550319036457,75120500081,1.600000023841858,63.0,99569.29969551627,Sabine River
-93.69263571544074,30.273454820058067,75120500080071,213.04413892592868,75120500081,1.600000023841858,67.0,99782.34383444219,Sabine River
-93.69336542038457,30.275210619598255,75120500080081,204.6354607449817,75120500081,1.600000023841858,54.0,99986.97929518718,Sabine River
-93.6941565782592,30.276830730079567,75120500080091,185.8743445159027,75120500081,1.600000023841858,49.5,100172.85363970307,Sabine River
-93.69500728145005,30.278044443435277,75120500080101,165.4338401988523,75120500081,1.600000023841858,36.0,100338.28747990193,Sabine River
-93.6957969618732,30.279341683140558,75120500080111,243.2182824834129,75120500081,1.600000023841858,30.0,100581.50576238534,Sabine River
-93.69766991794614,30.279654583076056,75120500080121,180.89840558497536,75120500081,1.600000023841858,30.0,100762.40416797032,Sabine River
-93.69911427438223,30.281000461980984,75120500080131,225.48697012486375,75120500081,1.600000023841858,36.0,100987.89113809518,Sabine River
-93.69975115445914,30.28283793287581,75120500080141,204.14127291033833,75120500081,1.700000047683716,42.0,101192.03241100552,Sabine River
-93.70082166872838,30.28423993262716,75120500080151,184.14721598234487,75120500081,1.700000047683716,43.5,101376.17962698787,Sabine River
-93.70253741512353,30.28425780756054,75120500080161,214.8857192214625,75120500081,1.700000047683716,36.0,101591.06534620933,Sabine River
-93.70430742421095,30.283896000403534,75120500080171,200.0011071763317,75120500081,1.700000047683716,36.0,101791.06645338566,Sabine River
-93.70386204746498,30.282193403804765,75120500080181,190.86147928811283,75120500081,1.700000047683716,33.0,101981.92793267377,Sabine River
-93.70485184336721,30.28075312324129,75120500080191,221.90816526679188,75120500081,1.700000047683716,67.0,102203.83609794057,Sabine River
-93.70687827195427,30.280632224263446,75120500080201,181.84476312682006,75120500081,1.700000047683716,60.0,102385.68086106738,Sabine River
-93.7086303977266,30.281355372825146,75120500080211,209.78593707928007,75120500081,1.700000047683716,58.5,102595.46679814666,Sabine River
-93.70892376604819,30.28311344125288,75120500080221,218.5598294547231,75120500081,1.700000047683716,45.0,102814.02662760139,Sabine River
-93.70752966727625,30.284447493603775,75120500080231,193.08641117861978,75120500081,1.700000047683716,57.0,103007.11303878001,Sabine River
-93.70569457529642,30.28518833345644,75120500080241,213.13419056234463,75120500081,1.700000047683716,63.0,103220.24722934235,Sabine River
-93.70489693365778,30.286789868150866,75120500080251,184.1565627125906,75120500081,1.700000047683716,57.0,103404.40379205495,Sabine River
-93.70447087417445,30.288551807454066,75120500080261,217.6673054555352,75120500081,1.700000047683716,54.0,103622.07109751047,Sabine River
-93.70448344879034,30.290311395387292,75120500080271,196.97132065931712,75120500081,1.700000047683716,48.0,103819.04241816979,Sabine River
-93.70586586121827,30.291684600042483,75120500080281,185.29127179188515,75120500081,1.700000047683716,63.0,104004.33368996168,Sabine River
-93.70774334457889,30.292427404839334,75120500080291,224.90094043643,75120500081,1.700000047683716,45.0,104229.2346303981,Sabine River
-93.70926388600068,30.291639148560126,75120500080301,182.967803577694,75120500081,1.700000047683716,65.0,104412.2024339758,Sabine River
-93.70929021046257,30.28987939375991,75120500080311,213.57239338914957,75120500081,1.700000047683716,60.0,104625.77482736495,Sabine River
-93.71014569747862,30.2881962836261,75120500080321,196.29078008024828,75120500081,1.700000047683716,63.0,104822.0656074452,Sabine River
-93.71191920655403,30.287619839329686,75120500080331,194.2094236269012,75120500081,1.700000047683716,70.0,105016.2750310721,Sabine River
-93.71320986440921,30.288910397992513,75120500080341,196.9710472127411,75120500081,1.700000047683716,33.0,105213.24607828484,Sabine River
-93.71268936248848,30.29053768830115,75120500080351,208.06903748047654,75120500081,1.700000047683716,60.5,105421.31511576532,Sabine River
-93.71198168149013,30.29216616412184,75120500080361,203.08164118932956,75120500081,1.700000047683716,61.5,105624.39675695465,Sabine River
-93.71311838354633,30.293783942301037,75120500080371,208.06902873655554,75120500081,1.700000047683716,48.0,105832.46578569121,Sabine River
-93.71446918040931,30.29504791704671,75120500080381,220.87459833710662,75120500081,1.700000047683716,51.0,106053.34038402831,Sabine River
-93.71493259202198,30.294450834348133,75120500080391,168.19166868998377,75120500081,1.700000047683716,67.0,106221.53205271829,Sabine River
-93.71467243220172,30.292990389991964,75120500080401,203.81312285911204,75120500081,1.700000047683716,80.0,106425.3451755774,Sabine River
-93.71661220260799,30.293764859405954,75120500080411,227.73184726954787,75120500081,1.700000047683716,42.0,106653.07702284695,Sabine River
-93.71780844798417,30.295247240390065,75120500080421,185.2909021899087,75120500081,1.700000047683716,54.0,106838.36792503686,Sabine River
-93.71946614380687,30.295833712353495,75120500080431,198.5240850051761,75120500081,1.700000047683716,65.5,107036.89201004204,Sabine River
-93.72148909026873,30.295172858915826,75120500080441,217.66675498063842,75120500081,1.700000047683716,48.0,107254.55876502268,Sabine River
-93.72351498982741,30.2949197545219,75120500080451,186.23736003439217,75120500081,1.700000047683716,54.0,107440.79612505707,Sabine River
-93.72436143594999,30.296293964852925,75120500080461,208.68615255546453,75120500081,1.700000047683716,54.0,107649.48227761254,Sabine River
-93.72481668589,30.297996984014638,75120500080471,190.26653195333282,75120500081,1.700000047683716,62.0,107839.74880956586,Sabine River
-93.7264986793608,30.29763572789034,75120500080481,194.06726651958738,75120500081,1.700000047683716,42.0,108033.81607608545,Sabine River
-93.72820605510339,30.296597689231625,75120500080491,203.99938174470697,75120500081,1.700000047683716,73.5,108237.81545783016,Sabine River
-93.72977505515055,30.297725785027808,75120500080501,221.04670399862505,75120500081,1.700000047683716,69.0,108458.86216182879,Sabine River
-93.73165324383953,30.29858158661898,75120500090011,179.1806613511223,75120500091,1.700000047683716,63.0,108638.04282317992,Sabine River
-93.7335280388303,30.298977164312145,75120500090021,184.75006308953067,75120500091,1.700000047683716,55.5,108822.79288626944,Sabine River
-93.73555923493396,30.299425979049325,75120500090031,224.14063787885692,75120500091,1.700000047683716,48.0,109046.93352414829,Sabine River
-93.73712634763282,30.300011344180923,75120500090041,193.95376743468412,75120500091,1.700000047683716,63.0,109240.88729158299,Sabine River
-93.73572471678185,30.30069740876528,75120500090051,189.73738419265715,75120500091,1.700000047683716,42.0,109430.62467577565,Sabine River
-93.7349526700046,30.301757535071946,75120500090061,193.35951435737164,75120500091,1.700000047683716,88.0,109623.98419013301,Sabine River
-93.73695172010034,30.30207115030159,75120500090071,196.88424514521282,75120500091,1.700000047683716,36.0,109820.86843527823,Sabine River
-93.73824196439563,30.30355280871951,75120500090081,201.27727869263722,75120500091,1.700000047683716,60.0,110022.14571397087,Sabine River
-93.74001698195815,30.303109639367328,75120500090091,213.13299919056416,75120500091,1.700000047683716,48.0,110235.27871316142,Sabine River
-93.7410644656974,30.30134406636677,75120500090101,219.91228050440682,75120500091,1.700000047683716,51.0,110455.19099366583,Sabine River
-93.74278132224515,30.30146968995725,75120500090111,197.47836138603012,75120500091,1.700000047683716,39.0,110652.66935505185,Sabine River
-93.74310554256814,30.303092136811493,75120500090121,183.56108666393462,75120500091,1.700000047683716,39.0,110836.2304417158,Sabine River
-93.74383432723808,30.30484691938756,75120500090131,225.26341976756305,75120500091,1.700000047683716,54.0,111061.49386148335,Sabine River
-93.7426278067105,30.305937351130943,75120500090141,187.954211766168,75120500091,1.700000047683716,54.0,111249.44807324953,Sabine River
-93.74082155198491,30.306380733102504,75120500090151,190.26601924373045,75120500091,1.700000047683716,71.0,111439.71409249326,Sabine River
-93.741394129068,30.30783934805381,75120500090161,215.5222017840062,75120500091,1.700000047683716,67.5,111655.23629427726,Sabine River
-93.74293309197368,30.30918419077688,75120500090171,183.18932681110834,75120500091,1.700000047683716,42.0,111838.42562108838,Sabine River
-93.74394251654006,30.310640312184475,75120500090181,216.56704337299766,75120500091,1.700000047683716,42.0,112054.99266446137,Sabine River
-93.7457915121251,30.311712642358724,75120500090191,198.52321909507816,75120500091,1.700000047683716,42.0,112253.51588355645,Sabine River
-93.74766496668786,30.31189323155236,75120500090201,169.11714805464078,75120500091,1.700000047683716,45.0,112422.63303161108,Sabine River
-93.74736405587853,30.313355024732488,75120500090211,252.0780695691991,75120500091,1.700000047683716,42.0,112674.71110118029,Sabine River
-93.74656309602206,30.31498422613192,75120500090221,194.20827902019136,75120500091,1.700000047683716,49.5,112868.91938020047,Sabine River
-93.74800760489487,30.315919559845504,75120500090231,187.95405423563204,75120500091,1.700000047683716,49.5,113056.87343443611,Sabine River
-93.7496013586653,30.316454710233714,75120500090241,215.99608683081811,75120500091,1.700000047683716,60.0,113272.86952126693,Sabine River
-93.74833463835171,30.317897470021265,75120500090251,195.79691302620435,75120500091,1.700000047683716,63.0,113468.66643429313,Sabine River
-93.74849826341003,30.318898174955002,75120500090261,196.6255876840785,75120500091,1.700000047683716,67.0,113665.2920219772,Sabine River
-93.75047124420011,30.31983436907125,75120500090271,208.0670422156943,75120500091,1.700000047683716,69.0,113873.3590641929,Sabine River
-93.7504530403545,30.321539969304244,75120500090281,212.71447107004212,75120500091,1.700000047683716,108.0,114086.07353526296,Sabine River
-93.75229962315083,30.322260288970334,75120500090291,192.57742768340162,75120500091,1.700000047683716,75.0,114278.65096294635,Sabine River
-93.75337214524933,30.323770111495513,75120500090301,206.26414661155547,75120500091,1.700000047683716,71.0,114484.9151095579,Sabine River
-93.75503405641615,30.32481631121466,75120500090311,185.2897582464055,75120500091,1.700000047683716,63.0,114670.2048678043,Sabine River
-93.7556077869108,30.326383135073577,75120500090321,220.90539236067494,75120500091,2.799999952316284,68.0,114891.11026016499,Sabine River
-93.75496431986876,30.327929916002027,75120500090331,187.0973088866342,75120500091,2.799999952316284,87.5,115078.20756905162,Sabine River
-93.75519521944653,30.329552861873594,75120500090341,189.90169090003212,75120500091,2.799999952316284,49.5,115268.10925995166,Sabine River
-93.75511406388127,30.33117760888483,75120500090351,197.4779397201882,75120500091,2.799999952316284,63.0,115465.58719967183,Sabine River
-93.75702535703184,30.33205738777922,75120500090361,208.57969105112943,75120500091,2.799999952316284,84.0,115674.16689072298,Sabine River
-93.75820140822727,30.33088903418654,75120500090371,214.93583334765626,75120500091,2.799999952316284,84.0,115889.10272407063,Sabine River
-93.75997263973527,30.32990418737584,75120500090381,189.73661918077846,75120500091,2.799999952316284,51.0,116078.8393432514,Sabine River
-93.76184059521992,30.329324822873637,75120500090391,193.17144712211035,75120500091,2.799999952316284,54.0,116272.01079037352,Sabine River
-93.76359378728343,30.330045523702715,75120500090401,211.50146090161817,75120500091,2.799999952316284,65.0,116483.51225127514,Sabine River
-93.76451032551833,30.331529089660275,75120500090411,190.63182942617638,75120500091,2.799999952316284,63.0,116674.14408070131,Sabine River
-93.7653904213683,30.33303990102278,75120500090421,222.8746730565124,75120500091,2.799999952316284,75.0,116897.01875375782,Sabine River
-93.76359345715423,30.33402500303802,75120500090431,185.8643055671912,75120500091,2.799999952316284,42.0,117082.88305932502,Sabine River
-93.76213782960352,30.33546827127219,75120500090441,223.72109499918992,75120500091,4.400000095367432,60.0,117306.6041543242,Sabine River
-93.760806573705,30.33685665749171,75120500090451,187.6788181394043,75120500091,4.400000095367432,42.0,117494.28297246361,Sabine River
-93.75925535779255,30.338056808715752,75120500090461,204.18498927624944,75120500091,5.300000190734863,42.0,117698.46796173985,Sabine River
-93.75895454894467,30.339460825501103,75120500090471,212.11985928554162,75120500091,5.300000190734863,48.0,117910.5878210254,Sabine River
-93.76097936414007,30.33902135271629,75120500090481,192.57716308612186,75120500091,5.300000190734863,61.5,118103.16498411151,Sabine River
-93.76269878717447,30.33939033296166,75120500090491,186.62290581514645,75120500091,5.300000190734863,42.0,118289.78788992667,Sabine River
-93.76402217572598,30.341006881878915,75120500090501,249.17443769696575,75120500091,5.300000190734863,54.0,118538.96232762362,Sabine River
-93.76550271117921,30.342757852697062,75120500100011,174.19224783573168,75120500101,5.300000190734863,43.5,118713.15457545937,Sabine River
-93.765075877545,30.344034524657328,75120500100021,175.98555084011088,75120500101,5.300000190734863,45.0,118889.14012629948,Sabine River
-93.76319842283935,30.343448103387715,75120500100031,220.28689315685114,75120500101,5.300000190734863,42.0,119109.42701945633,Sabine River
-93.76147138290091,30.342104610729063,75120500100041,200.75073239095138,75120500101,5.300000190734863,42.0,119310.17775184728,Sabine River
-93.75972196119356,30.341898216844932,75120500100051,207.57414685151153,75120500101,5.300000190734863,63.0,119517.7518986988,Sabine River
-93.75985892826237,30.34346755306544,75120500100061,162.5671310442222,75120500101,5.300000190734863,54.0,119680.31902974301,Sabine River
-93.7610250169218,30.34492261782098,75120500100071,220.28697773402598,75120500101,5.300000190734863,58.5,119900.60600747704,Sabine River
-93.76237567913736,30.34602394167709,75120500100081,182.65345213110336,75120500101,5.300000190734863,93.5,120083.25945960815,Sabine River
-93.76119908735028,30.347249729977218,75120500100091,196.16692397147906,75120500101,5.300000190734863,63.0,120279.42638357963,Sabine River
-93.75977360814709,30.348584511182416,75120500100101,203.665791686025,75120500101,5.300000190734863,42.0,120483.09217526564,Sabine River
-93.75797103898103,30.349596609199722,75120500100111,204.71078027572096,75120500101,5.300000190734863,63.0,120687.80295554137,Sabine River
-93.75857409409298,30.35089252987586,75120500100121,191.03967303704914,75120500101,5.300000190734863,58.5,120878.84262857842,Sabine River
-93.76045229305258,30.351585469774328,75120500100131,214.93577806288002,75120500101,5.300000190734863,63.0,121093.7784066413,Sabine River
-93.76180996326654,30.353200762999325,75120500100141,215.69411087454657,75120500101,5.300000190734863,77.0,121309.47251751585,Sabine River
-93.76046904133742,30.353751068381758,75120500100151,181.84314534490304,75120500101,5.300000190734863,63.0,121491.31566286075,Sabine River
-93.75859852802722,30.354059719307138,75120500100161,170.89977490647624,75120500101,5.300000190734863,54.0,121662.21543776723,Sabine River
-93.75839527552994,30.355656667377136,75120500100171,230.89315948253235,75120500101,5.300000190734863,92.0,121893.10859724975,Sabine River
-93.75705389659859,30.35615315598617,75120500100181,185.27814570864956,75120500101,5.300000190734863,88.5,122078.3867429584,Sabine River
-93.75584736129055,30.35729750125235,75120500100191,211.85330922823346,75120500101,5.300000190734863,45.0,122290.24005218664,Sabine River
-93.75557787155773,30.359058313732945,75120500100201,188.54810075129612,75120500101,5.300000190734863,75.0,122478.78815293794,Sabine River
-93.75380379299868,30.35974173456572,75120500100211,214.16518595708354,75120500101,5.300000190734863,63.0,122692.95333889502,Sabine River
-93.7516149849662,30.359323003715055,75120500100221,210.4192873794828,75120500101,5.300000190734863,67.0,122903.3726262745,Sabine River
-93.75077899407654,30.36016881289362,75120500100231,185.418494640806,75120500101,5.300000190734863,90.5,123088.79112091531,Sabine River
-93.75210040554089,30.361514775925983,75120500100241,169.7626174294227,75120500101,5.300000190734863,42.0,123258.55373834474,Sabine River
-93.75366992413348,30.362642725150145,75120500100251,220.28727269995173,75120500101,5.300000190734863,63.0,123478.84101104469,Sabine River
-93.75539410581722,30.363580263047652,75120500100261,181.8555801259836,75120500101,5.300000190734863,84.0,123660.69659117066,Sabine River
-93.75708877165803,30.36473451780828,75120500100271,227.15550220644297,75120500101,5.300000190734863,65.0,123887.8520933771,Sabine River
-93.75813146206248,30.366352743178354,75120500100281,193.17154154497095,75120500101,5.300000190734863,65.0,124081.02363492208,Sabine River
-93.7589244431654,30.367972409671204,75120500100291,197.56458220521122,75120500101,5.300000190734863,65.0,124278.5882171273,Sabine River
-93.75881232208731,30.369624400248203,75120500100301,210.7424388225385,75120500101,5.300000190734863,96.0,124489.33065594983,Sabine River
-93.75712422543197,30.369336408343372,75120500100311,182.70419085874073,75120500101,5.300000190734863,81.0,124672.03484680857,Sabine River
-93.75661118178266,30.367579754976486,75120500100321,215.94798908777742,75120500101,5.300000190734863,63.0,124887.98283589634,Sabine River
-93.7558492511679,30.365934627401693,75120500100331,185.87248653236557,75120500101,5.300000190734863,77.5,125073.85532242872,Sabine River
-93.75461115554515,30.366779567955383,75120500100341,213.57080503931925,75120500101,5.300000190734863,94.0,125287.42612746803,Sabine River
-93.75502634700075,30.368536410714533,75120500100351,186.46681259615696,75120500101,5.300000190734863,65.0,125473.8929400642,Sabine River
-93.7550086482101,30.37029613764855,75120500100361,213.04197059685043,75120500101,5.300000190734863,63.0,125686.93491066105,Sabine River
-93.7547703345558,30.372057126479888,75120500100371,181.8432904507267,75120500101,5.300000190734863,83.5,125868.77820111177,Sabine River
-93.75484837128535,30.373816311536654,75120500100381,210.66471282557794,75120500101,5.300000190734863,63.0,126079.44291393735,Sabine River
-93.75486189100572,30.375575856749848,75120500100391,180.06033874279439,75120500101,5.300000190734863,60.0,126259.50325268014,Sabine River
-93.75487541191173,30.377335401486192,75120500100401,210.66471154002417,75120500101,5.300000190734863,60.0,126470.16796422016,Sabine River
-93.75510748520318,30.379093682910465,75120500100411,181.8432822408315,75120500101,5.300000190734863,92.0,126652.011246461,Sabine River
-93.75552690029262,30.380850880223612,75120500100421,225.49344800022897,75120500101,5.300000190734863,67.0,126877.50469446123,Sabine River
-93.75678830099426,30.382467845813725,75120500100431,200.17609057115305,75120500101,5.300000190734863,63.0,127077.68078503238,Sabine River
-93.75773646765154,30.38395125999549,75120500100441,187.9537162395446,75120500101,5.300000190734863,63.0,127265.63450127192,Sabine River
-93.75775004458563,30.385710801304757,75120500100451,211.85324066262564,75120500101,5.300000190734863,67.0,127477.48774193454,Sabine River
-93.75804464072453,30.387468530666197,75120500100461,182.43750802002896,75120500101,5.300000190734863,63.0,127659.92524995457,Sabine River
-93.75796141624402,30.389093446379242,75120500100471,182.37200957171385,75120500101,5.300000190734863,92.0,127842.2972595263,Sabine River
-93.75700785252235,30.3906961799861,75120500100481,220.28713638827625,75120500101,5.300000190734863,84.0,128062.58439591457,Sabine River
-93.75513912498832,30.391329630013573,75120500100491,183.56076770587194,75120500101,5.300000190734863,85.0,128246.14516362044,Sabine River
-93.75326933411205,30.391827704331316,75120500100501,212.46003389385467,75120500101,5.300000190734863,84.0,128458.60519751429,Sabine River
-93.75171841500162,30.393190191583066,75120500100511,199.10874973871375,75120500101,5.300000190734863,71.0,128657.71394725301,Sabine River
-93.75166632669485,30.394814563266813,75120500110011,153.55076818248412,75120500111,5.300000190734863,83.0,128811.26471543548,Sabine River
-93.75064930647873,30.39630951135575,75120500110021,222.95144015019144,75120500111,5.300000190734863,80.0,129034.21615558567,Sabine River
-93.74862284781864,30.396728996867694,75120500110031,186.46705551824914,75120500111,5.300000190734863,92.0,129220.68321110393,Sabine River
-93.746590605084,30.39649876512001,75120500110041,216.4772227734445,75120500111,5.300000190734863,94.0,129437.16043387736,Sabine River
-93.74535405739786,30.397558056193972,75120500110051,182.96672295431807,75120500111,5.300000190734863,92.0,129620.12715683169,Sabine River
-93.74473669234527,30.399050462637067,75120500110061,205.85725829514143,75120500111,5.300000190734863,94.0,129825.98441512682,Sabine River
-93.74286587967423,30.399440111199187,75120500110071,170.39419581846738,75120500111,5.300000190734863,84.0,129996.37861094529,Sabine River
-93.74144697245909,30.40096454258896,75120500110081,240.005192847792,75120500111,5.300000190734863,80.0,130236.38380379308,Sabine River
-93.74154372746483,30.40272284478467,75120500110091,189.73719253700938,75120500111,5.300000190734863,93.0,130426.1209963301,Sabine River
-93.74024456405577,30.40378636522215,75120500110101,190.77363077387264,75120500111,5.300000190734863,89.5,130616.89462710396,Sabine River
-93.7383711968289,30.403905252620504,75120500110111,188.54868630614087,75120500111,5.300000190734863,63.0,130805.44331341011,Sabine River
-93.7369754200974,30.40518547626877,75120500110121,206.26472505891346,75120500111,5.300000190734863,87.0,131011.70803846902,Sabine River
-93.73573738312216,30.406681364958235,75120500110131,196.1677836078838,75120500111,5.300000190734863,127.0,131207.8758220769,Sabine River
-93.73465546336149,30.408176363766152,75120500110141,200.2410304334781,75120500111,5.300000190734863,101.0,131408.11685251037,Sabine River
-93.73457494499132,30.409936434927104,75120500110151,214.7601756015423,75120500111,5.300000190734863,107.0,131622.87702811192,Sabine River
-93.73477348567386,30.41169474846539,75120500110161,182.4382351105241,75120500111,5.300000190734863,93.0,131805.31526322244,Sabine River
-93.73416404003373,30.41345798083698,75120500110171,228.9291803443975,75120500111,5.300000190734863,80.0,132034.24444356686,Sabine River
-93.7328307426345,30.41465659961238,75120500110181,189.67199513528618,75120500111,5.300000190734863,105.5,132223.91643870214,Sabine River
-93.73110525459248,30.413745853282233,75120500110191,190.6329375423769,75120500111,5.300000190734863,84.0,132414.5493762445,Sabine River
-93.7293856393834,30.41351183067057,75120500110201,208.7742635150774,75120500111,5.300000190734863,92.0,132623.3236397596,Sabine River
-93.72779959926078,30.41444109617337,75120500110211,184.63380619980128,75120500111,5.300000190734863,91.5,132807.9574459594,Sabine River
-93.72706706305667,30.416204817466017,75120500110221,215.28926000843424,75120500111,5.300000190734863,63.0,133023.24670596782,Sabine River
-93.72698138790278,30.41796488408738,75120500110231,184.15592957830233,75120500111,5.300000190734863,71.5,133207.40263554614,Sabine River
-93.72599371928315,30.419432221004065,75120500110241,195.83968315582445,75120500111,5.300000190734863,94.0,133403.24231870196,Sabine River
-93.72396366770543,30.41947402689368,75120500110251,211.26018000230948,75120500111,5.300000190734863,63.0,133614.50249870427,Sabine River
-93.7222169188301,30.420022341543408,75120500110261,207.82978356217023,75120500111,5.300000190734863,75.0,133822.33228226643,Sabine River
-93.72304219615057,30.421587211587,75120500110271,188.7249837600643,75120500111,5.300000190734863,108.0,134011.0572660265,Sabine River
-93.72460956375107,30.422336510602772,75120500110281,173.07106731869442,75120500111,5.300000190734863,84.0,134184.1283333452,Sabine River
-93.72621240129449,30.42365408444361,75120500110291,225.63070943751123,75120500111,5.300000190734863,71.0,134409.7590427827,Sabine River
-93.72681892803696,30.425410324749844,75120500110301,211.85436206253613,75120500111,5.300000190734863,60.0,134621.61340484524,Sabine River
-93.72683197261384,30.42716986722396,75120500110311,180.06120226962884,75120500111,5.300000190734863,60.0,134801.67460711487,Sabine River
-93.72678254303369,30.42892975707242,75120500110321,215.88359601326925,75120500111,5.300000190734863,60.0,135017.55820312814,Sabine River
-93.72595195640463,30.430666922103843,75120500110331,202.0362766403931,75120500111,5.300000190734863,96.0,135219.59447976854,Sabine River
-93.72421081628762,30.431786504170006,75120500110341,202.9170413577018,75120500111,5.300000190734863,88.5,135422.51152112623,Sabine River
-93.72245946048821,30.43152549939744,75120500110351,194.80341704444328,75120500111,5.300000190734863,113.0,135617.31493817066,Sabine River
-93.72191644374348,30.429904243869714,75120500110361,195.2540486478429,75120500111,5.300000190734863,90.5,135812.5689868185,Sabine River
-93.72090587852325,30.42842092341557,75120500110371,178.42241949143943,75120500111,6.0,87.0,135990.99140630994,Sabine River
-93.71980163323015,30.426938111001633,75120500110381,207.31025672201946,75120500111,6.0,97.5,136198.30166303198,Sabine River
-93.71906431920762,30.42518286906883,75120500110391,216.47818654639872,75120500111,6.0,67.0,136414.77984957836,Sabine River
-93.71893242719287,30.4234236670344,75120500110401,186.9100141288146,75120500111,6.0,79.0,136601.6898637072,Sabine River
-93.71711777180518,30.423027581841062,75120500110411,201.31249632845726,75120500111,6.0,89.0,136803.00236003564,Sabine River
-93.71613008760693,30.424657265931273,75120500110421,222.06002567531627,75120500111,6.0,94.0,137025.06238571095,Sabine River
-93.71626788774508,30.426416127242952,75120500110431,184.750576117512,75120500111,6.0,94.0,137209.8129618285,Sabine River
-93.71640470411964,30.428039638186718,75120500110441,196.97097574944104,75120500111,6.0,94.0,137406.78393757791,Sabine River
-93.71497745594178,30.42937394339259,75120500110451,186.0495919734719,75120500111,6.0,105.0,137592.8335295514,Sabine River
-93.71323719487971,30.43062873071974,75120500110461,216.19976403397197,75120500111,6.0,84.0,137809.03329358535,Sabine River
-93.71281068588067,30.432119966649637,75120500110471,184.750680283533,75120500111,6.0,87.0,137993.78397386888,Sabine River
-93.71172656763136,30.433289939659332,75120500110481,202.03675794683448,75120500111,6.0,87.0,138195.82073181574,Sabine River
-93.71006265422568,30.432270299511025,75120500110491,200.1776528628762,75120500111,6.0,127.0,138395.9983846786,Sabine River
-93.70880233464592,30.430788242505955,75120500110501,223.72312225437545,75120500111,6.0,69.0,138619.72150693298,Sabine River
-93.70685872310355,30.42985467706109,75120500110511,217.9656506126097,75120500111,6.0,60.0,138837.6871575456,Sabine River
-93.70467088926394,30.4297006980015,75120500120011,184.15663672857085,75120500121,6.0,77.0,139021.84379427417,Sabine River
-93.70264196785433,30.429928203235534,75120500120021,189.903396708194,75120500121,6.0,63.0,139211.74719098237,Sabine River
-93.70183791686313,30.43106951318625,75120500120031,183.2780524031717,75120500121,6.0,136.0,139395.02524338552,Sabine River
-93.70331700330976,30.432577530879286,75120500120041,204.7044463045126,75120500121,6.0,87.0,139599.72968969005,Sabine River
-93.70370061689167,30.43406419161558,75120500120051,189.14405930935544,75120500121,6.0,94.0,139788.87374899938,Sabine River
-93.7025893896559,30.43566754782848,75120500120061,214.7650282584071,75120500121,6.0,58.5,140003.6387772578,Sabine River
-93.70081568028615,30.436651640805117,75120500120071,201.9596304365216,75120500121,6.0,42.0,140205.5984076943,Sabine River
-93.69910364378846,30.437527095545676,75120500120081,189.300538357462,75120500121,6.0,63.0,140394.89894605178,Sabine River
-93.69767679142024,30.438969495487385,75120500120091,208.80793658247242,75120500121,6.0,84.0,140603.70688263426,Sabine River
-93.69756049911213,30.440729713485844,75120500120101,211.26104759716048,75120500121,6.0,36.0,140814.96793023142,Sabine River
-93.69726831193196,30.442490932627727,75120500120111,181.84503359223365,75120500121,6.0,63.0,140996.81296382364,Sabine River
-93.69777590148712,30.444112459955043,75120500120121,213.79537625506407,75120500121,6.0,84.0,141210.6083400787,Sabine River
-93.69962559881344,30.444993386196728,75120500120131,189.14422112558512,75120500121,6.0,63.0,141399.7525612043,Sabine River
-93.70149688039197,30.44452564711324,75120500120141,201.959620411101,75120500121,6.0,69.0,141601.7121816154,Sabine River
-93.70336483976268,30.443595178672854,75120500120151,204.63520269920897,75120500121,6.0,63.0,141806.3473843146,Sabine River
-93.70523841429286,30.443449712249468,75120500120161,201.52871798362938,75120500121,6.0,92.0,142007.87610229824,Sabine River
-93.70677964315982,30.44487613665445,75120500120171,205.39292906689857,75120500121,6.0,89.5,142213.26903136514,Sabine River
-93.70647873204472,30.44647495390047,75120500120181,208.74109859304775,75120500121,6.0,90.5,142422.0101299582,Sabine River
-93.7047989901945,30.447512734308138,75120500120191,174.98869021660983,75120500121,6.0,84.0,142596.9988201748,Sabine River
-93.70315142794263,30.448685674697728,75120500120201,221.6225093239933,75120500121,6.0,96.0,142818.6213294988,Sabine River
-93.70269053434889,30.450312731661363,75120500120211,181.84487975375455,75120500121,6.0,121.0,143000.46620925254,Sabine River
-93.70317474885707,30.451934065639826,75120500120221,209.78615054606132,75120500121,6.0,79.5,143210.25235979861,Sabine River
-93.70452900007037,30.453415663144927,75120500120231,200.17784386121025,75120500121,6.0,84.0,143410.4302036598,Sabine River
-93.70610103914355,30.454760712622498,75120500120241,204.1868366672586,75120500121,6.0,127.0,143614.61704032708,Sabine River
-93.7069241837545,30.45624481837416,75120500120251,190.86142835060645,75120500121,6.0,92.0,143805.47846867767,Sabine River
-93.70596549547403,30.45763096561559,75120500120261,194.20963461012963,75120500121,6.0,77.5,143999.6881032878,Sabine River
-93.70393833583749,30.45813256855673,75120500120271,219.91368458587996,75120500121,6.0,80.0,144219.6017878737,Sabine River
-93.7019041668137,30.457761162419466,75120500120281,187.06282409932186,75120500121,6.0,65.0,144406.664611973,Sabine River
-93.70002857124652,30.457662955800092,75120500120291,196.97152505492306,75120500121,6.0,98.5,144603.63613702793,Sabine River
-93.69884872003449,30.458996416879444,75120500120301,212.07787575057546,75120500121,6.0,121.5,144815.7140127785,Sabine River
-93.70020416486545,30.460369108071028,75120500120311,196.16895032616893,75120500121,6.0,105.0,145011.88296310467,Sabine River
-93.70177509499003,30.461551788108284,75120500120321,204.18698003636501,75120500121,6.0,105.0,145216.06994314105,Sabine River
-93.70303571555242,30.463033901415344,75120500120331,210.74505098729327,75120500121,6.0,102.0,145426.81499412833,Sabine River
-93.70413915517938,30.464381495723735,75120500120341,161.74590400559478,75120500121,6.0,105.0,145588.56089813393,Sabine River
-93.70561761960406,30.46572705215172,75120500120351,238.60976147092302,75120500121,6.0,94.5,145827.17065960486,Sabine River
-93.70712835236345,30.467207770693136,75120500120361,196.74355783996492,75120500121,6.0,84.0,146023.91421744484,Sabine River
-93.70885239486665,30.4679293270447,75120500120371,193.17318857566104,75120500121,6.0,73.5,146217.0874060205,Sabine River
-93.71070225047089,30.4687584584494,75120500120381,208.65492121420542,75120500121,6.0,96.5,146425.74232723468,Sabine River
-93.71171545420047,30.470295813791765,75120500120391,190.86128538791147,75120500121,6.0,120.5,146616.6036126226,Sabine River
-93.71106901657852,30.471923751086834,75120500120401,214.1789868908508,75120500121,6.0,77.0,146830.78259951345,Sabine River
-93.71008075488373,30.473553386719246,75120500120411,190.86133115793814,75120500121,6.0,80.0,147021.6439306714,Sabine River
-93.709998783808,30.475178084208203,75120500120421,182.96781035882137,75120500121,6.0,61.5,147204.6117410302,Sabine River
-93.71088565477473,30.47679750381627,75120500120431,225.05645875131964,75120500121,6.0,79.5,147429.66819978153,Sabine River
-93.71236440163776,30.47814297672545,75120500120441,169.76376445867658,75120500121,6.0,105.0,147599.4319642402,Sabine River
-93.71393556792009,30.479298430532232,75120500120451,234.6004195594233,75120500121,6.0,84.0,147834.03238379964,Sabine River
-93.71541479024795,30.480698006663253,75120500120461,179.18116817575793,75120500121,6.0,67.0,148013.21355197538,Sabine River
-93.71630081088026,30.4821820373283,75120500120471,197.56602357306943,75120500121,6.0,65.0,148210.77957554845,Sabine River
-93.7165012274005,30.483940538296252,75120500120481,209.62081236112397,75120500121,6.0,84.0,148420.40038790958,Sabine River
-93.71491373729607,30.484790161401975,75120500120491,193.53685160824486,75120500121,6.0,109.5,148613.93723951784,Sabine River
-93.71325067743791,30.483958358408024,75120500120501,187.68034493758742,75120500121,6.0,75.0,148801.6175844554,Sabine River
-93.71177123825088,30.482531688974145,75120500120511,217.22912256283908,75120500121,6.0,76.5,149018.84670701824,Sabine River
-93.70992896916039,30.482785368894703,75120500120521,205.30678338310025,75120500121,6.0,94.0,149224.15349040134,Sabine River
-93.7093789443724,30.48452089452688,75120500120531,214.76108241072126,75120500121,6.0,77.0,149438.91457281206,Sabine River
-93.71001584479708,30.486141676720553,75120500120541,173.0714703462678,75120500121,6.0,54.0,149611.98604315834,Sabine River
-93.7113384416313,30.48748800824745,75120500120551,208.19570649949026,75120500121,6.0,63.0,149820.18174965784,Sabine River
-93.71266206141692,30.488969674030358,75120500120561,205.39345329693776,75120500121,6.0,71.0,150025.57520295476,Sabine River
-93.71348560334013,30.490454063149787,75120500120571,175.74701354301595,75120500121,6.0,87.0,150201.3222164978,Sabine River
-93.71480830678708,30.49180035691187,75120500120581,204.18655752419647,75120500121,6.0,84.0,150405.508774022,Sabine River
-93.71613302939303,30.49341733309793,75120500120591,231.96867766040154,75120500121,6.0,48.0,150637.47745168238,Sabine River
-93.71583332833043,30.495178578058443,75120500120601,190.49730037176994,75120500121,6.0,90.0,150827.97475205414,Sabine River
-93.71522003256052,30.496806189029783,75120500120611,211.50250582289024,75120500121,6.0,90.5,151039.47725787704,Sabine River
-93.71344397576307,30.497572190910873,75120500120621,190.86126286606498,75120500121,6.0,94.0,151230.3385207431,Sabine River
-93.7115658341518,30.497284680575646,75120500120631,182.4389833406715,75120500121,6.0,72.0,151412.7775040838,Sabine River
-93.70969497585007,30.497919213802014,75120500120641,225.05651106188384,75120500121,6.0,84.0,151637.83401514567,Sabine River
-93.70864587922955,30.49954934692701,75120500120651,190.86138220755186,75120500121,6.0,78.5,151828.6953973532,Sabine River
-93.70940555891265,30.501113435503385,75120500120661,205.96769469037562,75120500121,6.0,92.0,152034.6630920436,Sabine River
-93.71127707033745,30.50053645402645,75120500120671,212.2619478973185,75120500121,6.0,84.5,152246.92503994092,Sabine River
-93.7131505345295,30.500228440209284,75120500120681,184.15640344226196,75120500121,6.0,93.0,152431.08144338318,Sabine River
-93.71434713795574,30.501412486895568,75120500120691,191.89758924987953,75120500121,6.0,101.0,152622.97903263304,Sabine River
-93.71316870472864,30.50271884832712,75120500120701,212.37542269795858,75120500121,6.075000047683716,100.5,152835.35445533102,Sabine River
-93.71145662363926,30.503729821156533,75120500120711,192.73438601417752,75120500121,6.400000095367432,84.0,153028.0888413452,Sabine River
-93.71034104187304,30.50508944176925,75120500120721,178.4227429659727,75120500121,6.400000095367432,87.0,153206.51158431117,Sabine River
-93.70866113349263,30.506235556452857,75120500120731,230.99059458708192,75120500121,6.5,94.0,153437.50217889826,Sabine River
-93.70663240070789,30.50670677293691,75120500120741,201.87268896079706,75120500121,6.5,71.0,153639.37486785903,Sabine River
-93.7058637402225,30.508226909409906,75120500120751,182.96793939175262,75120500121,6.5,90.0,153822.3428072508,Sabine River
-93.70568691318003,30.509987453387897,75120500120761,222.5892465951643,75120500121,6.5,94.0,154044.93205384596,Sabine River
-93.70513491138793,30.5117501962566,75120500120771,192.4921917359773,75120500121,6.5,90.5,154237.42424558193,Sabine River
-93.7066754694189,30.51263333231826,75120500120781,188.5497025836846,75120500121,6.5,83.5,154425.97394816563,Sabine River
-93.7087094302465,30.51289468939702,75120500120791,219.2324489292488,75120500121,6.5,125.0,154645.20639709488,Sabine River
-93.70997122629493,30.51443085123902,75120500120801,197.56623371500928,75120500121,6.5,57.5,154842.77263080986,Sabine River
-93.710452013882,30.516052472268527,75120500120811,183.6276304781086,75120500121,6.5,54.0,155026.40026128798,Sabine River
-93.71037101241373,30.51781250795077,75120500120821,217.07284194091562,75120500121,6.5,80.0,155243.4731032289,Sabine River
-93.70891014725609,30.519011572891607,75120500120831,200.40617825882077,75120500121,6.550000190734863,84.0,155443.87928148772,Sabine River
-93.70757764794438,30.520399599956793,75120500120841,196.97127343344715,75120500121,6.599999904632568,75.5,155640.85055492117,Sabine River
-93.70830483963351,30.52172023286188,75120500120851,186.99714071367498,75120500121,6.599999904632568,89.0,155827.84769563485,Sabine River
-93.70979957715382,30.520928748747465,75120500120861,200.01142497527601,75120500121,6.599999904632568,71.0,156027.8591206101,Sabine River
-93.71100815779185,30.519433273391154,75120500120871,187.68042799970846,75120500121,6.5,84.0,156215.53954860984,Sabine River
-93.71281372191028,30.518340582736602,75120500120881,232.7274152154246,75120500121,6.5,84.0,156448.26696382527,Sabine River
-93.71484563466143,30.518278739713494,75120500120891,186.2376755868298,75120500121,6.5,89.5,156634.50463941207,Sabine River
-93.71657163357045,30.519132092430226,75120500120901,192.73423728883074,75120500121,6.5,84.0,156827.23887670093,Sabine River
-93.71783224157646,30.52047868663527,75120500120911,196.16839858157743,75120500121,6.5,84.0,157023.4072752825,Sabine River
-93.71896980774137,30.522096653293893,75120500120921,229.887967287327,75120500121,6.5,84.0,157253.29524256982,Sabine River
-93.72004487601806,30.523714954612217,75120500120931,196.74315113684787,75120500121,6.5,105.0,157450.03839370667,Sabine River
-93.72177221675784,30.524734081097215,75120500120941,195.8484319464868,75120500121,6.7250001430511475,94.0,157645.88682565314,Sabine River
-93.72380505596057,30.524881748333307,75120500120951,213.04318147715938,75120500121,6.800000190734863,92.0,157858.93000713032,Sabine River
-93.72599584774974,30.525033720874855,75120500120961,215.88369668655452,75120500121,6.800000190734863,80.0,158074.81370381685,Sabine River
-93.72787679095356,30.525674663777988,75120500130011,143.13827066209893,75120500131,6.800000190734863,84.0,158217.95197447896,Sabine River
-93.72932545507,30.52704716272112,75120500130021,230.59080782954007,75120500131,6.800000190734863,84.0,158448.54278230848,Sabine River
-93.73071243115794,30.52852827324491,75120500130031,200.1770084078595,75120500131,6.800000190734863,84.0,158648.71979071634,Sabine River
-93.73209843477542,30.52987402081183,75120500130041,188.72471923476468,75120500131,6.800000190734863,84.0,158837.4445099511,Sabine River
-93.73329787169386,30.531356155941268,75120500130051,207.10951412760028,75120500131,6.800000190734863,104.5,159044.5540240787,Sabine River
-93.73331007138614,30.532980320258226,75120500130061,192.57807535193052,75120500131,6.800000190734863,91.5,159237.13209943063,Sabine River
-93.73260303077782,30.534608530897597,75120500130071,193.17241700605737,75120500131,6.800000190734863,73.5,159430.3045164367,Sabine River
-93.732302501888,30.53623445293917,75120500130081,200.31863140185342,75120500131,6.800000190734863,94.0,159630.62314783855,Sabine River
-93.73406064915059,30.537090816088895,75120500130091,189.7375028545103,75120500131,6.800000190734863,92.0,159820.36065069307,Sabine River
-93.73609191093054,30.536994602948766,75120500130101,213.63707073975843,75120500131,6.800000190734863,78.0,160033.99772143282,Sabine River
-93.73797069222589,30.537258216171143,75120500130111,170.39437190483352,75120500131,6.800000190734863,75.0,160204.39209333766,Sabine River
-93.73957603430773,30.538629707679284,75120500130121,221.2371606091898,75120500131,6.800000190734863,85.5,160425.62925394686,Sabine River
-93.73952579565636,30.54025422300097,75120500130131,200.91271037354792,75120500131,6.800000190734863,99.0,160626.5419643204,Sabine River
-93.73784420923357,30.541211226634516,75120500130141,187.95441922935578,75120500131,6.800000190734863,63.0,160814.49638354976,Sabine River
-93.73581143428247,30.541222725668728,75120500130151,213.5715696140553,75120500131,6.800000190734863,63.0,161028.06795316382,Sabine River
-93.73393991158572,30.54188297661885,75120500130161,179.18064500069244,75120500131,6.800000190734863,63.0,161207.2485981645,Sabine River
-93.7322285917877,30.543056639964632,75120500130171,218.1872999692439,75120500131,6.800000190734863,84.0,161425.43589813373,Sabine River
-93.73035802191343,30.543852187084006,75120500130181,199.28305855768502,75120500131,6.800000190734863,63.0,161624.71895669142,Sabine River
-93.728802189031,30.54491665199854,75120500130191,193.61459968345153,75120500131,6.800000190734863,82.0,161818.33355637488,Sabine River
-93.728374446744,30.546543438900596,75120500130201,184.1559156931142,75120500131,6.800000190734863,67.0,162002.489472068,Sabine River
-93.72929558969471,30.54816235050977,75120500130211,223.72241014809947,75120500131,6.800000190734863,85.5,162226.2118822161,Sabine River
-93.73055776755352,30.549644153574942,75120500130221,173.8294741019765,75120500131,6.800000190734863,96.0,162400.04135631808,Sabine River
-93.73119546516213,30.551264803692728,75120500130231,215.88347340287012,75120500131,6.800000190734863,92.0,162615.92482972093,Sabine River
-93.73073949485912,30.5530269438625,75120500130241,202.91683081318212,75120500131,6.800000190734863,88.0,162818.84166053412,Sabine River
-93.72965592677924,30.55452189556661,75120500130251,189.29962056024667,75120500131,6.800000190734863,75.0,163008.14128109437,Sabine River
-93.72794292158929,30.555506019391945,75120500130261,201.95877191341526,75120500131,6.800000190734863,97.0,163210.10005300777,Sabine River
-93.72607207880486,30.556301507856944,75120500130271,208.06866928229294,75120500131,6.800000190734863,105.0,163418.16872229008,Sabine River
-93.72448593037552,30.557528513673972,75120500130281,185.29075150461966,75120500131,6.800000190734863,108.0,163603.4594737947,Sabine River
-93.72374628844882,30.559021502634415,75120500130291,188.77961221149462,75120500131,6.800000190734863,94.0,163792.2390860062,Sabine River
-93.72344855736075,30.560782748550643,75120500130301,212.448832389926,75120500131,6.800000190734863,67.0,164004.6879183961,Sabine River
-93.72414676675528,30.562403083545593,75120500130311,186.62416064722834,75120500131,6.800000190734863,96.0,164191.31207904333,Sabine River
-93.7256582957245,30.563748190439604,75120500130321,212.20426767503972,75120500131,6.800000190734863,84.0,164403.5163467184,Sabine River
-93.72723242879232,30.56509292940192,75120500130331,204.18616245251152,75120500131,6.800000190734863,84.0,164607.7025091709,Sabine River
-93.72802557571575,30.566576845444096,75120500130341,195.2538864439059,75120500131,6.800000190734863,92.0,164802.9563956148,Sabine River
-93.7269087205637,30.567828850325593,75120500130351,147.23866409699565,75120500131,6.800000190734863,84.0,164950.19505971178,Sabine River
-93.7261375570105,30.569295480020408,75120500130361,223.09702291760735,75120500131,6.800000190734863,94.0,165173.2920826294,Sabine River
-93.7269630159015,30.570914574554113,75120500130371,216.85409747685844,75120500131,6.800000190734863,91.5,165390.14618010627,Sabine River
-93.72803877073106,30.57253278711753,75120500130381,194.65957130945276,75120500131,6.800000190734863,90.5,165584.80575141573,Sabine River
-93.72764420961929,30.574159217008372,75120500130391,213.79437297375972,75120500131,6.800000190734863,111.5,165798.6001243895,Sabine River
-93.726215226444,30.575520716602682,75120500130401,169.76339294653877,75120500131,6.800000190734863,105.0,165968.36351733602,Sabine River
-93.72481648202353,30.57674668046035,75120500130411,212.20429028826652,75120500131,6.800000190734863,84.0,166180.5678076243,Sabine River
-93.72348228250604,30.578242974465553,75120500130421,210.74437524250487,75120500131,6.800000190734863,77.0,166391.3121828668,Sabine River
-93.72233495530085,30.579629936469036,75120500130431,179.7667411945506,75120500131,6.800000190734863,84.0,166571.07892406132,Sabine River
-93.72061823529211,30.5801249881214,75120500130441,200.40581476313125,75120500131,6.800000190734863,105.5,166771.48473882448,Sabine River
-93.71888831412006,30.57894518785722,75120500130451,208.1954659238097,75120500131,6.800000190734863,84.0,166979.6802047483,Sabine River
-93.71716122579426,30.578118977277224,75120500130461,190.26684572009242,75120500131,6.800000190734863,90.5,167169.94705046836,Sabine River
-93.71506967044499,30.57872258851922,75120500130471,217.24401902399643,75120500131,6.800000190734863,103.0,167387.19106949237,Sabine River
-93.71417310031899,30.58018931316193,75120500130481,189.73809041122627,75120500131,6.800000190734863,91.5,167576.9291599036,Sabine River
-93.71365313219025,30.581816389544375,75120500130491,190.49738832783385,75120500131,6.800000190734863,97.5,167767.42654823142,Sabine River
-93.7132925560179,30.583577953053087,75120500130501,211.26054912950883,75120500131,6.800000190734863,92.0,167978.68709736093,Sabine River
-93.71345989580333,30.585336600528862,75120500130511,182.4389145817056,75120500131,6.800000190734863,86.0,168161.12601194263,Sabine River
-93.71350407079919,30.58709593344202,75120500130521,217.07274777936604,75120500131,6.800000190734863,80.0,168378.198759722,Sabine River
-93.71238877662012,30.588617984676297,75120500130531,180.81197808640462,75120500131,6.800000190734863,84.0,168559.01073780842,Sabine River
-93.71051460521912,30.589056228431488,75120500130541,216.47856652981835,75120500131,6.800000190734863,94.0,168775.48930433823,Sabine River
-93.70847963879183,30.58890747252179,75120500130551,182.43909357438332,75120500131,6.800000190734863,92.0,168957.92839791262,Sabine River
-93.7064442853862,30.58870283151822,75120500130561,212.9782831447547,75120500131,6.800000190734863,150.0,169170.90668105736,Sabine River
-93.70440874410966,30.58852776242426,75120500130571,187.06277812747817,75120500131,6.800000190734863,170.5,169357.96945918485,Sabine River
-93.70269391111937,30.5893203838535,75120500140011,161.74596629619327,75120500141,6.800000190734863,127.0,169519.71542548106,Sabine River
-93.70132693481403,30.590681278122766,75120500140021,192.1598864376066,75120500141,6.800000190734863,84.0,169711.87531191864,Sabine River
-93.69989734036062,30.592042494939182,75120500140031,200.7528462832307,75120500141,6.800000190734863,105.0,169912.62815820187,Sabine River
-93.69802420688582,30.59264810490653,75120500140041,215.35585638583257,75120500141,6.800000190734863,109.0,170127.9840145877,Sabine River
-93.69599382354443,30.593146247522732,75120500140051,194.89106639854487,75120500141,6.800000190734863,75.0,170322.87508098627,Sabine River
-93.6941223799758,30.593995426314535,75120500140061,204.63552637094216,75120500141,6.800000190734863,84.0,170527.5106073572,Sabine River
-93.69224667027734,30.594249052042194,75120500140071,191.45625095311556,75120500141,6.800000190734863,88.5,170718.9668583103,Sabine River
-93.69051991863478,30.593446114205786,75120500140081,179.1819096652943,75120500141,6.800000190734863,84.0,170898.14876797562,Sabine River
-93.68894677445878,30.5922362833104,75120500140091,222.67892023090482,75120500141,6.800000190734863,84.0,171120.8276882065,Sabine River
-93.68799659622044,30.590617084275557,75120500140101,187.95591263705865,75120500141,6.800000190734863,103.0,171308.78360084357,Sabine River
-93.68848574961116,30.588990270737327,75120500140111,213.2208974633378,75120500141,6.800000190734863,119.0,171522.00449830692,Sabine River
-93.69032413329133,30.58789771418853,75120500140121,201.96000943928183,75120500141,6.800000190734863,96.0,171723.9645077462,Sabine River
-93.6920390526155,30.58704942253608,75120500140131,191.89830464295505,75120500141,6.800000190734863,88.0,171915.86281238915,Sabine River
-93.69187203629684,30.58556143595667,75120500140141,194.21009272096072,75120500141,6.800000190734863,118.0,172110.0729051101,Sabine River
-93.6898373576512,30.5854368844507,75120500140151,213.0443433222256,75120500141,6.800000190734863,108.0,172323.11724843233,Sabine River
-93.68780344821397,30.5854205786652,75120500140161,183.03401089165024,75120500141,6.800000190734863,86.0,172506.151259324,Sabine River
-93.68592769390644,30.58564704192552,75120500140171,200.91447834350515,75120500141,6.800000190734863,71.0,172707.0657376675,Sabine River
-93.68462386836785,30.587115712386037,75120500140181,196.97200220454994,75120500141,6.800000190734863,108.0,172904.03773987203,Sabine River
-93.68454236785117,30.588875720982625,75120500140191,210.07286707022334,75120500141,6.800000190734863,120.0,173114.11060694227,Sabine River
-93.68477376173831,30.59063408297932,75120500140201,183.03406955612314,75120500141,6.800000190734863,94.0,173297.1446764984,Sabine River
-93.68453485955911,30.59225956658522,75120500140211,200.91450669827483,75120500141,6.800000190734863,94.0,173498.05918319666,Sabine River
-93.68285372981671,30.593486569077747,75120500140221,201.3652004404782,75120500141,6.800000190734863,108.0,173699.42438363715,Sabine River
-93.68097534720141,30.59336106029461,75120500140231,188.18661023126919,75120500141,6.800000190734863,93.0,173887.6109938684,Sabine River
-93.6789420257446,30.59345289655163,75120500140241,213.08087918742183,75120500141,6.800000190734863,96.0,174100.69187305582,Sabine River
-93.67832318976149,30.59499911993127,75120500140251,181.25128009825784,75120500141,6.800000190734863,92.0,174281.9431531541,Sabine River
-93.67839991518763,30.59675798232911,75120500140261,213.0446885833353,75120500141,6.800000190734863,106.0,174494.98784173743,Sabine River
-93.67850793695168,30.59851733360086,75120500140271,183.03424811663808,75120500141,6.800000190734863,101.0,174678.02208985406,Sabine River
-93.67917640366919,30.60013807163555,75120500140281,217.23026036499604,75120500141,6.800000190734863,95.0,174895.25235021906,Sabine River
-93.68056369193033,30.6016196956216,75120500140291,185.29206267794555,75120500141,6.800000190734863,87.0,175080.544412897,Sabine River
-93.68151291110743,30.603103599442846,75120500140301,194.89148752601332,75120500141,6.800000190734863,67.0,175275.435900423,Sabine River
-93.68230663733999,30.604723663282574,75120500140311,199.28458517071027,75120500141,6.800000190734863,78.5,175474.72048559372,Sabine River
-93.68285098194136,30.606480382833237,75120500140321,213.04454475893766,75120500141,6.800000190734863,92.0,175687.76503035266,Sabine River
-93.68323792012156,30.608102574305022,75120500140331,170.97068982102317,75120500141,6.800000190734863,123.0,175858.7357201737,Sabine River
-93.68484312251306,30.609393511680956,75120500140341,216.27191321059297,75120500141,7.9750001430511475,90.5,176075.0076333843,Sabine River
-93.68688116317401,30.60992417384631,75120500140351,218.19685709146216,75120500141,8.300000190734863,94.0,176293.20449047573,Sabine River
-93.68870245220614,30.610780795705562,75120500140361,178.20357370143523,75120500141,8.300000190734863,63.0,176471.40806417717,Sabine River
-93.6882122428072,30.612272259454645,75120500140371,214.85161182845823,75120500141,8.300000190734863,116.0,176686.25967600563,Sabine River
-93.68659532395857,30.613769673393847,75120500140381,203.6600668611747,75120500141,8.300000190734863,108.0,176889.91974286683,Sabine River
-93.68588598497581,30.615262284695294,75120500140391,197.567005659263,75120500141,8.300000190734863,111.5,177087.48674852608,Sabine River
-93.68473845196604,30.616757199650102,75120500140401,192.1603965401071,75120500141,8.300000190734863,117.0,177279.64714506618,Sabine River
-93.68305557740436,30.61779472112905,75120500140411,203.95478577875713,75120500141,8.300000190734863,100.5,177483.60193084495,Sabine River
-93.68190835067199,30.61934375031798,75120500140421,202.918430927824,75120500141,8.300000190734863,108.0,177686.52036177277,Sabine River
-93.6816067411805,30.62096955145045,75120500140431,186.8329615059211,75120500141,8.300000190734863,72.5,177873.3533232787,Sabine River
-93.68249452061188,30.62258911533609,75120500140441,204.63588809200266,75120500141,8.300000190734863,87.0,178077.9892113707,Sabine River
-93.68360048188637,30.624072174298938,75120500140451,192.735260789599,75120500141,8.40000057220459,96.0,178270.72447216028,Sabine River
-93.68492558365304,30.62555406916175,75120500140461,204.2050335974688,75120500141,8.40000057220459,107.5,178474.92950575775,Sabine River
-93.68456045178938,30.62704485835399,75120500140471,173.07219280262103,75120500141,8.40000057220459,108.0,178648.00169856037,Sabine River
-93.68369923716394,30.62867428515457,75120500140481,224.14255312376432,75120500141,8.40000057220459,108.0,178872.14425168413,Sabine River
-93.68398952371672,30.630431649248038,75120500140491,186.46903657652464,75120500141,8.40000057220459,94.0,179058.61328826068,Sabine River
-93.68353140307599,30.63205827521098,75120500140501,204.71334470726924,75120500141,8.40000057220459,108.0,179263.32663296795,Sabine River
-93.68203588432164,30.633067728620905,75120500140511,180.87941496849476,75120500141,8.40000057220459,84.0,179444.20604793643,Sabine River
-93.680512061796,30.634510437508176,75120500140521,219.90587112902375,75120500141,8.40000057220459,103.0,179664.11191906547,Sabine River
-93.68017908265278,30.636136396443707,75120500140531,187.59229087280113,75120500141,8.40000057220459,110.5,179851.70420993827,Sabine River
-93.68119125288433,30.637619962299066,75120500140541,185.29205249075352,75120500141,8.600000381469727,117.0,180036.99626242902,Sabine River
-93.68232962551949,30.639238208631127,75120500140551,231.60609789194783,75120500141,8.850000381469727,80.0,180268.60236032095,Sabine River
-93.68265313419204,30.640995902335376,75120500140561,178.67721123509372,75120500141,8.90000057220459,67.0,180447.27957155605,Sabine River
-93.68157071781856,30.642625970544408,75120500140571,237.64617157725206,75120500141,8.90000057220459,87.0,180684.9257431333,Sabine River
-93.67976213960137,30.643664109007013,75120500150011,159.89368949576917,75120500151,8.90000057220459,123.0,180844.81943262907,Sabine River
-93.67788901999393,30.644431856693686,75120500150021,205.22180328715785,75120500151,8.950000762939453,127.0,181050.04123591623,Sabine River
-93.6766772814193,30.64576461184125,75120500150031,181.85794699752907,75120500151,9.0,75.0,181231.89918291374,Sabine River
-93.67524654244623,30.647125563663806,75120500150041,212.20597441608064,75120500151,9.0,127.0,181444.10515732985,Sabine River
-93.67378539346095,30.648622008639432,75120500150051,213.22138478359005,75120500151,9.0,122.0,181657.3265421134,Sabine River
-93.67358030818284,30.65024713810161,75120500150061,183.03439578578147,75120500151,9.0,70.0,181840.3609378992,Sabine River
-93.67277414493167,30.651794464013353,75120500150071,220.72036061797058,75120500151,9.0,84.0,182061.08129851718,Sabine River
-93.67074220854468,30.652265159085495,75120500150081,197.48072446647657,75120500151,9.0,75.0,182258.56202298365,Sabine River
-93.66997178883034,30.65378507510045,75120500150091,182.9689940173028,75120500151,9.0,109.5,182441.53101700096,Sabine River
-93.67016992019154,30.65554360866227,75120500150101,213.04497082127324,75120500151,9.0,94.0,182654.57598782223,Sabine River
-93.669994191472,30.657304078788748,75120500150111,188.78123703326287,75120500151,9.0,123.0,182843.35722485548,Sabine River
-93.6693156032876,30.65879643689641,75120500150121,180.51590168360923,75120500151,9.0,105.0,183023.8731265391,Sabine River
-93.66766538602573,30.660158435458328,75120500150131,234.60215441154295,75120500151,9.0,84.0,183258.47528095063,Sabine River
-93.66595027029611,30.661195903484952,75120500150141,169.63847003561952,75120500151,9.0,129.0,183428.11375098626,Sabine River
-93.66407559185645,30.661745302091486,75120500150151,219.75012829354,75120500151,9.0,94.0,183647.86387927982,Sabine River
-93.6620380512716,30.66148978282262,75120500150161,183.56356750756203,75120500151,9.100000381469727,85.0,183831.42744678736,Sabine River
-93.66016076571793,30.661712705592205,75120500150171,197.56710261627396,75120500151,9.199999809265137,95.0,184028.99454940364,Sabine River
-93.65847887250274,30.66304767941199,75120500150181,213.7967111633431,75120500151,9.199999809265137,90.5,184242.79126056697,Sabine River
-93.65773835716192,30.664675642664694,75120500150191,202.91918717678666,75120500151,9.700000286102295,104.5,184445.71044774377,Sabine River
-93.65674730382014,30.666304867979942,75120500150201,208.0709341511244,75120500151,10.199999809265137,87.0,184653.7813818949,Sabine River
-93.65563095874973,30.66793471789714,75120500150211,198.52610974739548,75120500151,10.199999809265137,80.0,184852.30749164228,Sabine River
-93.65501543803589,30.66953496424319,75120500150221,191.2268700397301,75120500151,10.199999809265137,96.0,185043.53436168202,Sabine River
-93.65333024282862,30.670357129677473,75120500150231,191.98622171948466,75120500151,10.199999809265137,107.5,185235.5205834015,Sabine River
-93.65144749539076,30.66985067333765,75120500150241,201.96120704079283,75120500151,10.199999809265137,98.5,185437.48179044228,Sabine River
-93.64971880900788,30.668911871104402,75120500150251,192.73625560273115,75120500151,10.199999809265137,96.0,185630.21804604502,Sabine River
-93.64783376254493,30.668106048560745,75120500150261,210.4582992590794,75120500151,10.199999809265137,95.0,185840.6763453041,Sabine River
-93.64649785961893,30.669333998695997,75120500150271,211.89471399618722,75120500151,10.199999809265137,94.0,186052.5710593003,Sabine River
-93.64650506962658,30.67095815827324,75120500150281,185.34694633876606,75120500151,10.199999809265137,39.0,186237.91800563905,Sabine River
-93.64576591695104,30.672558985708505,75120500150291,203.08380667976922,75120500151,10.199999809265137,97.5,186441.00181231883,Sabine River
-93.64395459956737,30.67332594145427,75120500150301,185.28153683470012,75120500151,10.199999809265137,121.0,186626.28334915353,Sabine River
-93.64191830751362,30.673227736919515,75120500150311,220.8740015721654,75120500151,10.199999809265137,120.0,186847.1573507257,Sabine River
-93.6398779152889,30.672535515623615,75120500150321,189.14596834519165,75120500151,10.199999809265137,67.0,187036.3033190709,Sabine River
-93.6381578311885,30.67286727784156,75120500150331,174.79018647255947,75120500151,10.199999809265137,101.0,187211.09350554345,Sabine River
-93.63675764663624,30.67425472921805,75120500150341,214.1814632083551,75120500151,10.199999809265137,129.0,187425.2749687518,Sabine River
-93.63570350858839,30.675884104953354,75120500150351,209.98866565443518,75120500151,10.199999809265137,129.0,187635.26363440623,Sabine River
-93.63427157425677,30.67721754448375,75120500150361,198.15431675218989,75120500151,10.199999809265137,94.0,187833.41795115842,Sabine River
-93.63239514768672,30.67763274508679,75120500150371,183.62986845220937,75120500151,10.199999809265137,101.0,188017.04781961063,Sabine River
-93.63051993541542,30.6782374044273,75120500150381,207.0267876871705,75120500151,10.199999809265137,109.0,188224.0746072978,Sabine River
-93.62930888057652,30.67984041996776,75120500150391,223.78051364014826,75120500151,10.199999809265137,94.0,188447.85512093795,Sabine River
-93.6287252232807,30.68160281051818,75120500150401,195.85121797124404,75120500151,10.199999809265137,80.0,188643.7063389092,Sabine River
-93.62770131603142,30.683096624032675,75120500150411,178.42501077270427,75120500151,10.199999809265137,108.0,188822.1313496819,Sabine River
-93.62696013457654,30.684724416239494,75120500150421,217.6699495740648,75120500151,10.199999809265137,94.0,189039.80129925595,Sabine River
-93.62665829482606,30.6864854363227,75120500150431,181.84700938160788,75120500151,10.199999809265137,122.0,189221.64830863758,Sabine River
-93.6261676422545,30.68811201464964,75120500150441,197.56877199645206,75120500151,10.199999809265137,136.0,189419.21708063403,Sabine River
-93.6250505345586,30.68974160695239,75120500150451,223.7260148830534,75120500151,10.699999809265137,133.5,189642.94309551708,Sabine River
-93.62374458470416,30.691236745718367,75120500150461,179.76945628030694,75120500151,10.699999809265137,150.0,189822.7125517974,Sabine River
-93.62231069792878,30.69232643148212,75120500150471,196.17127453876466,75120500151,10.699999809265137,105.0,190018.88382633615,Sabine River
-93.62097334766567,30.693821692832426,75120500150481,214.18194828600636,75120500151,10.899999618530273,83.5,190233.06577462214,Sabine River
-93.62063831781228,30.695312154584848,75120500150491,166.3688637163916,75120500151,11.100000381469727,142.0,190399.43463833854,Sabine River
-93.622025244248,30.696659028402788,75120500150501,212.20764997936078,75120500151,11.100000381469727,169.0,190611.6422883179,Sabine River
-93.62353750782796,30.69800528507323,75120500150511,196.74607856522601,75120500151,11.100000381469727,105.0,190808.38836688313,Sabine River
-93.6244302841841,30.69962462780455,75120500150521,225.49815920752818,75120500151,11.100000381469727,92.0,191033.88652609068,Sabine River
-93.6239969539486,30.701251497365348,75120500150531,165.61020525189383,75120500151,11.100000381469727,137.0,191199.49673134254,Sabine River
-93.62253246681783,30.702476682903267,75120500150541,227.1603624275291,75120500151,11.100000381469727,111.0,191426.65709377007,Sabine River
-93.62081733098417,30.703703050760797,75120500150551,192.73705634599787,75120500151,11.100000381469727,105.0,191619.39415011607,Sabine River
-93.6199505740277,30.70533140059347,75120500150561,220.345845964657,75120500151,11.100000381469727,123.0,191839.73999608075,Sabine River
-93.61958762422347,30.707092700423466,75120500150571,182.44152274107245,75120500151,11.100000381469727,123.0,192022.1815188218,Sabine River
-93.61931432148617,30.70871820414802,75120500150581,185.34767364816207,75120500151,11.100000381469727,108.0,192207.52919246998,Sabine River
-93.61829085238587,30.710347289619477,75120500150591,227.16049111432596,75120500151,11.100000381469727,101.0,192434.6896835843,Sabine River
-93.61698452530678,30.711842360875167,75120500150601,181.85954475265515,75120500151,11.100000381469727,75.0,192616.54922833695,Sabine River
-93.61599145420863,30.71333593304871,75120500150611,198.69150348286152,75120500151,11.100000381469727,128.0,192815.24073181982,Sabine River
-93.61587731649783,30.715096032240396,75120500150621,210.6693479165206,75120500151,11.100000381469727,120.0,193025.91007973632,Sabine River
-93.61626446757933,30.716853752237345,75120500150631,190.50021198519025,75120500151,11.100000381469727,139.5,193216.41029172152,Sabine River
-93.61677695842621,30.718610875085194,75120500150641,212.45231135447494,75120500151,11.100000381469727,121.0,193428.862603076,Sabine River
-93.61669416229611,30.72037082457517,75120500150651,186.47090005025962,75120500151,11.100000381469727,123.0,193615.33350312625,Sabine River
-93.61595252131984,30.721998551046937,75120500150661,193.17589668512096,75120500151,11.350000381469727,129.5,193808.5093998114,Sabine River
-93.61567654986672,30.72375968838803,75120500150671,214.16983004818925,75120500151,12.800000190734863,121.0,194022.67922985958,Sabine River
-93.61644403700122,30.725379977616928,75120500150681,178.42530603283717,75120500151,13.300000190734863,108.0,194201.1045358924,Sabine River
-93.61733172563312,30.726999962786994,75120500150691,221.46909176535894,75120500151,13.300000190734863,77.0,194422.57362765778,Sabine River
-93.61740560820711,30.728759165147643,75120500150701,192.49476840048644,75120500151,13.600000381469727,71.0,194615.06839605825,Sabine River
-93.61581304982124,30.729578833377914,75120500150711,189.74095280612858,75120500151,13.600000381469727,127.0,194804.8093488644,Sabine River
-93.61392883741047,30.728992217343595,75120500150721,209.03043356947234,75120500151,13.600000381469727,102.0,195013.83978243385,Sabine River
-93.61204362311096,30.72819049516996,75120500150731,187.5941989114007,75120500151,13.600000381469727,78.5,195201.43398134527,Sabine River
-93.61016508953179,30.72844149394443,75120500150741,183.64279174489457,75120500151,13.600000381469727,67.0,195385.07677309014,Sabine River
-93.60879538606187,30.729882639664048,75120500150751,219.74328878225336,75120500151,13.600000381469727,121.5,195604.8200618724,Sabine River
-93.60902494401523,30.731505766744363,75120500150761,203.084871313301,75120500151,13.600000381469727,150.0,195807.9049331857,Sabine River
-93.61031993638981,30.73312388697297,75120500150771,216.85796176839497,75120500151,13.600000381469727,133.5,196024.7628949541,Sabine River
-93.61117540573498,30.73460871394085,75120500150781,162.570963833494,75120500151,13.600000381469727,147.0,196187.3338587876,Sabine River
-93.61224940513826,30.735957153698678,75120500150791,204.18975279795876,75120500151,13.600000381469727,105.0,196391.52361158555,Sabine River
-93.61398083356755,30.737194195068213,75120500150801,208.81062709605618,75120500151,13.600000381469727,113.0,196600.3342386816,Sabine River
-93.61602017254147,30.737563510982557,75120500150811,223.78097763693052,75120500151,13.649999618530273,123.0,196824.11521631855,Sabine River
-93.61771930321748,30.738638234826464,75120500150821,176.33536179436265,75120500151,13.699999809265137,105.0,197000.4505781129,Sabine River
-93.61854446192942,30.74025850481736,75120500150831,218.5629131363907,75120500151,13.699999809265137,94.0,197219.0134912493,Sabine River
-93.61817877228525,30.741884447522825,75120500150841,174.7906816047367,75120500151,13.699999809265137,138.0,197393.80417285403,Sabine River
-93.61665144381055,30.743191074328404,75120500150851,197.8385308568939,75120500151,13.699999809265137,150.0,197591.6427037109,Sabine River
-93.61480792712531,30.744066062457104,75120500150861,228.1741702513727,75120500151,13.699999809265137,80.0,197819.8168739623,Sabine River
-93.61277376668565,30.744535874635456,75120500150871,184.75354136709603,75120500151,13.699999809265137,86.0,198004.5704153294,Sabine River
-93.61073753664023,30.744680824933596,75120500150881,212.45252110637293,75120500151,13.699999809265137,94.0,198217.02293643577,Sabine River
-93.60886055311701,30.74523104620356,75120500150891,176.50840357337657,75120500151,13.699999809265137,96.0,198393.53134000913,Sabine River
-93.60793361387397,30.746805762464593,75120500150901,219.75189179144886,75120500151,13.699999809265137,63.0,198613.2832318006,Sabine River
-93.60844187130748,30.74842727038259,75120500150911,174.0323365358567,75120500151,13.699999809265137,101.0,198787.31556833646,Sabine River
-93.60982940441059,30.74977425560515,75120500150921,204.18982578968584,75120500151,13.699999809265137,127.0,198991.50539412614,Sabine River
-93.6112178311967,30.75125657098735,75120500150931,218.37510643669947,75120500151,13.699999809265137,87.0,199209.88050056284,Sabine River
-93.61176262237679,30.75287806191067,75120500150941,184.15921701437526,75120500151,13.699999809265137,80.0,199394.0397175772,Sabine River
-93.61139454993064,30.754422924831562,75120500150951,189.72391644708728,75120500151,13.699999809265137,171.0,199583.7636340243,Sabine River
-93.60971106986828,30.755865555829725,75120500150961,250.64052313516862,75120500151,13.699999809265137,169.0,199834.40415715947,Sabine River
-93.6081524049149,30.757226370197813,75120500160011,123.31574079182968,75120500161,13.699999809265137,212.0,199957.7198979513,Sabine River
-93.6064368049997,30.75856082982002,75120500160021,230.16138604701155,75120500161,13.699999809265137,150.0,200187.88128399831,Sabine River
-93.60456020469644,30.75921926827969,75120500160031,223.78132562204974,75120500161,13.699999809265137,108.0,200411.66260962037,Sabine River
-93.60252736030037,30.75995961536423,75120500160041,194.13447430500426,75120500161,13.699999809265137,152.5,200605.79708392537,Sabine River
-93.60105819031376,30.760616110294244,75120500160051,152.72161959337402,75120500161,13.699999809265137,174.0,200758.51870351873,Sabine River
-93.59940529037229,30.76197725692692,75120500160061,239.26353314586362,75120500161,13.699999809265137,140.0,200997.7822366646,Sabine River
-93.59737134470713,30.762555109214016,75120500160071,218.79403986129972,75120500161,13.699999809265137,123.0,201216.5762765259,Sabine River
-93.59533604118937,30.76291637607369,75120500160081,190.86464822828407,75120500161,13.699999809265137,94.0,201407.4409247542,Sabine River
-93.59345961078554,30.76362879399758,75120500160091,194.89400697356518,75120500161,13.699999809265137,160.5,201602.33493172776,Sabine River
-93.59199280772664,30.764691225686658,75120500160101,164.77679928404896,75120500161,13.699999809265137,150.0,201767.1117310118,Sabine River
-93.59106184448083,30.76623845940679,75120500160111,221.68586734306407,75120500161,13.699999809265137,139.0,201988.79759835487,Sabine River
-93.59100990262134,30.7679982434792,75120500160121,217.07671274032904,75120500161,13.699999809265137,137.0,202205.8743110952,Sabine River
-93.59186705261234,30.769753881512063,75120500160131,204.63858884041224,75120500161,13.699999809265137,108.0,202410.5128999356,Sabine River
-93.59291149572606,30.771373307394207,75120500160141,195.25787422805996,75120500161,13.699999809265137,97.5,202605.77077416366,Sabine River
-93.59263997604299,30.77310702416106,75120500160151,209.29271765809958,75120500161,13.699999809265137,153.0,202815.06349182175,Sabine River
-93.591927398068,30.774761536755747,75120500160161,176.12828686642942,75120500161,14.699999809265137,189.0,202991.1917786882,Sabine River
-93.59071402594014,30.776012293527714,75120500160171,179.15166544221833,75120500161,14.699999809265137,148.0,203170.3434441304,Sabine River
-93.58899735782822,30.777265318574923,75120500160181,220.923990426971,75120500161,14.699999809265137,150.0,203391.26743455738,Sabine River
-93.58711599939639,30.77721971034219,75120500160191,213.0475353882628,75120500161,14.699999809265137,112.0,203604.31496994564,Sabine River
-93.58507805364826,30.777201851224913,75120500160201,184.15990572023333,75120500161,14.699999809265137,97.5,203788.47487566588,Sabine River
-93.58332830580932,30.778184251675665,75120500160211,214.18306326171486,75120500161,14.699999809265137,108.0,204002.6579389276,Sabine River
-93.58311783067369,30.779674044440526,75120500160221,173.81311322507784,75120500161,14.699999809265137,147.0,204176.4710521527,Sabine River
-93.58456817513688,30.781021010215188,75120500160231,221.2337835702956,75120500161,14.699999809265137,150.0,204397.70483572298,Sabine River
-93.58633208164687,30.78236654162098,75120500160241,205.33041670093382,75120500161,14.699999809265137,148.0,204603.0352524239,Sabine River
-93.58765710099065,30.783714038250167,75120500160251,189.87850845867544,75120500161,14.699999809265137,108.0,204792.91376088257,Sabine River
-93.58857539253302,30.785198717141874,75120500160261,195.85232105964135,75120500161,14.699999809265137,67.0,204988.76608194222,Sabine River
-93.5886166373939,30.786822723143214,75120500160271,188.63118132512383,75120500161,14.800000190734863,88.0,205177.39726326734,Sabine River
-93.58686658961784,30.787778102480537,75120500160281,219.15821535715372,75120500161,14.90000057220459,123.0,205396.5554786245,Sabine River
-93.58467214297009,30.787894880902257,75120500160291,212.45327423246277,75120500161,14.90000057220459,106.0,205609.00875285696,Sabine River
-93.58279417104178,30.78839201008712,75120500160301,179.18471782693038,75120500161,14.90000057220459,127.0,205788.19347068388,Sabine River
-93.58161134883764,30.789832025854988,75120500160311,205.39745279500153,75120500161,14.90000057220459,112.5,205993.59092347889,Sabine River
-93.58086860196758,30.791459829936073,75120500160321,193.54069077547368,75120500161,14.90000057220459,122.0,206187.13161425438,Sabine River
-93.58144276835475,30.79308116774679,75120500160331,196.61180106423234,75120500161,14.90000057220459,155.0,206383.7434153186,Sabine River
-93.58251865336622,30.794700529844558,75120500160341,210.74881605951313,75120500161,14.90000057220459,108.0,206594.4922313781,Sabine River
-93.58315639771044,30.796457203485957,75120500160351,212.98212296977135,75120500161,14.90000057220459,120.0,206807.47435434788,Sabine River
-93.58319837697411,30.798216555046004,75120500160361,181.8481079462871,75120500161,14.90000057220459,120.0,206989.32246229416,Sabine River
-93.58361338174092,30.799973929997012,75120500160371,218.2000935936129,75120500161,14.90000057220459,92.0,207207.5225558878,Sabine River
-93.58321962463026,30.801735538868954,75120500160381,189.14745177388872,75120500161,14.90000057220459,73.5,207396.67000766168,Sabine River
-93.58178365759409,30.80282478549612,75120500160391,189.82003136688346,75120500161,14.90000057220459,109.5,207586.49003902855,Sabine River
-93.57990066523394,30.80258959526579,75120500160401,199.65141265663704,75120500161,14.90000057220459,144.5,207786.1414516852,Sabine River
-93.57801395541188,30.80173178773629,75120500160411,197.57010128299936,75120500161,14.90000057220459,124.5,207983.7115529682,Sabine River
-93.57597339320732,30.80136189356517,75120500160421,213.04785029065332,75120500161,14.90000057220459,94.0,208196.75940325885,Sabine River
-93.5739362240783,30.80156041891149,75120500160431,184.75450935978537,75120500161,14.90000057220459,92.0,208381.51391261863,Sabine River
-93.57205840400192,30.802191326950712,75120500160441,195.85275882704934,75120500161,14.90000057220459,84.0,208577.3666714457,Sabine River
-93.5700226463505,30.802633413671725,75120500160451,217.07733795600245,75120500161,14.90000057220459,92.0,208794.4440094017,Sabine River
-93.56798750617686,30.80318374509409,75120500160461,199.2878543122347,75120500161,14.90000057220459,65.5,208993.7318637139,Sabine River
-93.56626783918759,30.8040575053488,75120500160471,178.42651692266838,75120500161,14.90000057220459,84.0,209172.1583806366,Sabine River
-93.56454924833537,30.805120727082866,75120500160481,220.29357801238774,75120500161,14.90000057220459,84.0,209392.45195864898,Sabine River
-93.56283030418011,30.806129788151498,75120500160491,185.2951645528269,75120500161,14.90000057220459,84.0,209577.7471232018,Sabine River
-93.56145770398393,30.80738095526214,75120500160501,192.16376212364273,75120500161,14.90000057220459,127.0,209769.91088532546,Sabine River
-93.5601492031362,30.808875459547238,75120500160511,208.83159767727366,75120500161,14.90000057220459,106.5,209978.74248300272,Sabine River
-93.5605349631837,30.810497982772404,75120500160521,209.0319168651651,75120500161,14.90000057220459,108.0,210187.7743998679,Sabine River
-93.56142174035814,30.811982985692353,75120500160531,173.8338124590782,75120500161,14.90000057220459,138.0,210361.60821232697,Sabine River
-93.5629985178523,30.813464985977745,75120500160541,239.18956196241118,75120500161,14.90000057220459,127.0,210600.79777428939,Sabine River
-93.56391751421748,30.81508517975267,75120500160551,185.87789562428773,75120500161,14.90000057220459,121.0,210786.67566991367,Sabine River
-93.56361336816933,30.816710692174276,75120500160561,190.86542782063594,75120500161,14.90000057220459,144.5,210977.5410977343,Sabine River
-93.56296326144755,30.81817528816994,75120500160571,214.22342807562117,75120500161,14.90000057220459,171.0,211191.7645258099,Sabine River
-93.56102609386812,30.819455971281517,75120500160581,189.30432990123145,75120500161,14.90000057220459,159.0,211381.06885571114,Sabine River
-93.55930623154899,30.820356710241967,75120500160591,207.31516984239866,75120500161,14.950000286102295,105.0,211588.38402555356,Sabine River
-93.5575860243679,30.821203288548713,75120500160601,178.42671527965393,75120500161,15.300000190734863,105.0,211766.8107408332,Sabine River
-93.55586641016174,30.82215812065679,75120500160611,208.94599034779074,75120500161,15.300000190734863,117.0,211975.756731181,Sabine River
-93.5543059219713,30.82351829669278,75120500160621,219.24888998684693,75120500161,15.300000190734863,99.0,212195.00562116783,Sabine River
-93.55387612486047,30.82514432315732,75120500160631,198.60638838612098,75120500161,15.300000190734863,108.0,212393.61200955397,Sabine River
-93.55535765948659,30.82641026156105,75120500160641,183.20540993023855,75120500161,15.75,84.0,212576.8174194842,Sabine River
-93.55655786680354,30.82783981001385,75120500160651,203.08629190802876,75120500161,16.200000762939453,170.5,212779.90371139222,Sabine River
-93.55637887402281,30.82943769601674,75120500160661,188.28303266456632,75120500161,16.200000762939453,159.0,212968.1867440568,Sabine River
-93.55506922110413,30.83079680281751,75120500160671,191.68828366351576,75120500161,16.200000762939453,108.0,213159.87502772032,Sabine River
-93.55357147649838,30.8321837704192,75120500160681,225.061592483374,75120500161,16.200000762939453,105.0,213384.9366202037,Sabine River
-93.55295108879002,30.833945942045638,75120500160691,213.57728788978457,75120500161,16.200000762939453,121.0,213598.51390809348,Sabine River
-93.5531517207729,30.8355692846223,75120500160701,169.04607344766762,75120500161,16.200000762939453,115.0,213767.55998154116,Sabine River
-93.55453976534011,30.836916837616286,75120500160711,212.20957452102888,75120500161,16.200000762939453,127.0,213979.76955606218,Sabine River
-93.55611607163182,30.83826356700799,75120500160721,212.20953289563735,75120500161,16.200000762939453,169.0,214191.9790889578,Sabine River
-93.55753478515172,30.839475606263875,75120500160731,169.76759626222963,75120500161,16.200000762939453,169.0,214361.74668522005,Sabine River
-93.55911101809478,30.840795228611988,75120500160741,236.51399026603352,75120500161,16.200000762939453,117.5,214598.26067548606,Sabine River
-93.56099707406548,30.84143674660615,75120500160751,184.75482757254127,75120500161,16.200000762939453,65.0,214783.01550305862,Sabine River
-93.56303780058812,30.84169722454661,75120500160761,213.04821843458126,75120500161,16.200000762939453,67.0,214996.0637214932,Sabine River
-93.56507869634353,30.841987467291382,75120500160771,183.6315686304484,75120500161,16.200000762939453,67.0,215179.69529012364,Sabine River
-93.5669641776657,30.84252062146178,75120500160781,209.79035225043538,75120500161,16.200000762939453,84.0,215389.4856423741,Sabine River
-93.56816523812473,30.84403084843457,75120500160791,201.36849689991513,75120500161,16.200000762939453,111.0,215590.854139274,Sabine River
-93.56742186092583,30.845658701815537,75120500160801,197.78161664263425,75120500161,16.200000762939453,155.0,215788.63575591662,Sabine River
-93.56573217556604,30.846424045084227,75120500160811,193.17722898611464,75120500161,16.200000762939453,124.0,215981.81298490273,Sabine River
-93.5638540648078,30.84716311731528,75120500160821,194.8947714987068,75120500161,16.200000762939453,99.5,216176.70775640145,Sabine River
-93.56225749781956,30.84776559204624,75120500160831,191.03680110771515,75120500161,16.200000762939453,138.0,216367.74455750917,Sabine River
-93.56050892060944,30.849207865465004,75120500160841,219.2487238783595,75120500161,16.299999237060547,143.0,216586.99328138752,Sabine River
-93.55932534638137,30.850701815738507,75120500160851,192.73865810478196,75120500161,17.30000114440918,108.0,216779.7319394923,Sabine River
-93.55795348540062,30.852196566473715,75120500160861,210.54916147020913,75120500161,17.30000114440918,84.0,216990.28110096251,Sabine River
-93.5578060096818,30.85382138258574,75120500160871,188.55374148058038,75120500161,17.30000114440918,146.5,217178.8348424431,Sabine River
-93.55903829065673,30.855304900285336,75120500160881,200.75692111963173,75120500161,17.30000114440918,117.0,217379.59176356273,Sabine River
-93.56011372746694,30.85678908416464,75120500160891,204.63944733197755,75120500161,17.30000114440918,129.0,217584.2312108947,Sabine River
-93.56122136277891,30.858408467201286,75120500160901,205.3980084835918,75120500161,17.30000114440918,143.0,217789.6292193783,Sabine River
-93.56163715206759,30.860030700096026,75120500160911,183.0372914296135,75120500161,17.30000114440918,107.5,217972.6665108079,Sabine River
-93.56124028166556,30.861656742310682,75120500160921,200.24551195013692,75120500161,17.30000114440918,80.0,218172.91202275804,Sabine River
-93.56018287020504,30.86328549984068,75120500160931,200.24624603881549,75120500161,17.30000114440918,67.0,218373.15826879686,Sabine River
-93.55934507711498,30.8649132998962,75120500160941,194.89486862705806,75120500161,17.30000114440918,67.0,218568.0531374239,Sabine River
-93.55860218002005,30.866676033047987,75120500160951,222.82447058688803,75120500161,17.30000114440918,80.0,218790.8776080108,Sabine River
-93.55817070623733,30.86857302440649,75120500160961,218.2008189386597,75120500161,17.30000114440918,94.0,219009.07842694948,Sabine River
-93.70186123098846,30.167148429105726,75120500170011,159.89302480718968,75120500171,0.600000023841858,42.0,79044.47538582238,Sabine River
-93.70237218610623,30.16890538309976,75120500170021,214.1669252200075,75120500171,1.0,80.0,79258.6423110424,Sabine River
-93.70254044338267,30.17066400309311,75120500170031,183.5622881545902,75120500171,1.5,72.5,79442.204599197,Sabine River
-93.7019599894894,30.172291603563245,75120500170041,205.3937261752174,75120500171,1.5,54.0,79647.59832537221,Sabine River
-93.70066194648129,30.17378750835267,75120500170051,200.17789706138794,75120500171,1.5,42.0,79847.77622243359,Sabine River
-93.70011221910785,30.175355966555745,75120500170061,215.39185174969913,75120500171,1.5,48.0,80063.1680741833,Sabine River
-93.70197514735649,30.174430218768737,75120500170071,205.18807416614186,75120500171,1.524999976158142,42.0,80268.35614834943,Sabine River
-93.70362263421495,30.173934092383096,75120500170081,191.98464232124553,75120500171,1.549999952316284,55.5,80460.34079067069,Sabine River
-93.70525070478362,30.174981164831934,75120500170091,205.97938073878296,75120500171,1.600000023841858,36.0,80666.32017140946,Sabine River
-93.70604121957217,30.176601237785903,75120500170101,192.21499694674162,75120500171,1.600000023841858,51.0,80858.5351683562,Sabine River
-93.70617839943853,30.17836018436758,75120500170111,218.1960409340308,75120500171,1.600000023841858,48.0,81076.73120929023,Sabine River
-93.70584762094093,30.179957710232365,75120500170121,175.0600258857745,75120500171,1.600000023841858,54.0,81251.791235176,Sabine River
-93.70724397392532,30.179220749923996,75120500170131,207.9398035963415,75120500171,1.600000023841858,36.0,81459.73103877236,Sabine River
-93.70942508325223,30.179208972361007,75120500170141,221.90798061374596,75120500171,1.600000023841858,42.0,81681.6390193861,Sabine River
-93.71046167233303,30.180638001810166,75120500170151,192.57871761082143,75120500171,1.600000023841858,48.0,81874.21773699691,Sabine River
-93.70997671589802,30.18226512975152,75120500170161,183.6275706230577,75120500171,1.600000023841858,48.0,82057.84530761998,Sabine River
-93.7097673317485,30.184025924674174,75120500170171,211.8548914577767,75120500171,1.600000023841858,30.0,82269.70019907775,Sabine River
-93.70919352070462,30.185789078258697,75120500170181,189.77434472170543,75120500171,1.600000023841858,36.0,82459.47454379946,Sabine River
-93.71041190175202,30.18645893906586,75120500170191,217.07279658536964,75120500171,1.600000023841858,45.0,82676.54734038483,Sabine River
-93.71225526835232,30.187125742144858,75120500170201,205.30663591106105,75120500171,1.600000023841858,45.0,82881.85397629588,Sabine River
-93.71260973455946,30.18874813764358,75120500170211,180.65589150091992,75120500171,1.600000023841858,60.0,83062.5098677968,Sabine River
-93.71249775466998,30.190508426565668,75120500170221,212.4491186433258,75120500171,1.600000023841858,42.0,83274.95898644014,Sabine River
-93.71251042269822,30.192268037792076,75120500170231,189.22193230189794,75120500171,1.600000023841858,63.0,83464.18091874203,Sabine River
-93.7142000503947,30.193202970998925,75120500170241,217.9653446281527,75120500171,1.600000023841858,45.0,83682.14626337019,Sabine River
-93.7163798968681,30.19308311956048,75120500170251,209.2807663016567,75120500171,1.600000023841858,36.0,83891.42702967185,Sabine River
-93.71741671383714,30.194136158008018,75120500170261,181.84439369340504,75120500171,1.600000023841858,33.0,84073.27142336525,Sabine River
-93.71686754031995,30.19576365008112,75120500170271,209.78562153409146,75120500171,1.600000023841858,39.0,84283.05704489934,Sabine River
-93.71531913215165,30.197125704091313,75120500170281,188.11240904800798,75120500171,1.600000023841858,42.0,84471.16945394735,Sabine River
-93.71579619288671,30.19844962725895,75120500170291,207.41145977941375,75120500171,1.600000023841858,42.0,84678.58091372676,Sabine River
-93.71739560359205,30.19982155637534,75120500170301,220.64356120198931,75120500171,1.600000023841858,45.0,84899.22447492875,Sabine River
-93.71725057212497,30.20131130705329,75120500170311,171.35374796325556,75120500171,1.600000023841858,63.0,85070.57822289201,Sabine River
-93.71582596474798,30.20245951975178,75120500170321,220.07878466155654,75120500171,1.600000023841858,42.0,85290.65700755356,Sabine River
-93.71432960521989,30.202952571411632,75120500170331,204.34617047764027,75120500171,1.600000023841858,63.0,85495.0031780312,Sabine River
-93.71456360654157,30.204709801267718,75120500170341,182.43879866156868,75120500171,1.600000023841858,46.5,85677.44197669277,Sabine River
-93.71417114434483,30.20647178547397,75120500170351,215.94948409233334,75120500171,1.600000023841858,54.0,85893.3914607851,Sabine River
-93.71406015620134,30.208367425194123,75120500170361,197.68897424869436,75120500171,1.600000023841858,45.0,86091.0804350338,Sabine River
-93.71561756861884,30.208223573683323,75120500170371,214.8505863844564,75120500171,1.600000023841858,43.5,86305.93102141826,Sabine River
-93.71716437662695,30.2066178780264,75120500170381,192.63379421053733,75120500171,1.600000023841858,43.5,86498.5648156288,Sabine River
-93.71866512621281,30.20725938628763,75120500170391,192.7341021899572,75120500171,1.600000023841858,63.0,86691.29891781876,Sabine River
-93.72029470603019,30.208468679395203,75120500170401,216.56787546359396,75120500171,1.600000023841858,55.5,86907.86679328234,Sabine River
-93.72058705076162,30.210091387181166,75120500170411,196.8847395412329,75120500171,1.600000023841858,42.0,87104.75153282357,Sabine River
-93.71884654255274,30.21077774000906,75120500170421,183.56184260279517,75120500171,1.600000023841858,49.5,87288.31337542637,Sabine River
-93.71716834714603,30.21146372915824,75120500170431,196.88485018853703,75120500171,1.600000023841858,43.5,87485.1982256149,Sabine River
-93.71730480471892,30.213087296632402,75120500170441,216.63453243758707,75120500171,1.600000023841858,42.0,87701.8327580525,Sabine River
-93.71902758078882,30.214241949961743,75120500170451,188.72506488967247,75120500171,1.600000023841858,84.0,87890.55782294217,Sabine River
-93.7201589554975,30.21550743281713,75120500170461,201.52815203835775,75120500171,1.600000023841858,61.5,88092.08597498052,Sabine River
-93.71936035157756,30.217136815616506,75120500170471,195.84839699518045,75120500171,1.600000023841858,30.0,88287.93437197572,Sabine River
-93.71874874848237,30.21876448312763,75120500170481,199.2833358971455,75120500171,1.600000023841858,42.0,88487.21770787286,Sabine River
-93.71732744958372,30.220504868847428,75120500170491,230.3210761220783,75120500171,1.600000023841858,36.0,88717.53878399494,Sabine River
-93.71564516011307,30.220649424346544,75120500170501,166.96072098942207,75120500171,1.600000023841858,36.0,88884.49950498436,Sabine River
-93.71407699281062,30.21933145497592,75120500170511,225.6420206865483,75120500171,1.600000023841858,42.0,89110.1415256709,Sabine River
-93.71238886497427,30.21866384362724,75120500170521,185.38117323734429,75120500171,1.600000023841858,61.5,89295.52269890824,Sabine River
-93.71189987452333,30.220290803130894,75120500170531,211.2605060160782,75120500171,1.600000023841858,30.0,89506.78320492433,Sabine River
-93.7112598806668,30.222053960603958,75120500170541,199.64743569557388,75120500171,1.600000023841858,45.0,89706.4306406199,Sabine River
-93.71176799255426,30.22335065222773,75120500170551,190.74411033076416,75120500171,1.600000023841858,42.0,89897.17475095067,Sabine River
-93.71302505074524,30.224751047824984,75120500170561,198.68849624177292,75120500171,1.600000023841858,42.0,90095.86324719244,Sabine River
-93.71231977732191,30.226379703443243,75120500170571,217.6130944785612,75120500171,1.600000023841858,48.0,90313.476341671,Sabine River
-93.71039538513102,30.227554238991445,75120500170581,217.16104578182455,75120500171,1.600000023841858,42.0,90530.63738745282,Sabine River
-93.7104020015664,30.22847464630215,75120500170591,195.77713246210527,75120500171,1.600000023841858,42.0,90726.41451991492,Sabine River
-93.71252653179369,30.22911283673391,75120500170601,197.36563249725893,75120500171,1.600000023841858,36.0,90923.78015241219,Sabine River
-93.71203827480872,30.23057737021102,75120500170611,181.85684567914083,75120500171,1.650000095367432,30.0,91105.63699809133,Sabine River
-93.71117706889781,30.23220635730664,75120500170621,222.81943695384723,75120500171,1.700000047683716,30.0,91328.45643504517,Sabine River
-93.70997173283935,30.23364938977003,75120500170631,192.94262319211617,75120500171,1.700000047683716,42.0,91521.3990582373,Sabine River
-93.70794452599117,30.23358082031842,75120500170641,211.26068395430553,75120500171,1.700000047683716,36.0,91732.6597421916,Sabine River
-93.70576221678273,30.233589225190162,75120500170651,207.4981638861357,75120500171,1.700000047683716,30.0,91940.15790607773,Sabine River
-93.70480252427353,30.23454190524819,75120500170661,185.80951733572195,75120500171,1.700000047683716,65.0,92125.96742341346,Sabine River
-93.70609100078401,30.235912273040327,75120500170671,213.14415887149866,75120500171,1.700000047683716,51.0,92339.11158228495,Sabine River
-93.70802550197001,30.236175911969877,75120500170681,196.29084291229384,75120500171,1.700000047683716,39.0,92535.40242519724,Sabine River
-93.7090365612037,30.23776735563134,75120500170691,196.97187756480946,75120500171,1.700000047683716,33.0,92732.37430276205,Sabine River
-93.70814057173868,30.23918026272385,75120500170701,201.27825663811348,75120500171,1.700000047683716,42.0,92933.65255940017,Sabine River
-93.70626817336132,30.238946722684567,75120500170711,206.3517995733617,75120500171,1.700000047683716,39.0,93140.00435897353,Sabine River
-93.70439153605184,30.23814634402013,75120500170721,190.8614827516757,75120500171,1.700000047683716,42.0,93330.8658417252,Sabine River
-93.70287116792537,30.238883952008617,75120500170731,190.18041983029588,75120500171,1.700000047683716,39.0,93521.0462615555,Sabine River
-93.70331729234792,30.240505690305184,75120500170741,199.28384208078938,75120500171,1.700000047683716,42.0,93720.3301036363,Sabine River
-93.70451364371544,30.24212357200481,75120500170751,219.24407647234676,75120500171,1.700000047683716,42.0,93939.57418010864,Sabine River
-93.7061436378172,30.243333028376796,75120500170761,192.1596781303492,75120500171,1.700000047683716,36.0,94131.733858239,Sabine River
-93.70786604571066,30.244379533578396,75120500170771,204.03997784551171,75120500171,1.700000047683716,48.0,94335.7738360845,Sabine River
-93.70983286705618,30.244720825146945,75120500170781,213.57239759734813,75120500171,1.700000047683716,30.0,94549.34623368185,Sabine River
-93.70971962802892,30.24631867413468,75120500170791,185.87388943260854,75120500171,1.700000047683716,36.0,94735.22012311446,Sabine River
-93.70788021088714,30.24635569806145,75120500170801,198.6886893148926,75120500171,1.700000047683716,36.0,94933.90881242935,Sabine River
-93.70626059957658,30.24620219264622,75120500170811,217.5248530715548,75120500171,1.700000047683716,45.0,95151.43366550091,Sabine River
-93.70695528010293,30.247822569330154,75120500170821,185.87398191895224,75120500171,1.700000047683716,42.0,95337.30764741986,Sabine River
-93.7081769429533,30.248762465472456,75120500170831,220.82944901287837,75120500171,1.700000047683716,45.0,95558.13709643274,Sabine River
-93.70724947569187,30.24996014782547,75120500170841,180.8356066682263,75120500171,1.700000047683716,36.0,95738.97270310097,Sabine River
-93.70801101853834,30.251579169505355,75120500170851,196.04850880790926,75120500171,1.700000047683716,48.0,95935.02121190887,Sabine River
-93.7067718970793,30.252696478931703,75120500170861,203.95393769060342,75120500171,1.700000047683716,36.0,96138.97514959947,Sabine River
-93.70544094135492,30.254084313796103,75120500170871,196.88524539428704,75120500171,1.700000047683716,42.0,96335.86039499375,Sabine River
-93.70357424581621,30.25468993287176,75120500170881,200.24203900608447,75120500171,1.700000047683716,42.0,96536.10243399984,Sabine River
-93.70170983607836,30.25562037453672,75120500170891,214.1792727003581,75120500171,1.600000023841858,42.0,96750.2817067002,Sabine River
-93.69984654248753,30.256630335765784,75120500170901,205.39312469612165,75120500171,1.600000023841858,45.0,96955.67483139632,Sabine River
-93.69812514834646,30.255829032482506,75120500170911,204.18704273156226,75120500171,1.600000023841858,42.0,97159.86187412788,Sabine River
-93.69655721479754,30.254592077981506,75120500170921,186.62492886947717,75120500171,1.600000023841858,42.0,97346.48680299736,Sabine River
-93.69493610301251,30.254654832397804,75120500170931,191.89813931892084,75120500171,1.600000023841858,36.0,97538.38494231628,Sabine River
-93.69451173631522,30.256389677933,75120500170941,217.66764548308905,75120500171,1.600000023841858,42.0,97756.05258779938,Sabine River
-93.69524134184073,30.258145473048764,75120500170951,188.78041826264743,75120500171,1.600000023841858,39.0,97944.83300606202,Sabine River
-93.6955948551578,30.259902919990562,75120500170961,207.06980371372794,75120500171,1.600000023841858,42.0,98151.90280977574,Sabine River
-93.69460839349416,30.26126208532873,75120500170971,235.9747452425981,75120500171,1.600000023841858,52.10877227783203,98387.87755501835,Sabine River
